﻿<?xml version="1.0" encoding="utf-8"?>
<AF xmlns:xsi="http://www.w3.org/2001/XMLSchema-instance" xsi:noNamespaceSchemaLocation="OSIsoft.AF.xsd" SchemaVersion="2.0" SoftwareVersion="2.10.9.593" ExportMode="AllReferences, NoUniqueID, DefaultValues, Security, SimplifiedConfigStrings" PISystem="ACCPICOLL_AF" Database="Functional Calculations AST SUKEP" Description="ONLY for AST Project, Contact: Ishan Khare, Animesh Parikshya Or Rishabh Sharma || End Date: Dec 2022" Created="2022-11-21T05:03:36.376647Z" id="cd75538e-e5d2-445c-876b-0e981a9d9b74" ParentKey="cd75538e-e5d2-445c-aee0-494ed8233e64" ExportedObject="Parent-Child" ExportedType="AFReferenceType" Identity="ReferenceType" PIPersist="214 {9895150E-085D-4fcb-A16D-5EF5D2527196} 2\{16f50517-ae34-45bb-943a-c4a466a280a1}\ReferenceTypes[{cd75538e-e5d2-445c-876b-0e981a9d9b74}]*ACCPICOLL_AF\Functional Calculations AST SUKEP\ReferenceTypes[Parent-Child]">
  <AFSecurityIdentity>
    <Name>World</Name>
    <Description>World security access</Description>
    <IsEnabled>true</IsEnabled>
  </AFSecurityIdentity>
  <AFReferenceType>
    <Name>Parent-Child</Name>
    <ChildName>Child</ChildName>
    <ParentName>Parent</ParentName>
    <Strength>Strong</Strength>
    <AllowedParentElementTemplate />
    <AllowedChildElementTemplate />
    <SecurityAccessControl>World:A(r)</SecurityAccessControl>
  </AFReferenceType>
</AF>