﻿<?xml version="1.0" encoding="utf-8"?>
<AF xmlns:xsi="http://www.w3.org/2001/XMLSchema-instance" xsi:noNamespaceSchemaLocation="OSIsoft.AF.xsd" SchemaVersion="2.0" SoftwareVersion="2.10.9.593" ExportMode="AllReferences, NoUniqueID, DefaultValues, Security, SimplifiedConfigStrings" PISystem="ACCPICOLL_AF" Database="Functional Calculations AST SUKEP" Description="ONLY for AST Project, Contact: Ishan Khare, Animesh Parikshya Or Rishabh Sharma || End Date: Dec 2022" Created="2022-11-21T06:59:33.9531803Z" id="f58f24bd-8ba5-4eda-94dc-80889f2a15db" ParentKey="cd75538e-e5d2-445c-aee0-494ed8233e64" ExportedObject="CountryDomainList" ExportedType="AFEnumerationSet" Identity="EnumerationSet" PIPersist="221 {9895150E-085D-4fcb-A16D-5EF5D2527196} 2\{16f50517-ae34-45bb-943a-c4a466a280a1}\EnumerationSets[{f58f24bd-8ba5-4eda-94dc-80889f2a15db}]*ACCPICOLL_AF\Functional Calculations AST SUKEP\EnumerationSets[CountryDomainList]">
  <AFSecurityIdentity>
    <Name>Administrators</Name>
    <Description>Administrator security access</Description>
    <IsEnabled>true</IsEnabled>
  </AFSecurityIdentity>
  <AFSecurityIdentity>
    <Name>Asset Analytics</Name>
    <Description>PI Analysis Service security access</Description>
    <IsEnabled>true</IsEnabled>
  </AFSecurityIdentity>
  <AFSecurityIdentity>
    <Name>RTQP Engine</Name>
    <Description>RTQP Engine security access</Description>
    <IsEnabled>true</IsEnabled>
  </AFSecurityIdentity>
  <AFSecurityIdentity>
    <Name>Asset Analytics Recalculation</Name>
    <Description>PI Analysis Service recalculation/backfilling security access</Description>
    <IsEnabled>true</IsEnabled>
  </AFSecurityIdentity>
  <AFSecurityIdentity>
    <Name>Notifications</Name>
    <Description>PI Notifications Service security access</Description>
    <IsEnabled>true</IsEnabled>
  </AFSecurityIdentity>
  <AFSecurityIdentity>
    <Name>PIAF_ReadBasic_EUACCPICOLLAF</Name>
    <Description>This identity will provide global read access to EUACCPICOLLAF</Description>
    <IsEnabled>true</IsEnabled>
  </AFSecurityIdentity>
  <AFSecurityIdentity>
    <Name>PIAF_Read_AST_SUKEP</Name>
    <Description>This identity will provide read</Description>
    <IsEnabled>true</IsEnabled>
  </AFSecurityIdentity>
  <AFSecurityIdentity>
    <Name>PIAF_ReadWrite_AST_SUKEP</Name>
    <Description>This identity will provide read and write access</Description>
    <IsEnabled>true</IsEnabled>
  </AFSecurityIdentity>
  <AFEnumerationSet>
    <Name>CountryDomainList</Name>
    <Description />
    <AFEnumerationValue>
      <Name>Argentina</Name>
      <Value>0</Value>
      <Description />
    </AFEnumerationValue>
    <AFEnumerationValue>
      <Name>Australia</Name>
      <Value>1</Value>
      <Description />
    </AFEnumerationValue>
    <AFEnumerationValue>
      <Name>Brazil</Name>
      <Value>2</Value>
      <Description />
    </AFEnumerationValue>
    <AFEnumerationValue>
      <Name>Brunei</Name>
      <Value>3</Value>
      <Description />
    </AFEnumerationValue>
    <AFEnumerationValue>
      <Name>Canada</Name>
      <Value>4</Value>
      <Description />
    </AFEnumerationValue>
    <AFEnumerationValue>
      <Name>China</Name>
      <Value>5</Value>
      <Description />
    </AFEnumerationValue>
    <AFEnumerationValue>
      <Name>Denmark</Name>
      <Value>6</Value>
      <Description />
    </AFEnumerationValue>
    <AFEnumerationValue>
      <Name>Egypt</Name>
      <Value>7</Value>
      <Description />
    </AFEnumerationValue>
    <AFEnumerationValue>
      <Name>Gabon</Name>
      <Value>8</Value>
      <Description />
    </AFEnumerationValue>
    <AFEnumerationValue>
      <Name>Germany</Name>
      <Value>9</Value>
      <Description />
    </AFEnumerationValue>
    <AFEnumerationValue>
      <Name>Greece</Name>
      <Value>10</Value>
      <Description />
    </AFEnumerationValue>
    <AFEnumerationValue>
      <Name>India</Name>
      <Value>11</Value>
      <Description />
    </AFEnumerationValue>
    <AFEnumerationValue>
      <Name>Iraq</Name>
      <Value>12</Value>
      <Description />
    </AFEnumerationValue>
    <AFEnumerationValue>
      <Name>Ireland</Name>
      <Value>13</Value>
      <Description />
    </AFEnumerationValue>
    <AFEnumerationValue>
      <Name>Italy</Name>
      <Value>14</Value>
      <Description />
    </AFEnumerationValue>
    <AFEnumerationValue>
      <Name>Kazakstan</Name>
      <Value>15</Value>
      <Description />
    </AFEnumerationValue>
    <AFEnumerationValue>
      <Name>Malaysia</Name>
      <Value>16</Value>
      <Description />
    </AFEnumerationValue>
    <AFEnumerationValue>
      <Name>Netherlands</Name>
      <Value>17</Value>
      <Description />
    </AFEnumerationValue>
    <AFEnumerationValue>
      <Name>New Zealand</Name>
      <Value>18</Value>
      <Description />
    </AFEnumerationValue>
    <AFEnumerationValue>
      <Name>Nigeria</Name>
      <Value>19</Value>
      <Description />
    </AFEnumerationValue>
    <AFEnumerationValue>
      <Name>Norway</Name>
      <Value>20</Value>
      <Description />
    </AFEnumerationValue>
    <AFEnumerationValue>
      <Name>Oman</Name>
      <Value>21</Value>
      <Description />
    </AFEnumerationValue>
    <AFEnumerationValue>
      <Name>Philippines</Name>
      <Value>22</Value>
      <Description />
    </AFEnumerationValue>
    <AFEnumerationValue>
      <Name>Qatar</Name>
      <Value>23</Value>
      <Description />
    </AFEnumerationValue>
    <AFEnumerationValue>
      <Name>Russia</Name>
      <Value>24</Value>
      <Description />
    </AFEnumerationValue>
    <AFEnumerationValue>
      <Name>Saudi Arabia</Name>
      <Value>25</Value>
      <Description />
    </AFEnumerationValue>
    <AFEnumerationValue>
      <Name>Syria</Name>
      <Value>26</Value>
      <Description />
    </AFEnumerationValue>
    <AFEnumerationValue>
      <Name>United Arab Emirates</Name>
      <Value>27</Value>
      <Description />
    </AFEnumerationValue>
    <AFEnumerationValue>
      <Name>United Kingdom</Name>
      <Value>28</Value>
      <Description />
    </AFEnumerationValue>
    <AFEnumerationValue>
      <Name>United States of America</Name>
      <Value>29</Value>
      <Description />
    </AFEnumerationValue>
    <AFEnumerationValue>
      <Name>Venezuela</Name>
      <Value>30</Value>
      <Description />
    </AFEnumerationValue>
    <SecurityAccessControl>Administrators:A(r,w,rd,wd,d,x,a,s,so,an)|Asset Analytics:A(r,w,rd,wd,x,an)|RTQP Engine:A(r,rd)|Asset Analytics Recalculation:A(x)|Notifications:A(r,w,rd,wd,an)|PIAF_ReadBasic_EUACCPICOLLAF:A(r,rd,s,an)|PIAF_Read_AST_SUKEP:A(r,rd,s,an)|PIAF_ReadWrite_AST_SUKEP:A(r,w,rd,wd,d,x,s,so,an)</SecurityAccessControl>
  </AFEnumerationSet>
</AF>