﻿<?xml version="1.0" encoding="utf-8"?>
<AF xmlns:xsi="http://www.w3.org/2001/XMLSchema-instance" xsi:noNamespaceSchemaLocation="OSIsoft.AF.xsd" SchemaVersion="2.0" SoftwareVersion="2.10.9.593" ExportMode="AllReferences, NoUniqueID, DefaultValues, Security, SimplifiedConfigStrings" PISystem="ACCPICOLL_AF" Database="Functional Calculations AST SUKEP" Description="ONLY for AST Project, Contact: Ishan Khare, Animesh Parikshya Or Rishabh Sharma || End Date: Dec 2022" Created="2022-11-21T06:59:48.6346354Z" id="5cc916b2-5bc9-41f7-b494-72e72f7547cd" ParentKey="cd75538e-e5d2-445c-aee0-494ed8233e64" ExportedObject="FacilityLifecycleStateTypeDomainList" ExportedType="AFEnumerationSet" Identity="EnumerationSet" PIPersist="240 {9895150E-085D-4fcb-A16D-5EF5D2527196} 2\{16f50517-ae34-45bb-943a-c4a466a280a1}\EnumerationSets[{5cc916b2-5bc9-41f7-b494-72e72f7547cd}]*ACCPICOLL_AF\Functional Calculations AST SUKEP\EnumerationSets[FacilityLifecycleStateTypeDomainList]">
  <AFSecurityIdentity>
    <Name>Administrators</Name>
    <Description>Administrator security access</Description>
    <IsEnabled>true</IsEnabled>
  </AFSecurityIdentity>
  <AFSecurityIdentity>
    <Name>Asset Analytics</Name>
    <Description>PI Analysis Service security access</Description>
    <IsEnabled>true</IsEnabled>
  </AFSecurityIdentity>
  <AFSecurityIdentity>
    <Name>RTQP Engine</Name>
    <Description>RTQP Engine security access</Description>
    <IsEnabled>true</IsEnabled>
  </AFSecurityIdentity>
  <AFSecurityIdentity>
    <Name>Asset Analytics Recalculation</Name>
    <Description>PI Analysis Service recalculation/backfilling security access</Description>
    <IsEnabled>true</IsEnabled>
  </AFSecurityIdentity>
  <AFSecurityIdentity>
    <Name>Notifications</Name>
    <Description>PI Notifications Service security access</Description>
    <IsEnabled>true</IsEnabled>
  </AFSecurityIdentity>
  <AFSecurityIdentity>
    <Name>PIAF_ReadBasic_EUACCPICOLLAF</Name>
    <Description>This identity will provide global read access to EUACCPICOLLAF</Description>
    <IsEnabled>true</IsEnabled>
  </AFSecurityIdentity>
  <AFSecurityIdentity>
    <Name>PIAF_Read_AST_SUKEP</Name>
    <Description>This identity will provide read</Description>
    <IsEnabled>true</IsEnabled>
  </AFSecurityIdentity>
  <AFSecurityIdentity>
    <Name>PIAF_ReadWrite_AST_SUKEP</Name>
    <Description>This identity will provide read and write access</Description>
    <IsEnabled>true</IsEnabled>
  </AFSecurityIdentity>
  <AFEnumerationSet>
    <Name>FacilityLifecycleStateTypeDomainList</Name>
    <Description>FACILITY_STATE_TYPE</Description>
    <AFEnumerationValue>
      <Name>Canceled</Name>
      <Value>0</Value>
      <Description>The meaning of the state and the state transition rules are dependant on the type of facility.  See Facility Type/State Type for the definitions by facility type.</Description>
    </AFEnumerationValue>
    <AFEnumerationValue>
      <Name>Future</Name>
      <Value>1</Value>
      <Description>The meaning of the state and the state transition rules are dependant on the type of facility.  See Facility Type/State Type for the definitions by facility type.</Description>
    </AFEnumerationValue>
    <AFEnumerationValue>
      <Name>Operational</Name>
      <Value>2</Value>
      <Description>The meaning of the state and the state transition rules are dependant on the type of facility.  See Facility Type/State Type for the definitions by facility type.</Description>
    </AFEnumerationValue>
    <AFEnumerationValue>
      <Name>Permanently Abandoned</Name>
      <Value>3</Value>
      <Description>The meaning of the state and the state transition rules are dependant on the type of facility.  See Facility Type/State Type for the definitions by facility type.</Description>
    </AFEnumerationValue>
    <AFEnumerationValue>
      <Name>Proposed</Name>
      <Value>4</Value>
      <Description>The meaning of the state and the state transition rules are dependant on the type of facility.  See Facility Type/State Type for the definitions by facility type.</Description>
    </AFEnumerationValue>
    <AFEnumerationValue>
      <Name>Temporarily Abandoned</Name>
      <Value>5</Value>
      <Description>The meaning of the state and the state transition rules are dependant on the type of facility.  See Facility Type/State Type for the definitions by facility type.</Description>
    </AFEnumerationValue>
    <SecurityAccessControl>Administrators:A(r,w,rd,wd,d,x,a,s,so,an)|Asset Analytics:A(r,w,rd,wd,x,an)|RTQP Engine:A(r,rd)|Asset Analytics Recalculation:A(x)|Notifications:A(r,w,rd,wd,an)|PIAF_ReadBasic_EUACCPICOLLAF:A(r,rd,s,an)|PIAF_Read_AST_SUKEP:A(r,rd,s,an)|PIAF_ReadWrite_AST_SUKEP:A(r,w,rd,wd,d,x,s,so,an)</SecurityAccessControl>
  </AFEnumerationSet>
</AF>