﻿<?xml version="1.0" encoding="utf-8"?>
<AF xmlns:xsi="http://www.w3.org/2001/XMLSchema-instance" xsi:noNamespaceSchemaLocation="OSIsoft.AF.xsd" SchemaVersion="2.0" SoftwareVersion="2.10.9.593" ExportMode="AllReferences, NoUniqueID, DefaultValues, Security, SimplifiedConfigStrings" PISystem="ACCPICOLL_AF" Database="Functional Calculations AST SUKEP" Description="ONLY for AST Project, Contact: Ishan Khare, Animesh Parikshya Or Rishabh Sharma || End Date: Dec 2022" Created="2022-11-21T07:00:18.0006503Z" id="6882d399-a3a1-4b91-b3b3-0c025f15628a" ParentKey="cd75538e-e5d2-445c-aee0-494ed8233e64" ExportedObject="MaterialStreamPurposeTypeDomainList" ExportedType="AFEnumerationSet" Identity="EnumerationSet" PIPersist="239 {9895150E-085D-4fcb-A16D-5EF5D2527196} 2\{16f50517-ae34-45bb-943a-c4a466a280a1}\EnumerationSets[{6882d399-a3a1-4b91-b3b3-0c025f15628a}]*ACCPICOLL_AF\Functional Calculations AST SUKEP\EnumerationSets[MaterialStreamPurposeTypeDomainList]">
  <AFSecurityIdentity>
    <Name>Administrators</Name>
    <Description>Administrator security access</Description>
    <IsEnabled>true</IsEnabled>
  </AFSecurityIdentity>
  <AFSecurityIdentity>
    <Name>Asset Analytics</Name>
    <Description>PI Analysis Service security access</Description>
    <IsEnabled>true</IsEnabled>
  </AFSecurityIdentity>
  <AFSecurityIdentity>
    <Name>RTQP Engine</Name>
    <Description>RTQP Engine security access</Description>
    <IsEnabled>true</IsEnabled>
  </AFSecurityIdentity>
  <AFSecurityIdentity>
    <Name>Asset Analytics Recalculation</Name>
    <Description>PI Analysis Service recalculation/backfilling security access</Description>
    <IsEnabled>true</IsEnabled>
  </AFSecurityIdentity>
  <AFSecurityIdentity>
    <Name>Notifications</Name>
    <Description>PI Notifications Service security access</Description>
    <IsEnabled>true</IsEnabled>
  </AFSecurityIdentity>
  <AFSecurityIdentity>
    <Name>PIAF_ReadBasic_EUACCPICOLLAF</Name>
    <Description>This identity will provide global read access to EUACCPICOLLAF</Description>
    <IsEnabled>true</IsEnabled>
  </AFSecurityIdentity>
  <AFSecurityIdentity>
    <Name>PIAF_Read_AST_SUKEP</Name>
    <Description>This identity will provide read</Description>
    <IsEnabled>true</IsEnabled>
  </AFSecurityIdentity>
  <AFSecurityIdentity>
    <Name>PIAF_ReadWrite_AST_SUKEP</Name>
    <Description>This identity will provide read and write access</Description>
    <IsEnabled>true</IsEnabled>
  </AFSecurityIdentity>
  <AFEnumerationSet>
    <Name>MaterialStreamPurposeTypeDomainList</Name>
    <Description>MATERIAL_STREAM_PURPOSE_TYPE</Description>
    <AFEnumerationValue>
      <Name>Available But Not Required</Name>
      <Value>12</Value>
      <Description>Deferred production, because the produced hydrocarbons cannot be sold. This value is often abbreviated as ABNR</Description>
    </AFEnumerationValue>
    <AFEnumerationValue>
      <Name>Available But Not Required Injection</Name>
      <Value>13</Value>
      <Description>Deferred injection, because the hydrocarbons that could be produced as result of this injection cannot be sold.</Description>
    </AFEnumerationValue>
    <AFEnumerationValue>
      <Name>Available But Not Required Lift</Name>
      <Value>25</Value>
      <Description />
    </AFEnumerationValue>
    <AFEnumerationValue>
      <Name>Consumption</Name>
      <Value>23</Value>
      <Description>Material that is consumed but not used as fuel</Description>
    </AFEnumerationValue>
    <AFEnumerationValue>
      <Name>Cooling</Name>
      <Value>40</Value>
      <Description>Material that is used in a process to cool other materials.</Description>
    </AFEnumerationValue>
    <AFEnumerationValue>
      <Name>Disposal</Name>
      <Value>3</Value>
      <Description>Material that's is disposed during operations</Description>
    </AFEnumerationValue>
    <AFEnumerationValue>
      <Name>Excess Capacity</Name>
      <Value>33</Value>
      <Description />
    </AFEnumerationValue>
    <AFEnumerationValue>
      <Name>Excess Capacity Injection</Name>
      <Value>36</Value>
      <Description />
    </AFEnumerationValue>
    <AFEnumerationValue>
      <Name>Excess Capacity Lift</Name>
      <Value>39</Value>
      <Description />
    </AFEnumerationValue>
    <AFEnumerationValue>
      <Name>Export</Name>
      <Value>21</Value>
      <Description>Material that is exported from a facility to an external location, typically used for material that is for sales.</Description>
    </AFEnumerationValue>
    <AFEnumerationValue>
      <Name>Flare</Name>
      <Value>5</Value>
      <Description>Material that is flared. A stream with this purpose is typically connected to an outlet of a facility.</Description>
    </AFEnumerationValue>
    <AFEnumerationValue>
      <Name>Fuel (Consumption)</Name>
      <Value>6</Value>
      <Description>Material which is used as fuel, i.e. meant for consumption by equipment.</Description>
    </AFEnumerationValue>
    <AFEnumerationValue>
      <Name>Hydraulics</Name>
      <Value>44</Value>
      <Description>Material used to drive facilities by means of hydraulic fluids.</Description>
    </AFEnumerationValue>
    <AFEnumerationValue>
      <Name>Import</Name>
      <Value>22</Value>
      <Description>Material that is imported into a facility from an external location. </Description>
    </AFEnumerationValue>
    <AFEnumerationValue>
      <Name>Injection</Name>
      <Value>20</Value>
      <Description>Material which is injected into a reservoir</Description>
    </AFEnumerationValue>
    <AFEnumerationValue>
      <Name>Lift (Gas)</Name>
      <Value>1</Value>
      <Description>Material that is used in gas lift systems. Lift gas is injected in completion in order to increase production flow rates</Description>
    </AFEnumerationValue>
    <AFEnumerationValue>
      <Name>Loss</Name>
      <Value>30</Value>
      <Description />
    </AFEnumerationValue>
    <AFEnumerationValue>
      <Name>Lubrication</Name>
      <Value>11</Value>
      <Description>Material that is used for lubrication of equiment.</Description>
    </AFEnumerationValue>
    <AFEnumerationValue>
      <Name>Operational Delta Stock</Name>
      <Value>28</Value>
      <Description />
    </AFEnumerationValue>
    <AFEnumerationValue>
      <Name>Pneumatics</Name>
      <Value>45</Value>
      <Description>Material used to drive facilities by means of compressed inert gases or compressed air</Description>
    </AFEnumerationValue>
    <AFEnumerationValue>
      <Name>Process</Name>
      <Value>9</Value>
      <Description>Stream with purpose Process fluids can mean compress, filter etc.</Description>
    </AFEnumerationValue>
    <AFEnumerationValue>
      <Name>Production</Name>
      <Value>4</Value>
      <Description>Material which is produced from a wellbore into a production system</Description>
    </AFEnumerationValue>
    <AFEnumerationValue>
      <Name>Purge</Name>
      <Value>7</Value>
      <Description>Material which is used to get rid of material present in a facility. In terms of purging 'with' gas it means that that an inert (relatively safe) gas can be used to get rid of a toxic, harmful of explosive gas (or liquid) by filling (purging) the previously unsafe pipe or container with the safer gas. Nitrogen is the most favoured gas in this case.</Description>
    </AFEnumerationValue>
    <AFEnumerationValue>
      <Name>Quench</Name>
      <Value>41</Value>
      <Description>Material used for rapid cooling of other material such that undesired effects like phase transformation do not happen</Description>
    </AFEnumerationValue>
    <AFEnumerationValue>
      <Name>Reflux</Name>
      <Value>43</Value>
      <Description>Material that originates from the condensation of vapors which is returned as a condensate to the system from which it originated</Description>
    </AFEnumerationValue>
    <AFEnumerationValue>
      <Name>Sales</Name>
      <Value>24</Value>
      <Description />
    </AFEnumerationValue>
    <AFEnumerationValue>
      <Name>Sales Delta Stock</Name>
      <Value>29</Value>
      <Description />
    </AFEnumerationValue>
    <AFEnumerationValue>
      <Name>Scheduled Deferment</Name>
      <Value>14</Value>
      <Description>Deferred injection, because the hydrocarbons that could be produced as result of this injection cannot be sold.</Description>
    </AFEnumerationValue>
    <AFEnumerationValue>
      <Name>Scheduled Deferred Injection</Name>
      <Value>18</Value>
      <Description>Deferred injection, because of a scheduled deferment. This purpose applies to virtual streams only</Description>
    </AFEnumerationValue>
    <AFEnumerationValue>
      <Name>Scheduled Deferred Lift</Name>
      <Value>27</Value>
      <Description />
    </AFEnumerationValue>
    <AFEnumerationValue>
      <Name>Scheduled Unavailable Excess Capacity</Name>
      <Value>31</Value>
      <Description />
    </AFEnumerationValue>
    <AFEnumerationValue>
      <Name>Scheduled Unavailable Excess Capacity Injection</Name>
      <Value>34</Value>
      <Description />
    </AFEnumerationValue>
    <AFEnumerationValue>
      <Name>Scheduled Unavailable Excess Capacity Lift</Name>
      <Value>37</Value>
      <Description />
    </AFEnumerationValue>
    <AFEnumerationValue>
      <Name>Seal</Name>
      <Value>10</Value>
      <Description>Material used to prevent leaking of process gas e.g. in rotating equipment by creating a seal of gas between the process gas and the environment</Description>
    </AFEnumerationValue>
    <AFEnumerationValue>
      <Name>Secondary Recovery</Name>
      <Value>2</Value>
      <Description>Material that is used is to maintain reservoir pressure and to displace hydrocarbons toward the wellbore. This is done by injection of an external fluid such as water or gas into the reservoir</Description>
    </AFEnumerationValue>
    <AFEnumerationValue>
      <Name>Unscheduled Deferment</Name>
      <Value>15</Value>
      <Description>Deferred production, because of a unscheduled deferment. This purpose applies to virtual streams only</Description>
    </AFEnumerationValue>
    <AFEnumerationValue>
      <Name>Unscheduled Deferred Injection</Name>
      <Value>19</Value>
      <Description>Deferred injection, because of a unscheduled deferment. This purpose applies to virtual streams only</Description>
    </AFEnumerationValue>
    <AFEnumerationValue>
      <Name>Unscheduled Deferred Lift</Name>
      <Value>26</Value>
      <Description />
    </AFEnumerationValue>
    <AFEnumerationValue>
      <Name>Unscheduled Unavailable Excess Capacity</Name>
      <Value>32</Value>
      <Description />
    </AFEnumerationValue>
    <AFEnumerationValue>
      <Name>Unscheduled Unavailable Excess Capacity Injection</Name>
      <Value>35</Value>
      <Description />
    </AFEnumerationValue>
    <AFEnumerationValue>
      <Name>Unscheduled Unavailable Excess Capacity Lift</Name>
      <Value>38</Value>
      <Description />
    </AFEnumerationValue>
    <AFEnumerationValue>
      <Name>Utility</Name>
      <Value>46</Value>
      <Description />
    </AFEnumerationValue>
    <AFEnumerationValue>
      <Name>Vent</Name>
      <Value>8</Value>
      <Description>Material which is vented, this applies to gases only. Venting means that material is released or removed from a facility into the atmosphere, alternative containment or safe area.</Description>
    </AFEnumerationValue>
    <AFEnumerationValue>
      <Name>Wash</Name>
      <Value>42</Value>
      <Description>Material used for washing other material, e.g. to take out undesired components</Description>
    </AFEnumerationValue>
    <SecurityAccessControl>Administrators:A(r,w,rd,wd,d,x,a,s,so,an)|Asset Analytics:A(r,w,rd,wd,x,an)|RTQP Engine:A(r,rd)|Asset Analytics Recalculation:A(x)|Notifications:A(r,w,rd,wd,an)|PIAF_ReadBasic_EUACCPICOLLAF:A(r,rd,s,an)|PIAF_Read_AST_SUKEP:A(r,rd,s,an)|PIAF_ReadWrite_AST_SUKEP:A(r,w,rd,wd,d,x,s,so,an)</SecurityAccessControl>
  </AFEnumerationSet>
</AF>