﻿<?xml version="1.0" encoding="utf-8"?>
<AF xmlns:xsi="http://www.w3.org/2001/XMLSchema-instance" xsi:noNamespaceSchemaLocation="OSIsoft.AF.xsd" SchemaVersion="2.0" SoftwareVersion="2.10.9.593" ExportMode="AllReferences, NoUniqueID, DefaultValues, Security, SimplifiedConfigStrings" PISystem="ACCPICOLL_AF" Database="Functional Calculations AST SUKEP" Description="ONLY for AST Project, Contact: Ishan Khare, Animesh Parikshya Or Rishabh Sharma || End Date: Dec 2022" Created="2022-11-21T07:00:32.0051901Z" id="5dc80d47-e25d-41ab-8c56-67f95b49451c" ParentKey="cd75538e-e5d2-445c-aee0-494ed8233e64" ExportedObject="MeasurementActivitySourceTypeDomainList" ExportedType="AFEnumerationSet" Identity="EnumerationSet" PIPersist="243 {9895150E-085D-4fcb-A16D-5EF5D2527196} 2\{16f50517-ae34-45bb-943a-c4a466a280a1}\EnumerationSets[{5dc80d47-e25d-41ab-8c56-67f95b49451c}]*ACCPICOLL_AF\Functional Calculations AST SUKEP\EnumerationSets[MeasurementActivitySourceTypeDomainList]">
  <AFSecurityIdentity>
    <Name>Administrators</Name>
    <Description>Administrator security access</Description>
    <IsEnabled>true</IsEnabled>
  </AFSecurityIdentity>
  <AFSecurityIdentity>
    <Name>Asset Analytics</Name>
    <Description>PI Analysis Service security access</Description>
    <IsEnabled>true</IsEnabled>
  </AFSecurityIdentity>
  <AFSecurityIdentity>
    <Name>RTQP Engine</Name>
    <Description>RTQP Engine security access</Description>
    <IsEnabled>true</IsEnabled>
  </AFSecurityIdentity>
  <AFSecurityIdentity>
    <Name>Asset Analytics Recalculation</Name>
    <Description>PI Analysis Service recalculation/backfilling security access</Description>
    <IsEnabled>true</IsEnabled>
  </AFSecurityIdentity>
  <AFSecurityIdentity>
    <Name>Notifications</Name>
    <Description>PI Notifications Service security access</Description>
    <IsEnabled>true</IsEnabled>
  </AFSecurityIdentity>
  <AFSecurityIdentity>
    <Name>PIAF_ReadBasic_EUACCPICOLLAF</Name>
    <Description>This identity will provide global read access to EUACCPICOLLAF</Description>
    <IsEnabled>true</IsEnabled>
  </AFSecurityIdentity>
  <AFSecurityIdentity>
    <Name>PIAF_Read_AST_SUKEP</Name>
    <Description>This identity will provide read</Description>
    <IsEnabled>true</IsEnabled>
  </AFSecurityIdentity>
  <AFSecurityIdentity>
    <Name>PIAF_ReadWrite_AST_SUKEP</Name>
    <Description>This identity will provide read and write access</Description>
    <IsEnabled>true</IsEnabled>
  </AFSecurityIdentity>
  <AFEnumerationSet>
    <Name>MeasurementActivitySourceTypeDomainList</Name>
    <Description>MEASUREMENT_ACTIVITY_SOURCE_TYPE</Description>
    <AFEnumerationValue>
      <Name>AWT</Name>
      <Value>5</Value>
      <Description>Automatic test captured through an electronic interface</Description>
    </AFEnumerationValue>
    <AFEnumerationValue>
      <Name>AWT96 Load</Name>
      <Value>3</Value>
      <Description>Loaded from AWT96 database</Description>
    </AFEnumerationValue>
    <AFEnumerationValue>
      <Name>DDB Load</Name>
      <Value>6</Value>
      <Description>Loaded from DDB database</Description>
    </AFEnumerationValue>
    <AFEnumerationValue>
      <Name>DYNO</Name>
      <Value>9</Value>
      <Description>Manually collected dyno well test. Identifies that a well test originated from a theoretical volume that was calculated during a manually collected dynamometer survey.  These DYNO well tests are gathered by a DYNO survey operator on a routi</Description>
    </AFEnumerationValue>
    <AFEnumerationValue>
      <Name>Energy Components</Name>
      <Value>1</Value>
      <Description>Well Test Values  and Production Material Analysis collected from Energy Components</Description>
    </AFEnumerationValue>
    <AFEnumerationValue>
      <Name>IFM</Name>
      <Value>12</Value>
      <Description>Captured form the Integrated Field Manager(IFM) application</Description>
    </AFEnumerationValue>
    <AFEnumerationValue>
      <Name>Manual Entry</Name>
      <Value>10</Value>
      <Description>Manually entered by a person</Description>
    </AFEnumerationValue>
    <AFEnumerationValue>
      <Name>PI</Name>
      <Value>8</Value>
      <Description>Values collected automatically from the OSISoft PI Data Historian</Description>
    </AFEnumerationValue>
    <AFEnumerationValue>
      <Name>POC</Name>
      <Value>2</Value>
      <Description>Captured from Pump Off Controller</Description>
    </AFEnumerationValue>
    <AFEnumerationValue>
      <Name>Production Universe</Name>
      <Value>11</Value>
      <Description>A software application (also known as PU) for estimating flow rates from producing wells. It is a type of Virtual Flow Meter customised for Oil and Gas Production Allocation</Description>
    </AFEnumerationValue>
    <AFEnumerationValue>
      <Name>SPOC</Name>
      <Value>0</Value>
      <Description>SPOC theoretical volume well test. identifies that a well test originated from a theoretical volume that was calculated from a POC (Pump Off Controller) and automatically collected from a SPOC system (Supervisory Pump Off Controller).  Thes</Description>
    </AFEnumerationValue>
    <AFEnumerationValue>
      <Name>Well Test Data System</Name>
      <Value>7</Value>
      <Description>The source system for Well Test Data</Description>
    </AFEnumerationValue>
    <AFEnumerationValue>
      <Name>WTST Load</Name>
      <Value>4</Value>
      <Description>Loaded from WTST database </Description>
    </AFEnumerationValue>
    <SecurityAccessControl>Administrators:A(r,w,rd,wd,d,x,a,s,so,an)|Asset Analytics:A(r,w,rd,wd,x,an)|RTQP Engine:A(r,rd)|Asset Analytics Recalculation:A(x)|Notifications:A(r,w,rd,wd,an)|PIAF_ReadBasic_EUACCPICOLLAF:A(r,rd,s,an)|PIAF_Read_AST_SUKEP:A(r,rd,s,an)|PIAF_ReadWrite_AST_SUKEP:A(r,w,rd,wd,d,x,s,so,an)</SecurityAccessControl>
  </AFEnumerationSet>
</AF>