﻿<?xml version="1.0" encoding="utf-8"?>
<AF xmlns:xsi="http://www.w3.org/2001/XMLSchema-instance" xsi:noNamespaceSchemaLocation="OSIsoft.AF.xsd" SchemaVersion="2.0" SoftwareVersion="2.10.9.593" ExportMode="AllReferences, NoUniqueID, DefaultValues, Security, SimplifiedConfigStrings" PISystem="ACCPICOLL_AF" Database="Functional Calculations AST SUKEP" Description="ONLY for AST Project, Contact: Ishan Khare, Animesh Parikshya Or Rishabh Sharma || End Date: Dec 2022" Created="2022-11-21T07:00:52.1133232Z" id="f57f9c41-53dc-499b-a122-16f0145972e8" ParentKey="cd75538e-e5d2-445c-aee0-494ed8233e64" ExportedObject="ParameterAggregationTypeDomainList" ExportedType="AFEnumerationSet" Identity="EnumerationSet" PIPersist="238 {9895150E-085D-4fcb-A16D-5EF5D2527196} 2\{16f50517-ae34-45bb-943a-c4a466a280a1}\EnumerationSets[{f57f9c41-53dc-499b-a122-16f0145972e8}]*ACCPICOLL_AF\Functional Calculations AST SUKEP\EnumerationSets[ParameterAggregationTypeDomainList]">
  <AFSecurityIdentity>
    <Name>Administrators</Name>
    <Description>Administrator security access</Description>
    <IsEnabled>true</IsEnabled>
  </AFSecurityIdentity>
  <AFSecurityIdentity>
    <Name>Asset Analytics</Name>
    <Description>PI Analysis Service security access</Description>
    <IsEnabled>true</IsEnabled>
  </AFSecurityIdentity>
  <AFSecurityIdentity>
    <Name>RTQP Engine</Name>
    <Description>RTQP Engine security access</Description>
    <IsEnabled>true</IsEnabled>
  </AFSecurityIdentity>
  <AFSecurityIdentity>
    <Name>Asset Analytics Recalculation</Name>
    <Description>PI Analysis Service recalculation/backfilling security access</Description>
    <IsEnabled>true</IsEnabled>
  </AFSecurityIdentity>
  <AFSecurityIdentity>
    <Name>Notifications</Name>
    <Description>PI Notifications Service security access</Description>
    <IsEnabled>true</IsEnabled>
  </AFSecurityIdentity>
  <AFSecurityIdentity>
    <Name>PIAF_ReadBasic_EUACCPICOLLAF</Name>
    <Description>This identity will provide global read access to EUACCPICOLLAF</Description>
    <IsEnabled>true</IsEnabled>
  </AFSecurityIdentity>
  <AFSecurityIdentity>
    <Name>PIAF_Read_AST_SUKEP</Name>
    <Description>This identity will provide read</Description>
    <IsEnabled>true</IsEnabled>
  </AFSecurityIdentity>
  <AFSecurityIdentity>
    <Name>PIAF_ReadWrite_AST_SUKEP</Name>
    <Description>This identity will provide read and write access</Description>
    <IsEnabled>true</IsEnabled>
  </AFSecurityIdentity>
  <AFEnumerationSet>
    <Name>ParameterAggregationTypeDomainList</Name>
    <Description>PARAMETER_AGGREGATION_TYPE</Description>
    <AFEnumerationValue>
      <Name>Average</Name>
      <Value>2</Value>
      <Description>The average value per period is extracted from set of time-series values. The period to which aggregation applies is specified by Parameter Aggregation Period Type</Description>
    </AFEnumerationValue>
    <AFEnumerationValue>
      <Name>Maximum</Name>
      <Value>3</Value>
      <Description>The maximum values per period is extracted from set of time-series values. The period to which aggregation applies is specified by Parameter Aggregation Period Type</Description>
    </AFEnumerationValue>
    <AFEnumerationValue>
      <Name>Median</Name>
      <Value>5</Value>
      <Description>The median value for a set of time-series values. The period to which aggregation applies is specified by Parameter Aggregation Period Type</Description>
    </AFEnumerationValue>
    <AFEnumerationValue>
      <Name>Minimum</Name>
      <Value>1</Value>
      <Description>The minimum value per period is extracted from set of time-series values. The period to which aggregation applies is specified by Parameter Aggregation Period Type</Description>
    </AFEnumerationValue>
    <AFEnumerationValue>
      <Name>Standard Deviation</Name>
      <Value>4</Value>
      <Description>The Standard Deviation for a set of time-series values. It provides a quantification of the amount of varation or dispersion of these values.  The period to which aggregation applies is specified by Parameter Aggregation Period Type</Description>
    </AFEnumerationValue>
    <AFEnumerationValue>
      <Name>Summation</Name>
      <Value>0</Value>
      <Description>Values are aggregated over time by a Summation. The period to which aggregation applies is specified by Parameter Aggregation Period Type</Description>
    </AFEnumerationValue>
    <SecurityAccessControl>Administrators:A(r,w,rd,wd,d,x,a,s,so,an)|Asset Analytics:A(r,w,rd,wd,x,an)|RTQP Engine:A(r,rd)|Asset Analytics Recalculation:A(x)|Notifications:A(r,w,rd,wd,an)|PIAF_ReadBasic_EUACCPICOLLAF:A(r,rd,s,an)|PIAF_Read_AST_SUKEP:A(r,rd,s,an)|PIAF_ReadWrite_AST_SUKEP:A(r,w,rd,wd,d,x,s,so,an)</SecurityAccessControl>
  </AFEnumerationSet>
</AF>