﻿<?xml version="1.0" encoding="utf-8"?>
<AF xmlns:xsi="http://www.w3.org/2001/XMLSchema-instance" xsi:noNamespaceSchemaLocation="OSIsoft.AF.xsd" SchemaVersion="2.0" SoftwareVersion="2.10.9.593" ExportMode="AllReferences, NoUniqueID, DefaultValues, Security, SimplifiedConfigStrings" PISystem="ACCPICOLL_AF" Database="Functional Calculations AST SUKEP" Description="ONLY for AST Project, Contact: Ishan Khare, Animesh Parikshya Or Rishabh Sharma || End Date: Dec 2022" Created="2022-11-21T07:01:48.7920998Z" id="a4f51950-f199-4528-848c-163998ff5e62" ParentKey="cd75538e-e5d2-445c-aee0-494ed8233e64" ExportedObject="TrapTypeDomainList" ExportedType="AFEnumerationSet" Identity="EnumerationSet" PIPersist="222 {9895150E-085D-4fcb-A16D-5EF5D2527196} 2\{16f50517-ae34-45bb-943a-c4a466a280a1}\EnumerationSets[{a4f51950-f199-4528-848c-163998ff5e62}]*ACCPICOLL_AF\Functional Calculations AST SUKEP\EnumerationSets[TrapTypeDomainList]">
  <AFSecurityIdentity>
    <Name>Administrators</Name>
    <Description>Administrator security access</Description>
    <IsEnabled>true</IsEnabled>
  </AFSecurityIdentity>
  <AFSecurityIdentity>
    <Name>Asset Analytics</Name>
    <Description>PI Analysis Service security access</Description>
    <IsEnabled>true</IsEnabled>
  </AFSecurityIdentity>
  <AFSecurityIdentity>
    <Name>RTQP Engine</Name>
    <Description>RTQP Engine security access</Description>
    <IsEnabled>true</IsEnabled>
  </AFSecurityIdentity>
  <AFSecurityIdentity>
    <Name>Asset Analytics Recalculation</Name>
    <Description>PI Analysis Service recalculation/backfilling security access</Description>
    <IsEnabled>true</IsEnabled>
  </AFSecurityIdentity>
  <AFSecurityIdentity>
    <Name>Notifications</Name>
    <Description>PI Notifications Service security access</Description>
    <IsEnabled>true</IsEnabled>
  </AFSecurityIdentity>
  <AFSecurityIdentity>
    <Name>PIAF_ReadBasic_EUACCPICOLLAF</Name>
    <Description>This identity will provide global read access to EUACCPICOLLAF</Description>
    <IsEnabled>true</IsEnabled>
  </AFSecurityIdentity>
  <AFSecurityIdentity>
    <Name>PIAF_Read_AST_SUKEP</Name>
    <Description>This identity will provide read</Description>
    <IsEnabled>true</IsEnabled>
  </AFSecurityIdentity>
  <AFSecurityIdentity>
    <Name>PIAF_ReadWrite_AST_SUKEP</Name>
    <Description>This identity will provide read and write access</Description>
    <IsEnabled>true</IsEnabled>
  </AFSecurityIdentity>
  <AFEnumerationSet>
    <Name>TrapTypeDomainList</Name>
    <Description>TRAP_TYPE</Description>
    <AFEnumerationValue>
      <Name>Angular Unconformity</Name>
      <Value>0</Value>
      <Description>An angular unconformity is a buried erosional surface with dipping rock layers below it.  The reservoir rock is located below the unconformity and the cap rock on top of it.  Angular unconformities can form giant traps. </Description>
    </AFEnumerationValue>
    <AFEnumerationValue>
      <Name>Anticline</Name>
      <Value>1</Value>
      <Description>Anticlines are large, upward arches and were one of the first types of petroleum traps recognized.  Anticlines are formed in areas of compression, can have multiple producing zones and can form giant fields.</Description>
    </AFEnumerationValue>
    <AFEnumerationValue>
      <Name>Antithetic or Synthetic Faults on Rollover Anticline</Name>
      <Value>2</Value>
      <Description>Antithetic or synthetic faults are tensional faults that cut the rollover anticline as it forms.  These faults often divide the rollover anticline into numerous, separate pools.</Description>
    </AFEnumerationValue>
    <AFEnumerationValue>
      <Name>Atoll</Name>
      <Value>3</Value>
      <Description>Atoll are large, circular or elliptical reefs with a central lagoon.  Originally the circular reef flat limestone is potential reservoir rock and the lagoonal micrite limestone is not.  Porosity reversal can reverse that with time.  Atolls can form giant fields.</Description>
    </AFEnumerationValue>
    <AFEnumerationValue>
      <Name>Baldheaded Anticline</Name>
      <Value>4</Value>
      <Description>Baldheaded anticlines and structures produce from the flanks of the structure.  The top is barren.  When the anticline was originally uplifted, the potential reservoir rocks were eroded from the crest of the structure, leaving an unconformity.</Description>
    </AFEnumerationValue>
    <AFEnumerationValue>
      <Name>Barrier Reef</Name>
      <Value>5</Value>
      <Description>Barrier reefs are large reefs separated from land by a lagoon.  Reef flat limestone is originally good reservoir rock and lagoonal limestone is not.  Porosity reversal due to later recrystallization, solution and dolomitization can reverse that.  Barrier reefs can form giant fields.</Description>
    </AFEnumerationValue>
    <AFEnumerationValue>
      <Name>Bioherm</Name>
      <Value>6</Value>
      <Description>Bioherms are mound or lens shaped deposits of biological limestone formed by organisms that grew there.  This includes reefs build by framework organisms such as corals and also mounds built by nonframework organisms.  They tend to form small, isolated fields.</Description>
    </AFEnumerationValue>
    <AFEnumerationValue>
      <Name>Buttress or Onlap Sands.</Name>
      <Value>7</Value>
      <Description>Buttress or onlap sands are beach sands that were deposited on an unconformity surface as sea level rose.  Numerous buttress sand can occur along a single unconformity and each can form a pool.</Description>
    </AFEnumerationValue>
    <AFEnumerationValue>
      <Name>Compaction Anticline</Name>
      <Value>8</Value>
      <Description>Compaction anticlines form in sediments over buried hills and reefs.  Sediments, because of their porosity, compact more than basement hills and limestone reefs.  Sediments on the flanks of the buried structure are thicker and more compaction occurs there.</Description>
    </AFEnumerationValue>
    <AFEnumerationValue>
      <Name>Dome</Name>
      <Value>9</Value>
      <Description>A dome is a circular or elliptical anticlines.  It is often formed by an underlying intrusion such as igneous rock or rising sedimentary rock such as salt or shale. </Description>
    </AFEnumerationValue>
    <AFEnumerationValue>
      <Name>Drag Folds on Thrust Fault</Name>
      <Value>10</Value>
      <Description>Drag folds are formed by friction generated by movement along a fault.  Thrust faults are low angle reverse faults that often occur in overthrust or disturbed belts.  Drag folds from both above and below thrust fault.</Description>
    </AFEnumerationValue>
    <AFEnumerationValue>
      <Name>Faulted Anticline</Name>
      <Value>11</Value>
      <Description>Faults, often caused by the original folding of the anticline, can sometimes for impermeable barriers and divide the structure into separate pools.  Shale smeared along the fault plane can cause this.</Description>
    </AFEnumerationValue>
    <AFEnumerationValue>
      <Name>Fractured Reservoir</Name>
      <Value>12</Value>
      <Description>Fractures add porosity and greatly enhance reservoir rock permeability.  Fine-grained sedimentary, rocks such as shales and chalks have porosity but lack permeability, except where fractured.  Fractures occur where the rock has been folded or moved along a fault. </Description>
    </AFEnumerationValue>
    <AFEnumerationValue>
      <Name>Oolite Shoals</Name>
      <Value>13</Value>
      <Description>Oolites are sand-sized spheres of CaCO3 that precipitated out of shallow, tropical seas.  Currents and waves washed the oolites into elongate mounds.  An oolite shoal forms a small field but many shoals are often found parallel to each other.</Description>
    </AFEnumerationValue>
    <AFEnumerationValue>
      <Name>Pinnacle or Patch Reefs</Name>
      <Value>14</Value>
      <Description>Pinnacle or Patch reefs are small circular reefs.  Pinnacle reefs are located on the basin side of a barrier reef and patch reefs in the lagoon.  The reef forms a small field, but there are usually numerous reefs in the trend.</Description>
    </AFEnumerationValue>
    <AFEnumerationValue>
      <Name>Primary or Sedimentary Dolomite</Name>
      <Value>15</Value>
      <Description>Primary or sedimentary dolomite is formed by alteration of limestone in the supratidal zone immediately after deposition and is often overlain by a salt layer.  Fluctuating water levels can deposit numerous traps of this type along the flanks of the basin.</Description>
    </AFEnumerationValue>
    <AFEnumerationValue>
      <Name>Reverse Fault Trap</Name>
      <Value>16</Value>
      <Description>Reverse faults are caused by compressional forces.  The trap is formed by dipping rocks against the fault.  The fault must be curved or two faults must intersect to form sides to the trap.</Description>
    </AFEnumerationValue>
    <AFEnumerationValue>
      <Name>Rollover Anticline on Growth Fault</Name>
      <Value>17</Value>
      <Description>Growth faults occur in thick, unconsolidated sediments.  Because the fault plane is curved, as the basin side of the fault moves down, a broad anticline is formed on the basin side.</Description>
    </AFEnumerationValue>
    <AFEnumerationValue>
      <Name>Salt Dome - Flank Traps</Name>
      <Value>18</Value>
      <Description>Along the flanks of salt domes, traps are formed by reservoir rocks drug up and pierced by the rising salt dome.  Prolific traps are formed under salt overhangs.  These traps tend to have thick pay zones due to high dips on reservoir rocks.</Description>
    </AFEnumerationValue>
    <AFEnumerationValue>
      <Name>Salt Domes - Cap Rock</Name>
      <Value>19</Value>
      <Description>Salt is primarily halite that dissolves as the salt domes rises leaving the insoluables, to form the cap rock several hundred feet thick.  Fractures and solution vugs make cap rock into reservoir rock.</Description>
    </AFEnumerationValue>
    <AFEnumerationValue>
      <Name>Salt Domes - Overflying Domes and Faults</Name>
      <Value>20</Value>
      <Description>A rising salt dome domes up the overlying sediments forming traps.  As the uplifted sediments are cut by normal faults, fault traps are formed.  These faults can separate the reservoir rocks into numerous pools.</Description>
    </AFEnumerationValue>
    <AFEnumerationValue>
      <Name>Secondary or Tectonic Dolomite</Name>
      <Value>21</Value>
      <Description>Secondary or Tectonic Dolomite is controlled by fractures in limestone.  Waters percolating along the fractures turned the impermeable limestone into dolomite adjacent to the fractures.  The field follows the orientation of the fractures.</Description>
    </AFEnumerationValue>
    <AFEnumerationValue>
      <Name>ShoeString Sandstone - Channel</Name>
      <Value>22</Value>
      <Description>Shoestring sandstones are long, narrow sand bodies.  Because they are often encased in shale, they are often filled with oil, without an oil-water contract.  Channels form as abandoned river channels and distributary channels on constructive deltas.</Description>
    </AFEnumerationValue>
    <AFEnumerationValue>
      <Name>ShoeString Sandstones - Bar</Name>
      <Value>23</Value>
      <Description>Bars form as beaches, beaches on destructive deltas and offshore bars.  They are usually different from channels in cross sections, and vertical sequence. </Description>
    </AFEnumerationValue>
    <AFEnumerationValue>
      <Name>Tilted Fault Block</Name>
      <Value>24</Value>
      <Description>Tilted fault blocks are large blocks of sedimentary rocks that were broken and tilted by normal faulting.  They are formed in areas of rifting, are now covered with sediments, and can form giant fields.</Description>
    </AFEnumerationValue>
    <AFEnumerationValue>
      <Name>Updip Facies Change</Name>
      <Value>25</Value>
      <Description>The reservoir rock was deposited with a facies change, porous and permeable in one area and impermeable in another.  Later uplift of the impermeable facies caused a trap along the flank of the structure.  If dip was deposited, then the trap is stratigraphic.</Description>
    </AFEnumerationValue>
    <AFEnumerationValue>
      <Name>Updip Pinch out of Sandstone</Name>
      <Value>26</Value>
      <Description>An undip pinch or wedge out of a sandstone in shale forms a trap.  These are common in coastal plains where updip is landward.  They tend to be small traps.  If uplift caused dip, the trap type is combination.</Description>
    </AFEnumerationValue>
    <SecurityAccessControl>Administrators:A(r,w,rd,wd,d,x,a,s,so,an)|Asset Analytics:A(r,w,rd,wd,x,an)|RTQP Engine:A(r,rd)|Asset Analytics Recalculation:A(x)|Notifications:A(r,w,rd,wd,an)|PIAF_ReadBasic_EUACCPICOLLAF:A(r,rd,s,an)|PIAF_Read_AST_SUKEP:A(r,rd,s,an)|PIAF_ReadWrite_AST_SUKEP:A(r,w,rd,wd,d,x,s,so,an)</SecurityAccessControl>
  </AFEnumerationSet>
</AF>