﻿<?xml version="1.0" encoding="utf-8"?>
<AF xmlns:xsi="http://www.w3.org/2001/XMLSchema-instance" xsi:noNamespaceSchemaLocation="OSIsoft.AF.xsd" SchemaVersion="2.0" SoftwareVersion="2.10.9.593" ExportMode="AllReferences, NoUniqueID, DefaultValues, Security, SimplifiedConfigStrings" PISystem="ACCPICOLL_AF" Database="Functional Calculations AST SUKEP" Description="ONLY for AST Project, Contact: Ishan Khare, Animesh Parikshya Or Rishabh Sharma || End Date: Dec 2022" Created="2022-11-21T05:02:34.8227409Z" id="697a31ab-fe77-4e3b-aae8-6f3164eb8c32" ParentKey="cd75538e-e5d2-445c-aee0-494ed8233e64" ExportedObject="SUKEP:GA_Pipeline_Temperaure" ExportedType="AFTable" Identity="Table" PIPersist="214 {9895150E-085D-4fcb-A16D-5EF5D2527196} 2\{16f50517-ae34-45bb-943a-c4a466a280a1}\Tables[{697a31ab-fe77-4e3b-aae8-6f3164eb8c32}]*ACCPICOLL_AF\Functional Calculations AST SUKEP\Tables[SUKEP:GA_Pipeline_Temperaure]">
  <AFSecurityIdentity>
    <Name>Administrators</Name>
    <Description>Administrator security access</Description>
    <IsEnabled>true</IsEnabled>
  </AFSecurityIdentity>
  <AFSecurityIdentity>
    <Name>Asset Analytics</Name>
    <Description>PI Analysis Service security access</Description>
    <IsEnabled>true</IsEnabled>
  </AFSecurityIdentity>
  <AFSecurityIdentity>
    <Name>RTQP Engine</Name>
    <Description>RTQP Engine security access</Description>
    <IsEnabled>true</IsEnabled>
  </AFSecurityIdentity>
  <AFSecurityIdentity>
    <Name>Asset Analytics Recalculation</Name>
    <Description>PI Analysis Service recalculation/backfilling security access</Description>
    <IsEnabled>true</IsEnabled>
  </AFSecurityIdentity>
  <AFSecurityIdentity>
    <Name>Notifications</Name>
    <Description>PI Notifications Service security access</Description>
    <IsEnabled>true</IsEnabled>
  </AFSecurityIdentity>
  <AFSecurityIdentity>
    <Name>PIAF_ReadBasic_EUACCPICOLLAF</Name>
    <Description>This identity will provide global read access to EUACCPICOLLAF</Description>
    <IsEnabled>true</IsEnabled>
  </AFSecurityIdentity>
  <AFSecurityIdentity>
    <Name>PIAF_Read_AST_SUKEP</Name>
    <Description>This identity will provide read</Description>
    <IsEnabled>true</IsEnabled>
  </AFSecurityIdentity>
  <AFSecurityIdentity>
    <Name>PIAF_ReadWrite_AST_SUKEP</Name>
    <Description>This identity will provide read and write access</Description>
    <IsEnabled>true</IsEnabled>
  </AFSecurityIdentity>
  <AFTable>
    <Name>SUKEP:GA_Pipeline_Temperaure</Name>
    <Description>For Gannet Asset under SUKEP</Description>
    <TimeZone />
    <ConvertToLocalTime>true</ConvertToLocalTime>
    <CacheInterval>0</CacheInterval>
    <ExternalPersist>false</ExternalPersist>
    <Schema>
<xs:schema id="SUKEP_x003A_GA_Pipeline_TemperaureDataSet" xmlns="" xmlns:xs="http://www.w3.org/2001/XMLSchema" xmlns:msdata="urn:schemas-microsoft-com:xml-msdata">
  <xs:element name="SUKEP_x003A_GA_Pipeline_TemperaureDataSet" msdata:IsDataSet="true" msdata:Locale="">
    <xs:complexType>
      <xs:choice minOccurs="0" maxOccurs="unbounded">
        <xs:element name="SUKEP_x003A_GA_Pipeline_Temperaure" msdata:Locale="">
          <xs:complexType>
            <xs:sequence>
              <xs:element name="Month_Name" type="xs:string" minOccurs="0" />
              <xs:element name="Month_number" type="xs:long" default="0" minOccurs="0" />
              <xs:element name="Temperature_Avg" type="xs:double" default="0" minOccurs="0" />
            </xs:sequence>
          </xs:complexType>
        </xs:element>
      </xs:choice>
    </xs:complexType>
  </xs:element>
</xs:schema></Schema>
    <DataTable><SUKEP_x003A_GA_Pipeline_TemperaureDataSet><SUKEP_x003A_GA_Pipeline_Temperaure><Month_Name>January</Month_Name><Month_number>1</Month_number><Temperature_Avg>7.1</Temperature_Avg></SUKEP_x003A_GA_Pipeline_Temperaure><SUKEP_x003A_GA_Pipeline_Temperaure><Month_Name>February</Month_Name><Month_number>2</Month_number><Temperature_Avg>6.7</Temperature_Avg></SUKEP_x003A_GA_Pipeline_Temperaure><SUKEP_x003A_GA_Pipeline_Temperaure><Month_Name>March</Month_Name><Month_number>3</Month_number><Temperature_Avg>6.6</Temperature_Avg></SUKEP_x003A_GA_Pipeline_Temperaure><SUKEP_x003A_GA_Pipeline_Temperaure><Month_Name>April</Month_Name><Month_number>4</Month_number><Temperature_Avg>6.9</Temperature_Avg></SUKEP_x003A_GA_Pipeline_Temperaure><SUKEP_x003A_GA_Pipeline_Temperaure><Month_Name>May</Month_Name><Month_number>5</Month_number><Temperature_Avg>6.2</Temperature_Avg></SUKEP_x003A_GA_Pipeline_Temperaure><SUKEP_x003A_GA_Pipeline_Temperaure><Month_Name>June</Month_Name><Month_number>6</Month_number><Temperature_Avg>7.1</Temperature_Avg></SUKEP_x003A_GA_Pipeline_Temperaure><SUKEP_x003A_GA_Pipeline_Temperaure><Month_Name>July</Month_Name><Month_number>7</Month_number><Temperature_Avg>7.4</Temperature_Avg></SUKEP_x003A_GA_Pipeline_Temperaure><SUKEP_x003A_GA_Pipeline_Temperaure><Month_Name>August</Month_Name><Month_number>8</Month_number><Temperature_Avg>7.8</Temperature_Avg></SUKEP_x003A_GA_Pipeline_Temperaure><SUKEP_x003A_GA_Pipeline_Temperaure><Month_Name>September</Month_Name><Month_number>9</Month_number><Temperature_Avg>8.2</Temperature_Avg></SUKEP_x003A_GA_Pipeline_Temperaure><SUKEP_x003A_GA_Pipeline_Temperaure><Month_Name>October</Month_Name><Month_number>10</Month_number><Temperature_Avg>8.7</Temperature_Avg></SUKEP_x003A_GA_Pipeline_Temperaure><SUKEP_x003A_GA_Pipeline_Temperaure><Month_Name>November</Month_Name><Month_number>11</Month_number><Temperature_Avg>9.8</Temperature_Avg></SUKEP_x003A_GA_Pipeline_Temperaure><SUKEP_x003A_GA_Pipeline_Temperaure><Month_Name>December</Month_Name><Month_number>12</Month_number><Temperature_Avg>8.3</Temperature_Avg></SUKEP_x003A_GA_Pipeline_Temperaure></SUKEP_x003A_GA_Pipeline_TemperaureDataSet></DataTable>
    <Modifier>ASIA-PAC\anjali.dasan-b</Modifier>
    <Comment />
    <EffectiveDate>1970-01-01T00:00:00Z</EffectiveDate>
    <ObsoleteDate>9999-12-31T23:59:59Z</ObsoleteDate>
    <SecurityAccessControl>Administrators:A(r,w,rd,wd,d,x,a,s,so,an)|Asset Analytics:A(r,w,rd,wd,x,an)|RTQP Engine:A(r,rd)|Asset Analytics Recalculation:A(x)|Notifications:A(r,w,rd,wd,an)|PIAF_ReadBasic_EUACCPICOLLAF:A(r,rd,s,an)|PIAF_Read_AST_SUKEP:A(r,rd,s,an)|PIAF_ReadWrite_AST_SUKEP:A(r,w,rd,wd,d,x,s,so,an)</SecurityAccessControl>
  </AFTable>
</AF>