﻿<?xml version="1.0" encoding="utf-8"?>
<AF xmlns:xsi="http://www.w3.org/2001/XMLSchema-instance" xsi:noNamespaceSchemaLocation="OSIsoft.AF.xsd" SchemaVersion="2.0" SoftwareVersion="2.10.9.593" ExportMode="AllReferences, NoUniqueID, DefaultValues, Security, SimplifiedConfigStrings" PISystem="ACCPICOLL_AF" Database="Functional Calculations AST SUKEP" Description="ONLY for AST Project, Contact: Ishan Khare, Animesh Parikshya Or Rishabh Sharma || End Date: Dec 2022" Created="2022-11-21T05:06:18.5278835Z" id="e4aaa60d-14a0-4199-95a4-c173c1c24e46" ParentKey="cd75538e-e5d2-445c-aee0-494ed8233e64" ExportedObject="CHEMICAL_COMPOUND" ExportedType="AFElementTemplate" Identity="ElementTemplate" PIPersist="223 {9895150E-085D-4fcb-A16D-5EF5D2527196} 2\{16f50517-ae34-45bb-943a-c4a466a280a1}\ElementTemplates[{e4aaa60d-14a0-4199-95a4-c173c1c24e46}]*ACCPICOLL_AF\Functional Calculations AST SUKEP\ElementTemplates[CHEMICAL_COMPOUND]">
  <AFSecurityIdentity>
    <Name>Administrators</Name>
    <Description>Administrator security access</Description>
    <IsEnabled>true</IsEnabled>
  </AFSecurityIdentity>
  <AFSecurityIdentity>
    <Name>Asset Analytics</Name>
    <Description>PI Analysis Service security access</Description>
    <IsEnabled>true</IsEnabled>
  </AFSecurityIdentity>
  <AFSecurityIdentity>
    <Name>RTQP Engine</Name>
    <Description>RTQP Engine security access</Description>
    <IsEnabled>true</IsEnabled>
  </AFSecurityIdentity>
  <AFSecurityIdentity>
    <Name>Asset Analytics Recalculation</Name>
    <Description>PI Analysis Service recalculation/backfilling security access</Description>
    <IsEnabled>true</IsEnabled>
  </AFSecurityIdentity>
  <AFSecurityIdentity>
    <Name>Notifications</Name>
    <Description>PI Notifications Service security access</Description>
    <IsEnabled>true</IsEnabled>
  </AFSecurityIdentity>
  <AFSecurityIdentity>
    <Name>PIAF_ReadBasic_EUACCPICOLLAF</Name>
    <Description>This identity will provide global read access to EUACCPICOLLAF</Description>
    <IsEnabled>true</IsEnabled>
  </AFSecurityIdentity>
  <AFSecurityIdentity>
    <Name>PIAF_Read_AST_SUKEP</Name>
    <Description>This identity will provide read</Description>
    <IsEnabled>true</IsEnabled>
  </AFSecurityIdentity>
  <AFSecurityIdentity>
    <Name>PIAF_ReadWrite_AST_SUKEP</Name>
    <Description>This identity will provide read and write access</Description>
    <IsEnabled>true</IsEnabled>
  </AFSecurityIdentity>
  <AFElementCategory>
    <Name>EDaMEntity</Name>
    <Description />
    <SecurityAccessControl>Administrators:A(r,w,rd,wd,d,x,a,s,so,an)|Asset Analytics:A(r,w,rd,wd,x,an)|RTQP Engine:A(r,rd)|Asset Analytics Recalculation:A(x)|Notifications:A(r,w,rd,wd,an)|PIAF_ReadBasic_EUACCPICOLLAF:A(r,rd,s,an)|PIAF_Read_AST_SUKEP:A(r,rd,s,an)|PIAF_ReadWrite_AST_SUKEP:A(r,w,rd,wd,d,x,s,so,an)</SecurityAccessControl>
  </AFElementCategory>
  <AFEnumerationSet>
    <Name>ChemicalCompoundDomainList</Name>
    <Description>CHEMICAL_COMPOUND</Description>
    <AFEnumerationValue>
      <Name>1-Butene</Name>
      <Value>0</Value>
      <Description>1-Butene</Description>
    </AFEnumerationValue>
    <AFEnumerationValue>
      <Name>1-Pentene</Name>
      <Value>1</Value>
      <Description>1-Pentene</Description>
    </AFEnumerationValue>
    <AFEnumerationValue>
      <Name>Acetylene</Name>
      <Value>24</Value>
      <Description>Acetylene</Description>
    </AFEnumerationValue>
    <AFEnumerationValue>
      <Name>Ammonia</Name>
      <Value>25</Value>
      <Description>Ammonia</Description>
    </AFEnumerationValue>
    <AFEnumerationValue>
      <Name>Argon</Name>
      <Value>23</Value>
      <Description>Argon</Description>
    </AFEnumerationValue>
    <AFEnumerationValue>
      <Name>Aromatics</Name>
      <Value>2</Value>
      <Description>Aromatics</Description>
    </AFEnumerationValue>
    <AFEnumerationValue>
      <Name>Benzene</Name>
      <Value>26</Value>
      <Description>Benzene</Description>
    </AFEnumerationValue>
    <AFEnumerationValue>
      <Name>Carbon Dioxide</Name>
      <Value>31</Value>
      <Description>Carbon Dioxide</Description>
    </AFEnumerationValue>
    <AFEnumerationValue>
      <Name>Carbon Monoxide</Name>
      <Value>50</Value>
      <Description>Carbon Monoxide</Description>
    </AFEnumerationValue>
    <AFEnumerationValue>
      <Name>Chloride</Name>
      <Value>3</Value>
      <Description>Chloride</Description>
    </AFEnumerationValue>
    <AFEnumerationValue>
      <Name>Cis-2-Butene</Name>
      <Value>30</Value>
      <Description>Cis-2-Butene</Description>
    </AFEnumerationValue>
    <AFEnumerationValue>
      <Name>Decane</Name>
      <Value>27</Value>
      <Description>Decane</Description>
    </AFEnumerationValue>
    <AFEnumerationValue>
      <Name>Diglycolamine</Name>
      <Value>53</Value>
      <Description>Diglycolamine</Description>
    </AFEnumerationValue>
    <AFEnumerationValue>
      <Name>Ethane</Name>
      <Value>9</Value>
      <Description>Ethane</Description>
    </AFEnumerationValue>
    <AFEnumerationValue>
      <Name>Ethane Minus</Name>
      <Value>52</Value>
      <Description>Ethane Minus</Description>
    </AFEnumerationValue>
    <AFEnumerationValue>
      <Name>Ethanol</Name>
      <Value>35</Value>
      <Description>Ethanol</Description>
    </AFEnumerationValue>
    <AFEnumerationValue>
      <Name>Ethene</Name>
      <Value>32</Value>
      <Description>Ethene</Description>
    </AFEnumerationValue>
    <AFEnumerationValue>
      <Name>Ethyl Benzene</Name>
      <Value>33</Value>
      <Description>Ethyl Benzene</Description>
    </AFEnumerationValue>
    <AFEnumerationValue>
      <Name>Helium</Name>
      <Value>36</Value>
      <Description>Helium</Description>
    </AFEnumerationValue>
    <AFEnumerationValue>
      <Name>Hydrogen</Name>
      <Value>10</Value>
      <Description>Hydrogen</Description>
    </AFEnumerationValue>
    <AFEnumerationValue>
      <Name>Hydrogen Chloride</Name>
      <Value>11</Value>
      <Description>Hydrogen Chloride</Description>
    </AFEnumerationValue>
    <AFEnumerationValue>
      <Name>Hydrogen Sulfide</Name>
      <Value>12</Value>
      <Description>Hydrogen Sulfide</Description>
    </AFEnumerationValue>
    <AFEnumerationValue>
      <Name>Iso Butane</Name>
      <Value>13</Value>
      <Description>Iso Butane</Description>
    </AFEnumerationValue>
    <AFEnumerationValue>
      <Name>Iso Butene</Name>
      <Value>37</Value>
      <Description>Iso Butene</Description>
    </AFEnumerationValue>
    <AFEnumerationValue>
      <Name>Iso Octane</Name>
      <Value>38</Value>
      <Description>Iso Octane</Description>
    </AFEnumerationValue>
    <AFEnumerationValue>
      <Name>Iso Pentane</Name>
      <Value>14</Value>
      <Description>Iso Pentane</Description>
    </AFEnumerationValue>
    <AFEnumerationValue>
      <Name>m-Xylene</Name>
      <Value>39</Value>
      <Description>m-Xylene</Description>
    </AFEnumerationValue>
    <AFEnumerationValue>
      <Name>Methane</Name>
      <Value>15</Value>
      <Description>Methane</Description>
    </AFEnumerationValue>
    <AFEnumerationValue>
      <Name>Methanol</Name>
      <Value>34</Value>
      <Description>Methanol</Description>
    </AFEnumerationValue>
    <AFEnumerationValue>
      <Name>n-Heptane</Name>
      <Value>21</Value>
      <Description>Normal Heptane</Description>
    </AFEnumerationValue>
    <AFEnumerationValue>
      <Name>n-Hexane</Name>
      <Value>28</Value>
      <Description>n-Hexane</Description>
    </AFEnumerationValue>
    <AFEnumerationValue>
      <Name>n-Nonane</Name>
      <Value>29</Value>
      <Description>n-Nonane</Description>
    </AFEnumerationValue>
    <AFEnumerationValue>
      <Name>n-Octane</Name>
      <Value>22</Value>
      <Description>Normal Octane</Description>
    </AFEnumerationValue>
    <AFEnumerationValue>
      <Name>Naphthenes</Name>
      <Value>4</Value>
      <Description>Naphthenes</Description>
    </AFEnumerationValue>
    <AFEnumerationValue>
      <Name>Neo Hexane</Name>
      <Value>40</Value>
      <Description>Neo Hexane</Description>
    </AFEnumerationValue>
    <AFEnumerationValue>
      <Name>Neo Pentane</Name>
      <Value>41</Value>
      <Description>Neo Pentane</Description>
    </AFEnumerationValue>
    <AFEnumerationValue>
      <Name>Nitrogen</Name>
      <Value>5</Value>
      <Description>Nitrogen</Description>
    </AFEnumerationValue>
    <AFEnumerationValue>
      <Name>Nitrogen Oxides</Name>
      <Value>51</Value>
      <Description>Nitrogen Oxides</Description>
    </AFEnumerationValue>
    <AFEnumerationValue>
      <Name>Normal Butane</Name>
      <Value>16</Value>
      <Description>Normal Butane</Description>
    </AFEnumerationValue>
    <AFEnumerationValue>
      <Name>Normal Pentane</Name>
      <Value>17</Value>
      <Description>Normal Pentane</Description>
    </AFEnumerationValue>
    <AFEnumerationValue>
      <Name>o-Xylene</Name>
      <Value>42</Value>
      <Description>o-Xylene</Description>
    </AFEnumerationValue>
    <AFEnumerationValue>
      <Name>Olefins</Name>
      <Value>6</Value>
      <Description>Olefins</Description>
    </AFEnumerationValue>
    <AFEnumerationValue>
      <Name>Oxygen</Name>
      <Value>43</Value>
      <Description>Oxygen</Description>
    </AFEnumerationValue>
    <AFEnumerationValue>
      <Name>p-Xylene</Name>
      <Value>45</Value>
      <Description>p-Xylene</Description>
    </AFEnumerationValue>
    <AFEnumerationValue>
      <Name>Paraffins</Name>
      <Value>7</Value>
      <Description>Paraffins</Description>
    </AFEnumerationValue>
    <AFEnumerationValue>
      <Name>Pentane Plus</Name>
      <Value>18</Value>
      <Description>Pentane Plus</Description>
    </AFEnumerationValue>
    <AFEnumerationValue>
      <Name>Propane</Name>
      <Value>19</Value>
      <Description>Propane</Description>
    </AFEnumerationValue>
    <AFEnumerationValue>
      <Name>Propene</Name>
      <Value>44</Value>
      <Description>Propene</Description>
    </AFEnumerationValue>
    <AFEnumerationValue>
      <Name>Styrene</Name>
      <Value>46</Value>
      <Description>Styrene</Description>
    </AFEnumerationValue>
    <AFEnumerationValue>
      <Name>Sulphur</Name>
      <Value>8</Value>
      <Description>Sulphur</Description>
    </AFEnumerationValue>
    <AFEnumerationValue>
      <Name>Sulphur Dioxide</Name>
      <Value>47</Value>
      <Description>Sulphur Dioxide</Description>
    </AFEnumerationValue>
    <AFEnumerationValue>
      <Name>Toluene</Name>
      <Value>48</Value>
      <Description>Toluene</Description>
    </AFEnumerationValue>
    <AFEnumerationValue>
      <Name>Trans-2-Butene</Name>
      <Value>49</Value>
      <Description>Trans-2-Butene</Description>
    </AFEnumerationValue>
    <AFEnumerationValue>
      <Name>Water</Name>
      <Value>20</Value>
      <Description>Water</Description>
    </AFEnumerationValue>
    <SecurityAccessControl>Administrators:A(r,w,rd,wd,d,x,a,s,so,an)|Asset Analytics:A(r,w,rd,wd,x,an)|RTQP Engine:A(r,rd)|Asset Analytics Recalculation:A(x)|Notifications:A(r,w,rd,wd,an)|PIAF_ReadBasic_EUACCPICOLLAF:A(r,rd,s,an)|PIAF_Read_AST_SUKEP:A(r,rd,s,an)|PIAF_ReadWrite_AST_SUKEP:A(r,w,rd,wd,d,x,s,so,an)</SecurityAccessControl>
  </AFEnumerationSet>
  <AFElementTemplate>
    <Name>EDAM_ROOT</Name>
    <Description />
    <BaseTemplateOnly>false</BaseTemplateOnly>
    <BaseTemplate />
    <Type>None</Type>
    <InstanceType>Element</InstanceType>
    <AllowElementToExtend>true</AllowElementToExtend>
    <DefaultAttribute />
    <NamingPattern />
    <DefaultInputPort />
    <DefaultOutputPort />
    <DefaultUndirectedPort />
    <AFElementCategoryRef>EDaMEntity</AFElementCategoryRef>
    <AFAttributeTemplate>
      <Name>GlobalUniqueID</Name>
      <Description />
      <IsHidden>false</IsHidden>
      <IsManualDataEntry>false</IsManualDataEntry>
      <IsConfigurationItem>true</IsConfigurationItem>
      <IsExcluded>false</IsExcluded>
      <IsIndexed>false</IsIndexed>
      <Trait />
      <DefaultUOM />
      <DisplayDigits>-5</DisplayDigits>
      <Type>System.Guid</Type>
      <TypeQualifier />
      <Value type="System.Guid">00000000-0000-0000-0000-000000000000</Value>
      <DataReference />
    </AFAttributeTemplate>
    <AFAttributeTemplate>
      <Name>MasterDataSourceName</Name>
      <Description />
      <IsHidden>false</IsHidden>
      <IsManualDataEntry>false</IsManualDataEntry>
      <IsConfigurationItem>true</IsConfigurationItem>
      <IsExcluded>false</IsExcluded>
      <IsIndexed>false</IsIndexed>
      <Trait />
      <DefaultUOM />
      <DisplayDigits>-5</DisplayDigits>
      <Type>String</Type>
      <TypeQualifier />
      <Value type="String"></Value>
      <DataReference />
    </AFAttributeTemplate>
    <AFAttributeTemplate>
      <Name>Name</Name>
      <Description />
      <IsHidden>false</IsHidden>
      <IsManualDataEntry>false</IsManualDataEntry>
      <IsConfigurationItem>true</IsConfigurationItem>
      <IsExcluded>false</IsExcluded>
      <IsIndexed>false</IsIndexed>
      <Trait />
      <DefaultUOM />
      <DisplayDigits>-5</DisplayDigits>
      <Type>String</Type>
      <TypeQualifier />
      <Value type="String"></Value>
      <DataReference />
    </AFAttributeTemplate>
    <AFAttributeTemplate>
      <Name>ShortDisplayName</Name>
      <Description />
      <IsHidden>false</IsHidden>
      <IsManualDataEntry>false</IsManualDataEntry>
      <IsConfigurationItem>true</IsConfigurationItem>
      <IsExcluded>false</IsExcluded>
      <IsIndexed>false</IsIndexed>
      <Trait />
      <DefaultUOM />
      <DisplayDigits>-5</DisplayDigits>
      <Type>String</Type>
      <TypeQualifier />
      <Value type="String"></Value>
      <DataReference />
    </AFAttributeTemplate>
    <SecurityAccessControl>Administrators:A(r,w,rd,wd,d,x,a,s,so,an)|Asset Analytics:A(r,w,rd,wd,x,an)|RTQP Engine:A(r,rd)|Asset Analytics Recalculation:A(x)|Notifications:A(r,w,rd,wd,an)|PIAF_ReadBasic_EUACCPICOLLAF:A(r,rd,s,an)|PIAF_Read_AST_SUKEP:A(r,rd,s,an)|PIAF_ReadWrite_AST_SUKEP:A(r,w,rd,wd,d,x,s,so,an)</SecurityAccessControl>
  </AFElementTemplate>
  <AFElementTemplate>
    <Name>CHEMICAL_COMPOUND</Name>
    <Description>A susbstance is a chemical element, compound or mixture elements and/or compounds. primarily identified by its properties, not by its shape or form and if divided into parts then each of its divisions will continue to be the same substance.</Description>
    <BaseTemplateOnly>false</BaseTemplateOnly>
    <BaseTemplate>EDAM_ROOT</BaseTemplate>
    <Type>None</Type>
    <InstanceType>Element</InstanceType>
    <AllowElementToExtend>false</AllowElementToExtend>
    <DefaultAttribute />
    <NamingPattern />
    <DefaultInputPort />
    <DefaultOutputPort />
    <DefaultUndirectedPort />
    <AFElementCategoryRef>EDaMEntity</AFElementCategoryRef>
    <AFAttributeTemplate>
      <Name>TypeName</Name>
      <Description />
      <IsHidden>false</IsHidden>
      <IsManualDataEntry>false</IsManualDataEntry>
      <IsConfigurationItem>false</IsConfigurationItem>
      <IsExcluded>false</IsExcluded>
      <IsIndexed>false</IsIndexed>
      <Trait />
      <DefaultUOM />
      <DisplayDigits>-5</DisplayDigits>
      <Type>AFEnumerationValue</Type>
      <TypeQualifier type="AFObject">EnumerationSets[ChemicalCompoundDomainList]</TypeQualifier>
      <Value />
      <DataReference />
    </AFAttributeTemplate>
    <SecurityAccessControl>Administrators:A(r,w,rd,wd,d,x,a,s,so,an)|Asset Analytics:A(r,w,rd,wd,x,an)|RTQP Engine:A(r,rd)|Asset Analytics Recalculation:A(x)|Notifications:A(r,w,rd,wd,an)|PIAF_ReadBasic_EUACCPICOLLAF:A(r,rd,s,an)|PIAF_Read_AST_SUKEP:A(r,rd,s,an)|PIAF_ReadWrite_AST_SUKEP:A(r,w,rd,wd,d,x,s,so,an)</SecurityAccessControl>
  </AFElementTemplate>
</AF>