﻿<?xml version="1.0" encoding="utf-8"?>
<AF xmlns:xsi="http://www.w3.org/2001/XMLSchema-instance" xsi:noNamespaceSchemaLocation="OSIsoft.AF.xsd" SchemaVersion="2.0" SoftwareVersion="2.10.9.593" ExportMode="AllReferences, NoUniqueID, DefaultValues, Security, SimplifiedConfigStrings" PISystem="ACCPICOLL_AF" Database="Functional Calculations AST SUKEP" Description="ONLY for AST Project, Contact: Ishan Khare, Animesh Parikshya Or Rishabh Sharma || End Date: Dec 2022" Created="2022-11-21T05:15:19.7005672Z" id="481cedc3-fc86-464f-83a6-a3f774b605ec" ParentKey="cd75538e-e5d2-445c-aee0-494ed8233e64" ExportedObject="GA: VEGA_Flowline_GF_Inlet_Pressure_Max" ExportedType="AFElementTemplate" Identity="ElementTemplate" PIPersist="245 {9895150E-085D-4fcb-A16D-5EF5D2527196} 2\{16f50517-ae34-45bb-943a-c4a466a280a1}\ElementTemplates[{481cedc3-fc86-464f-83a6-a3f774b605ec}]*ACCPICOLL_AF\Functional Calculations AST SUKEP\ElementTemplates[GA: VEGA_Flowline_GF_Inlet_Pressure_Max]">
  <AFSecurityIdentity>
    <Name>Administrators</Name>
    <Description>Administrator security access</Description>
    <IsEnabled>true</IsEnabled>
  </AFSecurityIdentity>
  <AFSecurityIdentity>
    <Name>Asset Analytics</Name>
    <Description>PI Analysis Service security access</Description>
    <IsEnabled>true</IsEnabled>
  </AFSecurityIdentity>
  <AFSecurityIdentity>
    <Name>RTQP Engine</Name>
    <Description>RTQP Engine security access</Description>
    <IsEnabled>true</IsEnabled>
  </AFSecurityIdentity>
  <AFSecurityIdentity>
    <Name>Asset Analytics Recalculation</Name>
    <Description>PI Analysis Service recalculation/backfilling security access</Description>
    <IsEnabled>true</IsEnabled>
  </AFSecurityIdentity>
  <AFSecurityIdentity>
    <Name>Notifications</Name>
    <Description>PI Notifications Service security access</Description>
    <IsEnabled>true</IsEnabled>
  </AFSecurityIdentity>
  <AFSecurityIdentity>
    <Name>PIAF_ReadBasic_EUACCPICOLLAF</Name>
    <Description>This identity will provide global read access to EUACCPICOLLAF</Description>
    <IsEnabled>true</IsEnabled>
  </AFSecurityIdentity>
  <AFSecurityIdentity>
    <Name>PIAF_Read_AST_SUKEP</Name>
    <Description>This identity will provide read</Description>
    <IsEnabled>true</IsEnabled>
  </AFSecurityIdentity>
  <AFSecurityIdentity>
    <Name>PIAF_ReadWrite_AST_SUKEP</Name>
    <Description>This identity will provide read and write access</Description>
    <IsEnabled>true</IsEnabled>
  </AFSecurityIdentity>
  <AFElementCategory>
    <Name>Local Calculation</Name>
    <Description />
    <SecurityAccessControl>Administrators:A(r,w,rd,wd,d,x,a,s,so,an)|Asset Analytics:A(r,w,rd,wd,x,an)|RTQP Engine:A(r,rd)|Asset Analytics Recalculation:A(x)|Notifications:A(r,w,rd,wd,an)|PIAF_ReadBasic_EUACCPICOLLAF:A(r,rd,s,an)|PIAF_Read_AST_SUKEP:A(r,rd,s,an)|PIAF_ReadWrite_AST_SUKEP:A(r,w,rd,wd,d,x,s,so,an)</SecurityAccessControl>
  </AFElementCategory>
  <AFAnalysisCategory>
    <Name>VEGA:GA</Name>
    <Description />
    <SecurityAccessControl>Administrators:A(r,w,rd,wd,d,x,a,s,so,an)|Asset Analytics:A(r,w,rd,wd,x,an)|RTQP Engine:A(r,rd)|Asset Analytics Recalculation:A(x)|Notifications:A(r,w,rd,wd,an)|PIAF_ReadBasic_EUACCPICOLLAF:A(r,rd,s,an)|PIAF_Read_AST_SUKEP:A(r,rd,s,an)|PIAF_ReadWrite_AST_SUKEP:A(r,w,rd,wd,d,x,s,so,an)</SecurityAccessControl>
  </AFAnalysisCategory>
  <AFElementTemplate>
    <Name>Local Calculation Templates</Name>
    <Description>This is the base template from which all Local calculations should derive, if they do not derive from this template, they will be deleted by the sync.</Description>
    <BaseTemplateOnly>false</BaseTemplateOnly>
    <BaseTemplate />
    <Type>None</Type>
    <InstanceType>Element</InstanceType>
    <AllowElementToExtend>false</AllowElementToExtend>
    <DefaultAttribute />
    <NamingPattern />
    <DefaultInputPort />
    <DefaultOutputPort />
    <DefaultUndirectedPort />
    <AFElementCategoryRef>Local Calculation</AFElementCategoryRef>
    <AFAttributeTemplate>
      <Name>Calculation Owner</Name>
      <Description>See [https://eu001-sp.shell.com/sites/AAAAB2614/TDM/Lists/DVO%20Contact%20List/AllItems.aspx] this should be specified before calculation is promoted to production.</Description>
      <IsHidden>false</IsHidden>
      <IsManualDataEntry>false</IsManualDataEntry>
      <IsConfigurationItem>false</IsConfigurationItem>
      <IsExcluded>false</IsExcluded>
      <IsIndexed>false</IsIndexed>
      <Trait />
      <DefaultUOM />
      <DisplayDigits>-5</DisplayDigits>
      <Type>String</Type>
      <TypeQualifier />
      <Value type="String">Carl Gerrard</Value>
      <DataReference />
      <AFAttributeCategoryRef>Shell Required Parameters</AFAttributeCategoryRef>
    </AFAttributeTemplate>
    <AFAttributeTemplate>
      <Name>Data Value Owner</Name>
      <Description>Defines the calculation result owner</Description>
      <IsHidden>false</IsHidden>
      <IsManualDataEntry>false</IsManualDataEntry>
      <IsConfigurationItem>false</IsConfigurationItem>
      <IsExcluded>false</IsExcluded>
      <IsIndexed>false</IsIndexed>
      <Trait />
      <DefaultUOM />
      <DisplayDigits>-5</DisplayDigits>
      <Type>String</Type>
      <TypeQualifier />
      <Value type="String">Carl Gerrard</Value>
      <DataReference />
      <AFAttributeCategoryRef>General</AFAttributeCategoryRef>
    </AFAttributeTemplate>
    <AFAttributeTemplate>
      <Name>Parent GUID</Name>
      <Description>EDAM GUID of Parent of this calculation, used when sending events to Event Collector.</Description>
      <IsHidden>false</IsHidden>
      <IsManualDataEntry>false</IsManualDataEntry>
      <IsConfigurationItem>false</IsConfigurationItem>
      <IsExcluded>false</IsExcluded>
      <IsIndexed>false</IsIndexed>
      <Trait />
      <DefaultUOM />
      <DisplayDigits>-5</DisplayDigits>
      <Type>String</Type>
      <TypeQualifier />
      <Value type="String"></Value>
      <DataReference>String Builder</DataReference>
      <ConfigString>'..\|GlobalUniqueID';</ConfigString>
      <AFAttributeCategoryRef>Shell Required Parameters</AFAttributeCategoryRef>
    </AFAttributeTemplate>
    <AFAttributeTemplate>
      <Name>Parent Name</Name>
      <Description>Name of parent element to this caculation.</Description>
      <IsHidden>false</IsHidden>
      <IsManualDataEntry>false</IsManualDataEntry>
      <IsConfigurationItem>false</IsConfigurationItem>
      <IsExcluded>false</IsExcluded>
      <IsIndexed>false</IsIndexed>
      <Trait />
      <DefaultUOM />
      <DisplayDigits>-5</DisplayDigits>
      <Type>String</Type>
      <TypeQualifier />
      <Value type="String"></Value>
      <DataReference>String Builder</DataReference>
      <ConfigString>"%..\Element%";</ConfigString>
      <AFAttributeCategoryRef>Shell Required Parameters</AFAttributeCategoryRef>
    </AFAttributeTemplate>
    <AFAttributeTemplate>
      <Name>Template Status</Name>
      <Description>Defines the status of the template</Description>
      <IsHidden>false</IsHidden>
      <IsManualDataEntry>false</IsManualDataEntry>
      <IsConfigurationItem>false</IsConfigurationItem>
      <IsExcluded>false</IsExcluded>
      <IsIndexed>false</IsIndexed>
      <Trait />
      <DefaultUOM />
      <DisplayDigits>-5</DisplayDigits>
      <Type>String</Type>
      <TypeQualifier />
      <Value type="String">In Acceptance</Value>
      <DataReference />
      <AFAttributeCategoryRef>General</AFAttributeCategoryRef>
    </AFAttributeTemplate>
    <SecurityAccessControl>Administrators:A(r,w,rd,wd,d,x,a,s,so,an)|Asset Analytics:A(r,w,rd,wd,x,an)|RTQP Engine:A(r,rd)|Asset Analytics Recalculation:A(x)|Notifications:A(r,w,rd,wd,an)|PIAF_ReadBasic_EUACCPICOLLAF:A(r,rd,s,an)|PIAF_Read_AST_SUKEP:A(r,rd,s,an)|PIAF_ReadWrite_AST_SUKEP:A(r,w,rd,wd,d,x,s,so,an)</SecurityAccessControl>
  </AFElementTemplate>
  <AFElementTemplate>
    <Name>SUKEP</Name>
    <Description>Parant Tempate of SUKEP's Template</Description>
    <BaseTemplateOnly>false</BaseTemplateOnly>
    <BaseTemplate>Local Calculation Templates</BaseTemplate>
    <Type>None</Type>
    <InstanceType>Element</InstanceType>
    <AllowElementToExtend>false</AllowElementToExtend>
    <DefaultAttribute />
    <NamingPattern />
    <DefaultInputPort />
    <DefaultOutputPort />
    <DefaultUndirectedPort />
    <SecurityAccessControl>Administrators:A(r,w,rd,wd,d,x,a,s,so,an)|Asset Analytics:A(r,w,rd,wd,x,an)|RTQP Engine:A(r,rd)|Asset Analytics Recalculation:A(x)|Notifications:A(r,w,rd,wd,an)|PIAF_ReadBasic_EUACCPICOLLAF:A(r,rd,s,an)|PIAF_Read_AST_SUKEP:A(r,rd,s,an)|PIAF_ReadWrite_AST_SUKEP:A(r,w,rd,wd,d,x,s,so,an)</SecurityAccessControl>
  </AFElementTemplate>
  <AFElementTemplate>
    <Name>VEGA</Name>
    <Description />
    <BaseTemplateOnly>false</BaseTemplateOnly>
    <BaseTemplate>SUKEP</BaseTemplate>
    <Type>None</Type>
    <InstanceType>Element</InstanceType>
    <AllowElementToExtend>false</AllowElementToExtend>
    <DefaultAttribute />
    <NamingPattern />
    <DefaultInputPort />
    <DefaultOutputPort />
    <DefaultUndirectedPort />
    <AFAttributeTemplate>
      <Name>IsPIDQUsed</Name>
      <Description />
      <IsHidden>false</IsHidden>
      <IsManualDataEntry>false</IsManualDataEntry>
      <IsConfigurationItem>false</IsConfigurationItem>
      <IsExcluded>false</IsExcluded>
      <IsIndexed>false</IsIndexed>
      <Trait />
      <DefaultUOM />
      <DisplayDigits>-5</DisplayDigits>
      <Type>Boolean</Type>
      <TypeQualifier />
      <Value type="Boolean">True</Value>
      <DataReference />
      <AFAttributeCategoryRef>Required attributes</AFAttributeCategoryRef>
    </AFAttributeTemplate>
    <AFAttributeTemplate>
      <Name>PI DQ Tag</Name>
      <Description />
      <IsHidden>false</IsHidden>
      <IsManualDataEntry>false</IsManualDataEntry>
      <IsConfigurationItem>false</IsConfigurationItem>
      <IsExcluded>false</IsExcluded>
      <IsIndexed>false</IsIndexed>
      <Trait />
      <DefaultUOM />
      <DisplayDigits>-5</DisplayDigits>
      <Type>Double</Type>
      <TypeQualifier />
      <Value type="Double">1</Value>
      <DataReference />
      <AFAttributeCategoryRef>Input Tags</AFAttributeCategoryRef>
    </AFAttributeTemplate>
    <SecurityAccessControl>Administrators:A(r,w,rd,wd,d,x,a,s,so,an)|Asset Analytics:A(r,w,rd,wd,x,an)|RTQP Engine:A(r,rd)|Asset Analytics Recalculation:A(x)|Notifications:A(r,w,rd,wd,an)|PIAF_ReadBasic_EUACCPICOLLAF:A(r,rd,s,an)|PIAF_Read_AST_SUKEP:A(r,rd,s,an)|PIAF_ReadWrite_AST_SUKEP:A(r,w,rd,wd,d,x,s,so,an)</SecurityAccessControl>
  </AFElementTemplate>
  <AFElementTemplate>
    <Name>GA: VEGA</Name>
    <Description />
    <BaseTemplateOnly>false</BaseTemplateOnly>
    <BaseTemplate>VEGA</BaseTemplate>
    <Type>None</Type>
    <InstanceType>Element</InstanceType>
    <AllowElementToExtend>false</AllowElementToExtend>
    <DefaultAttribute />
    <NamingPattern />
    <DefaultInputPort />
    <DefaultOutputPort />
    <DefaultUndirectedPort />
    <AFElementCategoryRef>Local Calculation</AFElementCategoryRef>
    <SecurityAccessControl>Administrators:A(r,w,rd,wd,d,x,a,s,so,an)|Asset Analytics:A(r,w,rd,wd,x,an)|RTQP Engine:A(r,rd)|Asset Analytics Recalculation:A(x)|Notifications:A(r,w,rd,wd,an)|PIAF_ReadBasic_EUACCPICOLLAF:A(r,rd,s,an)|PIAF_Read_AST_SUKEP:A(r,rd,s,an)|PIAF_ReadWrite_AST_SUKEP:A(r,w,rd,wd,d,x,s,so,an)</SecurityAccessControl>
  </AFElementTemplate>
  <AFElementTemplate>
    <Name>GA: VEGA_Flowline_and_Risers</Name>
    <Description />
    <BaseTemplateOnly>false</BaseTemplateOnly>
    <BaseTemplate>GA: VEGA</BaseTemplate>
    <Type>None</Type>
    <InstanceType>Element</InstanceType>
    <AllowElementToExtend>false</AllowElementToExtend>
    <DefaultAttribute />
    <NamingPattern />
    <DefaultInputPort />
    <DefaultOutputPort />
    <DefaultUndirectedPort />
    <AFElementCategoryRef>Local Calculation</AFElementCategoryRef>
    <SecurityAccessControl>Administrators:A(r,w,rd,wd,d,x,a,s,so,an)|Asset Analytics:A(r,w,rd,wd,x,an)|RTQP Engine:A(r,rd)|Asset Analytics Recalculation:A(x)|Notifications:A(r,w,rd,wd,an)|PIAF_ReadBasic_EUACCPICOLLAF:A(r,rd,s,an)|PIAF_Read_AST_SUKEP:A(r,rd,s,an)|PIAF_ReadWrite_AST_SUKEP:A(r,w,rd,wd,d,x,s,so,an)</SecurityAccessControl>
  </AFElementTemplate>
  <AFElementTemplate>
    <Name>GA: VEGA_Flowline_GF_Inlet_Pressure_Max</Name>
    <Description>To calculate the Final GF pressure (Maximum pressure) </Description>
    <BaseTemplateOnly>false</BaseTemplateOnly>
    <BaseTemplate>GA: VEGA_Flowline_and_Risers</BaseTemplate>
    <Type>None</Type>
    <InstanceType>Element</InstanceType>
    <AllowElementToExtend>false</AllowElementToExtend>
    <DefaultAttribute />
    <NamingPattern />
    <DefaultInputPort />
    <DefaultOutputPort />
    <DefaultUndirectedPort />
    <AFElementCategoryRef>Local Calculation</AFElementCategoryRef>
    <AFAttributeTemplate>
      <Name>Inlet Pressure GF01</Name>
      <Description />
      <IsHidden>false</IsHidden>
      <IsManualDataEntry>false</IsManualDataEntry>
      <IsConfigurationItem>false</IsConfigurationItem>
      <IsExcluded>false</IsExcluded>
      <IsIndexed>false</IsIndexed>
      <Trait />
      <DefaultUOM />
      <DisplayDigits>-5</DisplayDigits>
      <Type>Double</Type>
      <TypeQualifier />
      <Value type="Double">0</Value>
      <DataReference>PI Point</DataReference>
      <ConfigString>\\%Server%\%Element%.%Attribute%</ConfigString>
      <AFAttributeCategoryRef>Input Tags</AFAttributeCategoryRef>
    </AFAttributeTemplate>
    <AFAttributeTemplate>
      <Name>Inlet Pressure GF02</Name>
      <Description />
      <IsHidden>false</IsHidden>
      <IsManualDataEntry>false</IsManualDataEntry>
      <IsConfigurationItem>false</IsConfigurationItem>
      <IsExcluded>false</IsExcluded>
      <IsIndexed>false</IsIndexed>
      <Trait />
      <DefaultUOM />
      <DisplayDigits>-5</DisplayDigits>
      <Type>Double</Type>
      <TypeQualifier />
      <Value type="Double">0</Value>
      <DataReference>PI Point</DataReference>
      <ConfigString>\\%Server%\%Element%.%Attribute%</ConfigString>
      <AFAttributeCategoryRef>Input Tags</AFAttributeCategoryRef>
    </AFAttributeTemplate>
    <AFAttributeTemplate>
      <Name>Inlet Pressure GF03</Name>
      <Description />
      <IsHidden>false</IsHidden>
      <IsManualDataEntry>false</IsManualDataEntry>
      <IsConfigurationItem>false</IsConfigurationItem>
      <IsExcluded>false</IsExcluded>
      <IsIndexed>false</IsIndexed>
      <Trait />
      <DefaultUOM />
      <DisplayDigits>-5</DisplayDigits>
      <Type>Double</Type>
      <TypeQualifier />
      <Value type="Double">0</Value>
      <DataReference>PI Point</DataReference>
      <ConfigString>\\%Server%\%Element%.%Attribute%</ConfigString>
      <AFAttributeCategoryRef>Input Tags</AFAttributeCategoryRef>
    </AFAttributeTemplate>
    <AFAttributeTemplate>
      <Name>Inlet Pressure- Max</Name>
      <Description />
      <IsHidden>false</IsHidden>
      <IsManualDataEntry>false</IsManualDataEntry>
      <IsConfigurationItem>false</IsConfigurationItem>
      <IsExcluded>false</IsExcluded>
      <IsIndexed>false</IsIndexed>
      <Trait />
      <DefaultUOM />
      <DisplayDigits>-5</DisplayDigits>
      <Type>Double</Type>
      <TypeQualifier />
      <Value type="Double">0</Value>
      <DataReference>PI Point</DataReference>
      <ConfigString>\\%Server%\%Element%.%Attribute%</ConfigString>
      <AFAttributeCategoryRef>Output Tags</AFAttributeCategoryRef>
    </AFAttributeTemplate>
    <AFAttributeTemplate>
      <Name>Well Opertional Status GF01</Name>
      <Description />
      <IsHidden>false</IsHidden>
      <IsManualDataEntry>false</IsManualDataEntry>
      <IsConfigurationItem>false</IsConfigurationItem>
      <IsExcluded>false</IsExcluded>
      <IsIndexed>false</IsIndexed>
      <Trait />
      <DefaultUOM />
      <DisplayDigits>-5</DisplayDigits>
      <Type>Double</Type>
      <TypeQualifier />
      <Value type="Double">0</Value>
      <DataReference>PI Point</DataReference>
      <ConfigString>\\%Server%\%Element%.%Attribute%</ConfigString>
      <AFAttributeCategoryRef>Input Tags</AFAttributeCategoryRef>
    </AFAttributeTemplate>
    <AFAttributeTemplate>
      <Name>Well Opertional Status GF02</Name>
      <Description />
      <IsHidden>false</IsHidden>
      <IsManualDataEntry>false</IsManualDataEntry>
      <IsConfigurationItem>false</IsConfigurationItem>
      <IsExcluded>false</IsExcluded>
      <IsIndexed>false</IsIndexed>
      <Trait />
      <DefaultUOM />
      <DisplayDigits>-5</DisplayDigits>
      <Type>Double</Type>
      <TypeQualifier />
      <Value type="Double">0</Value>
      <DataReference>PI Point</DataReference>
      <ConfigString>\\%Server%\%Element%.%Attribute%</ConfigString>
      <AFAttributeCategoryRef>Input Tags</AFAttributeCategoryRef>
    </AFAttributeTemplate>
    <AFAttributeTemplate>
      <Name>Well Opertional Status GF03</Name>
      <Description />
      <IsHidden>false</IsHidden>
      <IsManualDataEntry>false</IsManualDataEntry>
      <IsConfigurationItem>false</IsConfigurationItem>
      <IsExcluded>false</IsExcluded>
      <IsIndexed>false</IsIndexed>
      <Trait />
      <DefaultUOM />
      <DisplayDigits>-5</DisplayDigits>
      <Type>Double</Type>
      <TypeQualifier />
      <Value type="Double">0</Value>
      <DataReference>PI Point</DataReference>
      <ConfigString>\\%Server%\%Element%.%Attribute%</ConfigString>
      <AFAttributeCategoryRef>Input Tags</AFAttributeCategoryRef>
    </AFAttributeTemplate>
    <AFAnalysisTemplate>
      <Name>Max_Inlet Pressure</Name>
      <Description />
      <OutputTime />
      <GroupID>0</GroupID>
      <CaseTemplate />
      <Target>GA: VEGA_Flowline_GF_Inlet_Pressure_Max</Target>
      <CreateEnabled>true</CreateEnabled>
      <AFAnalysisCategoryRef>VEGA:GA</AFAnalysisCategoryRef>
      <AFAnalysisRule>
        <AFPlugIn>PerformanceEquation</AFPlugIn>
        <ConfigString>All_Well_Offline := if 'Well Opertional Status GF01' = 5 and 'Well Opertional Status GF02' = 5 and 'Well Opertional Status GF03' = 5 then TRUE else FALSE;&#xD;
Pressure_GF1 := if BadVal('Inlet Pressure GF01') or BadVal('Well Opertional Status GF01') then &#xD;
	0 &#xD;
else if 'Well Opertional Status GF01' = 5 then &#xD;
	0 &#xD;
else &#xD;
	'Inlet Pressure GF01';&#xD;
Pressure_GF2 := if BadVal('Inlet Pressure GF02') or BadVal('Well Opertional Status GF02') then &#xD;
	0 &#xD;
else if 'Well Opertional Status GF02' = 5 then &#xD;
	0 &#xD;
else &#xD;
	'Inlet Pressure GF02';&#xD;
Pressure_GF3 := if BadVal('Inlet Pressure GF03') or BadVal('Well Opertional Status GF03') then &#xD;
	0 &#xD;
else if 'Well Opertional Status GF03' = 5 then &#xD;
	0 &#xD;
else &#xD;
	'Inlet Pressure GF03';&#xD;
Max_Pressure := if All_Well_Offline = TRUE then Max('Inlet Pressure GF01','Inlet Pressure GF02','Inlet Pressure GF03') else Max(Pressure_GF1, Pressure_GF2, Pressure_GF3);</ConfigString>
        <VariableMapping>Max_Pressure||Inlet Pressure- Max;</VariableMapping>
      </AFAnalysisRule>
      <AFTimeRule>
        <AFPlugIn>Natural</AFPlugIn>
        <ConfigString />
      </AFTimeRule>
      <SecurityAccessControl>Administrators:A(r,w,rd,wd,d,x,a,s,so,an)|Asset Analytics:A(r,w,rd,wd,x,an)|RTQP Engine:A(r,rd)|Asset Analytics Recalculation:A(x)|Notifications:A(r,w,rd,wd,an)|PIAF_ReadBasic_EUACCPICOLLAF:A(r,rd,s,an)|PIAF_Read_AST_SUKEP:A(r,rd,s,an)|PIAF_ReadWrite_AST_SUKEP:A(r,w,rd,wd,d,x,s,so,an)</SecurityAccessControl>
    </AFAnalysisTemplate>
    <SecurityAccessControl>Administrators:A(r,w,rd,wd,d,x,a,s,so,an)|Asset Analytics:A(r,w,rd,wd,x,an)|RTQP Engine:A(r,rd)|Asset Analytics Recalculation:A(x)|Notifications:A(r,w,rd,wd,an)|PIAF_ReadBasic_EUACCPICOLLAF:A(r,rd,s,an)|PIAF_Read_AST_SUKEP:A(r,rd,s,an)|PIAF_ReadWrite_AST_SUKEP:A(r,w,rd,wd,d,x,s,so,an)</SecurityAccessControl>
  </AFElementTemplate>
</AF>