﻿<?xml version="1.0" encoding="utf-8"?>
<AF xmlns:xsi="http://www.w3.org/2001/XMLSchema-instance" xsi:noNamespaceSchemaLocation="OSIsoft.AF.xsd" SchemaVersion="2.0" SoftwareVersion="2.10.9.593" ExportMode="AllReferences, NoUniqueID, DefaultValues, Security, SimplifiedConfigStrings" PISystem="ACCPICOLL_AF" Database="Functional Calculations AST SUKEP" Description="ONLY for AST Project, Contact: Ishan Khare, Animesh Parikshya Or Rishabh Sharma || End Date: Dec 2022" Created="2022-11-21T05:25:48.9351233Z" id="e62df931-56c3-409a-9743-88715410de20" ParentKey="cd75538e-e5d2-445c-aee0-494ed8233e64" ExportedObject="GA: VEGA_Seperator_Scale_Check" ExportedType="AFElementTemplate" Identity="ElementTemplate" PIPersist="236 {9895150E-085D-4fcb-A16D-5EF5D2527196} 2\{16f50517-ae34-45bb-943a-c4a466a280a1}\ElementTemplates[{e62df931-56c3-409a-9743-88715410de20}]*ACCPICOLL_AF\Functional Calculations AST SUKEP\ElementTemplates[GA: VEGA_Seperator_Scale_Check]">
  <AFSecurityIdentity>
    <Name>Administrators</Name>
    <Description>Administrator security access</Description>
    <IsEnabled>true</IsEnabled>
  </AFSecurityIdentity>
  <AFSecurityIdentity>
    <Name>Asset Analytics</Name>
    <Description>PI Analysis Service security access</Description>
    <IsEnabled>true</IsEnabled>
  </AFSecurityIdentity>
  <AFSecurityIdentity>
    <Name>RTQP Engine</Name>
    <Description>RTQP Engine security access</Description>
    <IsEnabled>true</IsEnabled>
  </AFSecurityIdentity>
  <AFSecurityIdentity>
    <Name>Asset Analytics Recalculation</Name>
    <Description>PI Analysis Service recalculation/backfilling security access</Description>
    <IsEnabled>true</IsEnabled>
  </AFSecurityIdentity>
  <AFSecurityIdentity>
    <Name>Notifications</Name>
    <Description>PI Notifications Service security access</Description>
    <IsEnabled>true</IsEnabled>
  </AFSecurityIdentity>
  <AFSecurityIdentity>
    <Name>PIAF_ReadBasic_EUACCPICOLLAF</Name>
    <Description>This identity will provide global read access to EUACCPICOLLAF</Description>
    <IsEnabled>true</IsEnabled>
  </AFSecurityIdentity>
  <AFSecurityIdentity>
    <Name>PIAF_Read_AST_SUKEP</Name>
    <Description>This identity will provide read</Description>
    <IsEnabled>true</IsEnabled>
  </AFSecurityIdentity>
  <AFSecurityIdentity>
    <Name>PIAF_ReadWrite_AST_SUKEP</Name>
    <Description>This identity will provide read and write access</Description>
    <IsEnabled>true</IsEnabled>
  </AFSecurityIdentity>
  <AFElementCategory>
    <Name>Local Calculation</Name>
    <Description />
    <SecurityAccessControl>Administrators:A(r,w,rd,wd,d,x,a,s,so,an)|Asset Analytics:A(r,w,rd,wd,x,an)|RTQP Engine:A(r,rd)|Asset Analytics Recalculation:A(x)|Notifications:A(r,w,rd,wd,an)|PIAF_ReadBasic_EUACCPICOLLAF:A(r,rd,s,an)|PIAF_Read_AST_SUKEP:A(r,rd,s,an)|PIAF_ReadWrite_AST_SUKEP:A(r,w,rd,wd,d,x,s,so,an)</SecurityAccessControl>
  </AFElementCategory>
  <AFAnalysisCategory>
    <Name>VEGA:GA</Name>
    <Description />
    <SecurityAccessControl>Administrators:A(r,w,rd,wd,d,x,a,s,so,an)|Asset Analytics:A(r,w,rd,wd,x,an)|RTQP Engine:A(r,rd)|Asset Analytics Recalculation:A(x)|Notifications:A(r,w,rd,wd,an)|PIAF_ReadBasic_EUACCPICOLLAF:A(r,rd,s,an)|PIAF_Read_AST_SUKEP:A(r,rd,s,an)|PIAF_ReadWrite_AST_SUKEP:A(r,w,rd,wd,d,x,s,so,an)</SecurityAccessControl>
  </AFAnalysisCategory>
  <AFElementTemplate>
    <Name>Local Calculation Templates</Name>
    <Description>This is the base template from which all Local calculations should derive, if they do not derive from this template, they will be deleted by the sync.</Description>
    <BaseTemplateOnly>false</BaseTemplateOnly>
    <BaseTemplate />
    <Type>None</Type>
    <InstanceType>Element</InstanceType>
    <AllowElementToExtend>false</AllowElementToExtend>
    <DefaultAttribute />
    <NamingPattern />
    <DefaultInputPort />
    <DefaultOutputPort />
    <DefaultUndirectedPort />
    <AFElementCategoryRef>Local Calculation</AFElementCategoryRef>
    <AFAttributeTemplate>
      <Name>Calculation Owner</Name>
      <Description>See [https://eu001-sp.shell.com/sites/AAAAB2614/TDM/Lists/DVO%20Contact%20List/AllItems.aspx] this should be specified before calculation is promoted to production.</Description>
      <IsHidden>false</IsHidden>
      <IsManualDataEntry>false</IsManualDataEntry>
      <IsConfigurationItem>false</IsConfigurationItem>
      <IsExcluded>false</IsExcluded>
      <IsIndexed>false</IsIndexed>
      <Trait />
      <DefaultUOM />
      <DisplayDigits>-5</DisplayDigits>
      <Type>String</Type>
      <TypeQualifier />
      <Value type="String">Carl Gerrard</Value>
      <DataReference />
      <AFAttributeCategoryRef>Shell Required Parameters</AFAttributeCategoryRef>
    </AFAttributeTemplate>
    <AFAttributeTemplate>
      <Name>Data Value Owner</Name>
      <Description>Defines the calculation result owner</Description>
      <IsHidden>false</IsHidden>
      <IsManualDataEntry>false</IsManualDataEntry>
      <IsConfigurationItem>false</IsConfigurationItem>
      <IsExcluded>false</IsExcluded>
      <IsIndexed>false</IsIndexed>
      <Trait />
      <DefaultUOM />
      <DisplayDigits>-5</DisplayDigits>
      <Type>String</Type>
      <TypeQualifier />
      <Value type="String">Carl Gerrard</Value>
      <DataReference />
      <AFAttributeCategoryRef>General</AFAttributeCategoryRef>
    </AFAttributeTemplate>
    <AFAttributeTemplate>
      <Name>Parent GUID</Name>
      <Description>EDAM GUID of Parent of this calculation, used when sending events to Event Collector.</Description>
      <IsHidden>false</IsHidden>
      <IsManualDataEntry>false</IsManualDataEntry>
      <IsConfigurationItem>false</IsConfigurationItem>
      <IsExcluded>false</IsExcluded>
      <IsIndexed>false</IsIndexed>
      <Trait />
      <DefaultUOM />
      <DisplayDigits>-5</DisplayDigits>
      <Type>String</Type>
      <TypeQualifier />
      <Value type="String"></Value>
      <DataReference>String Builder</DataReference>
      <ConfigString>'..\|GlobalUniqueID';</ConfigString>
      <AFAttributeCategoryRef>Shell Required Parameters</AFAttributeCategoryRef>
    </AFAttributeTemplate>
    <AFAttributeTemplate>
      <Name>Parent Name</Name>
      <Description>Name of parent element to this caculation.</Description>
      <IsHidden>false</IsHidden>
      <IsManualDataEntry>false</IsManualDataEntry>
      <IsConfigurationItem>false</IsConfigurationItem>
      <IsExcluded>false</IsExcluded>
      <IsIndexed>false</IsIndexed>
      <Trait />
      <DefaultUOM />
      <DisplayDigits>-5</DisplayDigits>
      <Type>String</Type>
      <TypeQualifier />
      <Value type="String"></Value>
      <DataReference>String Builder</DataReference>
      <ConfigString>"%..\Element%";</ConfigString>
      <AFAttributeCategoryRef>Shell Required Parameters</AFAttributeCategoryRef>
    </AFAttributeTemplate>
    <AFAttributeTemplate>
      <Name>Template Status</Name>
      <Description>Defines the status of the template</Description>
      <IsHidden>false</IsHidden>
      <IsManualDataEntry>false</IsManualDataEntry>
      <IsConfigurationItem>false</IsConfigurationItem>
      <IsExcluded>false</IsExcluded>
      <IsIndexed>false</IsIndexed>
      <Trait />
      <DefaultUOM />
      <DisplayDigits>-5</DisplayDigits>
      <Type>String</Type>
      <TypeQualifier />
      <Value type="String">In Acceptance</Value>
      <DataReference />
      <AFAttributeCategoryRef>General</AFAttributeCategoryRef>
    </AFAttributeTemplate>
    <SecurityAccessControl>Administrators:A(r,w,rd,wd,d,x,a,s,so,an)|Asset Analytics:A(r,w,rd,wd,x,an)|RTQP Engine:A(r,rd)|Asset Analytics Recalculation:A(x)|Notifications:A(r,w,rd,wd,an)|PIAF_ReadBasic_EUACCPICOLLAF:A(r,rd,s,an)|PIAF_Read_AST_SUKEP:A(r,rd,s,an)|PIAF_ReadWrite_AST_SUKEP:A(r,w,rd,wd,d,x,s,so,an)</SecurityAccessControl>
  </AFElementTemplate>
  <AFElementTemplate>
    <Name>SUKEP</Name>
    <Description>Parant Tempate of SUKEP's Template</Description>
    <BaseTemplateOnly>false</BaseTemplateOnly>
    <BaseTemplate>Local Calculation Templates</BaseTemplate>
    <Type>None</Type>
    <InstanceType>Element</InstanceType>
    <AllowElementToExtend>false</AllowElementToExtend>
    <DefaultAttribute />
    <NamingPattern />
    <DefaultInputPort />
    <DefaultOutputPort />
    <DefaultUndirectedPort />
    <SecurityAccessControl>Administrators:A(r,w,rd,wd,d,x,a,s,so,an)|Asset Analytics:A(r,w,rd,wd,x,an)|RTQP Engine:A(r,rd)|Asset Analytics Recalculation:A(x)|Notifications:A(r,w,rd,wd,an)|PIAF_ReadBasic_EUACCPICOLLAF:A(r,rd,s,an)|PIAF_Read_AST_SUKEP:A(r,rd,s,an)|PIAF_ReadWrite_AST_SUKEP:A(r,w,rd,wd,d,x,s,so,an)</SecurityAccessControl>
  </AFElementTemplate>
  <AFElementTemplate>
    <Name>VEGA</Name>
    <Description />
    <BaseTemplateOnly>false</BaseTemplateOnly>
    <BaseTemplate>SUKEP</BaseTemplate>
    <Type>None</Type>
    <InstanceType>Element</InstanceType>
    <AllowElementToExtend>false</AllowElementToExtend>
    <DefaultAttribute />
    <NamingPattern />
    <DefaultInputPort />
    <DefaultOutputPort />
    <DefaultUndirectedPort />
    <AFAttributeTemplate>
      <Name>IsPIDQUsed</Name>
      <Description />
      <IsHidden>false</IsHidden>
      <IsManualDataEntry>false</IsManualDataEntry>
      <IsConfigurationItem>false</IsConfigurationItem>
      <IsExcluded>false</IsExcluded>
      <IsIndexed>false</IsIndexed>
      <Trait />
      <DefaultUOM />
      <DisplayDigits>-5</DisplayDigits>
      <Type>Boolean</Type>
      <TypeQualifier />
      <Value type="Boolean">True</Value>
      <DataReference />
      <AFAttributeCategoryRef>Required attributes</AFAttributeCategoryRef>
    </AFAttributeTemplate>
    <AFAttributeTemplate>
      <Name>PI DQ Tag</Name>
      <Description />
      <IsHidden>false</IsHidden>
      <IsManualDataEntry>false</IsManualDataEntry>
      <IsConfigurationItem>false</IsConfigurationItem>
      <IsExcluded>false</IsExcluded>
      <IsIndexed>false</IsIndexed>
      <Trait />
      <DefaultUOM />
      <DisplayDigits>-5</DisplayDigits>
      <Type>Double</Type>
      <TypeQualifier />
      <Value type="Double">1</Value>
      <DataReference />
      <AFAttributeCategoryRef>Input Tags</AFAttributeCategoryRef>
    </AFAttributeTemplate>
    <SecurityAccessControl>Administrators:A(r,w,rd,wd,d,x,a,s,so,an)|Asset Analytics:A(r,w,rd,wd,x,an)|RTQP Engine:A(r,rd)|Asset Analytics Recalculation:A(x)|Notifications:A(r,w,rd,wd,an)|PIAF_ReadBasic_EUACCPICOLLAF:A(r,rd,s,an)|PIAF_Read_AST_SUKEP:A(r,rd,s,an)|PIAF_ReadWrite_AST_SUKEP:A(r,w,rd,wd,d,x,s,so,an)</SecurityAccessControl>
  </AFElementTemplate>
  <AFElementTemplate>
    <Name>GA: VEGA</Name>
    <Description />
    <BaseTemplateOnly>false</BaseTemplateOnly>
    <BaseTemplate>VEGA</BaseTemplate>
    <Type>None</Type>
    <InstanceType>Element</InstanceType>
    <AllowElementToExtend>false</AllowElementToExtend>
    <DefaultAttribute />
    <NamingPattern />
    <DefaultInputPort />
    <DefaultOutputPort />
    <DefaultUndirectedPort />
    <AFElementCategoryRef>Local Calculation</AFElementCategoryRef>
    <SecurityAccessControl>Administrators:A(r,w,rd,wd,d,x,a,s,so,an)|Asset Analytics:A(r,w,rd,wd,x,an)|RTQP Engine:A(r,rd)|Asset Analytics Recalculation:A(x)|Notifications:A(r,w,rd,wd,an)|PIAF_ReadBasic_EUACCPICOLLAF:A(r,rd,s,an)|PIAF_Read_AST_SUKEP:A(r,rd,s,an)|PIAF_ReadWrite_AST_SUKEP:A(r,w,rd,wd,d,x,s,so,an)</SecurityAccessControl>
  </AFElementTemplate>
  <AFElementTemplate>
    <Name>GA: VEGA_Seperators</Name>
    <Description />
    <BaseTemplateOnly>false</BaseTemplateOnly>
    <BaseTemplate>GA: VEGA</BaseTemplate>
    <Type>None</Type>
    <InstanceType>Element</InstanceType>
    <AllowElementToExtend>false</AllowElementToExtend>
    <DefaultAttribute />
    <NamingPattern />
    <DefaultInputPort />
    <DefaultOutputPort />
    <DefaultUndirectedPort />
    <AFElementCategoryRef>Local Calculation</AFElementCategoryRef>
    <SecurityAccessControl>Administrators:A(r,w,rd,wd,d,x,a,s,so,an)|Asset Analytics:A(r,w,rd,wd,x,an)|RTQP Engine:A(r,rd)|Asset Analytics Recalculation:A(x)|Notifications:A(r,w,rd,wd,an)|PIAF_ReadBasic_EUACCPICOLLAF:A(r,rd,s,an)|PIAF_Read_AST_SUKEP:A(r,rd,s,an)|PIAF_ReadWrite_AST_SUKEP:A(r,w,rd,wd,d,x,s,so,an)</SecurityAccessControl>
  </AFElementTemplate>
  <AFElementTemplate>
    <Name>GA: VEGA_Seperator_Scale_Check</Name>
    <Description />
    <BaseTemplateOnly>false</BaseTemplateOnly>
    <BaseTemplate>GA: VEGA_Seperators</BaseTemplate>
    <Type>None</Type>
    <InstanceType>Element</InstanceType>
    <AllowElementToExtend>false</AllowElementToExtend>
    <DefaultAttribute />
    <NamingPattern />
    <DefaultInputPort />
    <DefaultOutputPort />
    <DefaultUndirectedPort />
    <AFElementCategoryRef>Local Calculation</AFElementCategoryRef>
    <AFAttributeTemplate>
      <Name>Coefficients K0 ST1</Name>
      <Description>coefficients for the ST1 curve</Description>
      <IsHidden>false</IsHidden>
      <IsManualDataEntry>false</IsManualDataEntry>
      <IsConfigurationItem>false</IsConfigurationItem>
      <IsExcluded>false</IsExcluded>
      <IsIndexed>false</IsIndexed>
      <Trait />
      <DefaultUOM />
      <DisplayDigits>-5</DisplayDigits>
      <Type>Double</Type>
      <TypeQualifier />
      <Value type="Double">0</Value>
      <DataReference />
      <AFAttributeCategoryRef>Properties</AFAttributeCategoryRef>
    </AFAttributeTemplate>
    <AFAttributeTemplate>
      <Name>Coefficients K0 ST2</Name>
      <Description>coefficients for the ST2 curve</Description>
      <IsHidden>false</IsHidden>
      <IsManualDataEntry>false</IsManualDataEntry>
      <IsConfigurationItem>false</IsConfigurationItem>
      <IsExcluded>false</IsExcluded>
      <IsIndexed>false</IsIndexed>
      <Trait />
      <DefaultUOM />
      <DisplayDigits>-5</DisplayDigits>
      <Type>Double</Type>
      <TypeQualifier />
      <Value type="Double">0</Value>
      <DataReference />
      <AFAttributeCategoryRef>Properties</AFAttributeCategoryRef>
    </AFAttributeTemplate>
    <AFAttributeTemplate>
      <Name>Coefficients K1 ST1</Name>
      <Description>coefficients for the ST1 curve</Description>
      <IsHidden>false</IsHidden>
      <IsManualDataEntry>false</IsManualDataEntry>
      <IsConfigurationItem>false</IsConfigurationItem>
      <IsExcluded>false</IsExcluded>
      <IsIndexed>false</IsIndexed>
      <Trait />
      <DefaultUOM />
      <DisplayDigits>-5</DisplayDigits>
      <Type>Double</Type>
      <TypeQualifier />
      <Value type="Double">0</Value>
      <DataReference />
      <AFAttributeCategoryRef>Properties</AFAttributeCategoryRef>
    </AFAttributeTemplate>
    <AFAttributeTemplate>
      <Name>Coefficients K1 ST2</Name>
      <Description>coefficients for the ST2 curve</Description>
      <IsHidden>false</IsHidden>
      <IsManualDataEntry>false</IsManualDataEntry>
      <IsConfigurationItem>false</IsConfigurationItem>
      <IsExcluded>false</IsExcluded>
      <IsIndexed>false</IsIndexed>
      <Trait />
      <DefaultUOM />
      <DisplayDigits>-5</DisplayDigits>
      <Type>Double</Type>
      <TypeQualifier />
      <Value type="Double">0</Value>
      <DataReference />
      <AFAttributeCategoryRef>Properties</AFAttributeCategoryRef>
    </AFAttributeTemplate>
    <AFAttributeTemplate>
      <Name>Coefficients K2 ST1</Name>
      <Description>coefficients for the ST1 curve</Description>
      <IsHidden>false</IsHidden>
      <IsManualDataEntry>false</IsManualDataEntry>
      <IsConfigurationItem>false</IsConfigurationItem>
      <IsExcluded>false</IsExcluded>
      <IsIndexed>false</IsIndexed>
      <Trait />
      <DefaultUOM />
      <DisplayDigits>-5</DisplayDigits>
      <Type>Double</Type>
      <TypeQualifier />
      <Value type="Double">0</Value>
      <DataReference />
      <AFAttributeCategoryRef>Properties</AFAttributeCategoryRef>
    </AFAttributeTemplate>
    <AFAttributeTemplate>
      <Name>Coefficients K2 ST2</Name>
      <Description>coefficients for the ST2 curve</Description>
      <IsHidden>false</IsHidden>
      <IsManualDataEntry>false</IsManualDataEntry>
      <IsConfigurationItem>false</IsConfigurationItem>
      <IsExcluded>false</IsExcluded>
      <IsIndexed>false</IsIndexed>
      <Trait />
      <DefaultUOM />
      <DisplayDigits>-5</DisplayDigits>
      <Type>Double</Type>
      <TypeQualifier />
      <Value type="Double">0</Value>
      <DataReference />
      <AFAttributeCategoryRef>Properties</AFAttributeCategoryRef>
    </AFAttributeTemplate>
    <AFAttributeTemplate>
      <Name>Coefficients K3 ST1</Name>
      <Description>coefficients for the ST1 curve</Description>
      <IsHidden>false</IsHidden>
      <IsManualDataEntry>false</IsManualDataEntry>
      <IsConfigurationItem>false</IsConfigurationItem>
      <IsExcluded>false</IsExcluded>
      <IsIndexed>false</IsIndexed>
      <Trait />
      <DefaultUOM />
      <DisplayDigits>-5</DisplayDigits>
      <Type>Double</Type>
      <TypeQualifier />
      <Value type="Double">0</Value>
      <DataReference />
      <AFAttributeCategoryRef>Properties</AFAttributeCategoryRef>
    </AFAttributeTemplate>
    <AFAttributeTemplate>
      <Name>Coefficients K3 ST2</Name>
      <Description>coefficients for the ST2 curve</Description>
      <IsHidden>false</IsHidden>
      <IsManualDataEntry>false</IsManualDataEntry>
      <IsConfigurationItem>false</IsConfigurationItem>
      <IsExcluded>false</IsExcluded>
      <IsIndexed>false</IsIndexed>
      <Trait />
      <DefaultUOM />
      <DisplayDigits>-5</DisplayDigits>
      <Type>Double</Type>
      <TypeQualifier />
      <Value type="Double">0</Value>
      <DataReference />
      <AFAttributeCategoryRef>Properties</AFAttributeCategoryRef>
    </AFAttributeTemplate>
    <AFAttributeTemplate>
      <Name>Coefficients K4 ST1</Name>
      <Description>coefficients for the ST1 curve</Description>
      <IsHidden>false</IsHidden>
      <IsManualDataEntry>false</IsManualDataEntry>
      <IsConfigurationItem>false</IsConfigurationItem>
      <IsExcluded>false</IsExcluded>
      <IsIndexed>false</IsIndexed>
      <Trait />
      <DefaultUOM />
      <DisplayDigits>-5</DisplayDigits>
      <Type>Double</Type>
      <TypeQualifier />
      <Value type="Double">0</Value>
      <DataReference />
      <AFAttributeCategoryRef>Properties</AFAttributeCategoryRef>
    </AFAttributeTemplate>
    <AFAttributeTemplate>
      <Name>Coefficients K4 ST2</Name>
      <Description>coefficients for the ST2 curve</Description>
      <IsHidden>false</IsHidden>
      <IsManualDataEntry>false</IsManualDataEntry>
      <IsConfigurationItem>false</IsConfigurationItem>
      <IsExcluded>false</IsExcluded>
      <IsIndexed>false</IsIndexed>
      <Trait />
      <DefaultUOM />
      <DisplayDigits>-5</DisplayDigits>
      <Type>Double</Type>
      <TypeQualifier />
      <Value type="Double">0</Value>
      <DataReference />
      <AFAttributeCategoryRef>Properties</AFAttributeCategoryRef>
    </AFAttributeTemplate>
    <AFAttributeTemplate>
      <Name>Cumulative Starting from</Name>
      <Description>Cumulative Starting from</Description>
      <IsHidden>false</IsHidden>
      <IsManualDataEntry>false</IsManualDataEntry>
      <IsConfigurationItem>false</IsConfigurationItem>
      <IsExcluded>false</IsExcluded>
      <IsIndexed>false</IsIndexed>
      <Trait />
      <DefaultUOM />
      <DisplayDigits>-5</DisplayDigits>
      <Type>DateTime</Type>
      <TypeQualifier />
      <Value type="DateTime">2020-12-31T18:30:00Z</Value>
      <DataReference />
      <AFAttributeCategoryRef>Properties</AFAttributeCategoryRef>
    </AFAttributeTemplate>
    <AFAttributeTemplate>
      <Name>Cumulative_Status_ST1</Name>
      <Description />
      <IsHidden>false</IsHidden>
      <IsManualDataEntry>false</IsManualDataEntry>
      <IsConfigurationItem>false</IsConfigurationItem>
      <IsExcluded>false</IsExcluded>
      <IsIndexed>false</IsIndexed>
      <Trait />
      <DefaultUOM />
      <DisplayDigits>-5</DisplayDigits>
      <Type>Double</Type>
      <TypeQualifier />
      <Value type="Double">0</Value>
      <DataReference>PI Point</DataReference>
      <ConfigString>\\%Server%\%Element%.%Attribute%</ConfigString>
      <AFAttributeCategoryRef>Output Tags</AFAttributeCategoryRef>
    </AFAttributeTemplate>
    <AFAttributeTemplate>
      <Name>Cumulative_Status_ST2</Name>
      <Description />
      <IsHidden>false</IsHidden>
      <IsManualDataEntry>false</IsManualDataEntry>
      <IsConfigurationItem>false</IsConfigurationItem>
      <IsExcluded>false</IsExcluded>
      <IsIndexed>false</IsIndexed>
      <Trait />
      <DefaultUOM />
      <DisplayDigits>-5</DisplayDigits>
      <Type>Double</Type>
      <TypeQualifier />
      <Value type="Double">0</Value>
      <DataReference>PI Point</DataReference>
      <ConfigString>\\%Server%\%Element%.%Attribute%</ConfigString>
      <AFAttributeCategoryRef>Output Tags</AFAttributeCategoryRef>
    </AFAttributeTemplate>
    <AFAttributeTemplate>
      <Name>Pressure</Name>
      <Description>Pressure</Description>
      <IsHidden>false</IsHidden>
      <IsManualDataEntry>false</IsManualDataEntry>
      <IsConfigurationItem>false</IsConfigurationItem>
      <IsExcluded>false</IsExcluded>
      <IsIndexed>false</IsIndexed>
      <Trait />
      <DefaultUOM>bar</DefaultUOM>
      <DisplayDigits>-5</DisplayDigits>
      <Type>Double</Type>
      <TypeQualifier />
      <Value type="Double">0</Value>
      <DataReference>PI Point</DataReference>
      <ConfigString>\\%Server%\%Element%.%Attribute%</ConfigString>
      <AFAttributeCategoryRef>Input Tags</AFAttributeCategoryRef>
    </AFAttributeTemplate>
    <AFAttributeTemplate>
      <Name>Pressure ST1 min curve</Name>
      <Description>the value of pressure to use for ST1 limit to use when &lt; t_min_curve</Description>
      <IsHidden>false</IsHidden>
      <IsManualDataEntry>false</IsManualDataEntry>
      <IsConfigurationItem>false</IsConfigurationItem>
      <IsExcluded>false</IsExcluded>
      <IsIndexed>false</IsIndexed>
      <Trait />
      <DefaultUOM />
      <DisplayDigits>-5</DisplayDigits>
      <Type>Double</Type>
      <TypeQualifier />
      <Value type="Double">0</Value>
      <DataReference />
      <AFAttributeCategoryRef>Properties</AFAttributeCategoryRef>
    </AFAttributeTemplate>
    <AFAttributeTemplate>
      <Name>Pressure ST2 min curve</Name>
      <Description>the value of pressure to use for ST2 limit to use when &lt; t_min_curve</Description>
      <IsHidden>false</IsHidden>
      <IsManualDataEntry>false</IsManualDataEntry>
      <IsConfigurationItem>false</IsConfigurationItem>
      <IsExcluded>false</IsExcluded>
      <IsIndexed>false</IsIndexed>
      <Trait />
      <DefaultUOM />
      <DisplayDigits>-5</DisplayDigits>
      <Type>Double</Type>
      <TypeQualifier />
      <Value type="Double">0</Value>
      <DataReference />
      <AFAttributeCategoryRef>Properties</AFAttributeCategoryRef>
    </AFAttributeTemplate>
    <AFAttributeTemplate>
      <Name>Pressure_Calc_ST1</Name>
      <Description />
      <IsHidden>false</IsHidden>
      <IsManualDataEntry>false</IsManualDataEntry>
      <IsConfigurationItem>false</IsConfigurationItem>
      <IsExcluded>false</IsExcluded>
      <IsIndexed>false</IsIndexed>
      <Trait />
      <DefaultUOM />
      <DisplayDigits>-5</DisplayDigits>
      <Type>Double</Type>
      <TypeQualifier />
      <Value type="Double">0</Value>
      <DataReference>PI Point</DataReference>
      <ConfigString>\\%Server%\%Element%.%Attribute%</ConfigString>
      <AFAttributeCategoryRef>Output Tags</AFAttributeCategoryRef>
    </AFAttributeTemplate>
    <AFAttributeTemplate>
      <Name>Pressure_Calc_ST2</Name>
      <Description />
      <IsHidden>false</IsHidden>
      <IsManualDataEntry>false</IsManualDataEntry>
      <IsConfigurationItem>false</IsConfigurationItem>
      <IsExcluded>false</IsExcluded>
      <IsIndexed>false</IsIndexed>
      <Trait />
      <DefaultUOM />
      <DisplayDigits>-5</DisplayDigits>
      <Type>Double</Type>
      <TypeQualifier />
      <Value type="Double">0</Value>
      <DataReference>PI Point</DataReference>
      <ConfigString>\\%Server%\%Element%.%Attribute%</ConfigString>
      <AFAttributeCategoryRef>Output Tags</AFAttributeCategoryRef>
    </AFAttributeTemplate>
    <AFAttributeTemplate>
      <Name>Status</Name>
      <Description />
      <IsHidden>false</IsHidden>
      <IsManualDataEntry>false</IsManualDataEntry>
      <IsConfigurationItem>false</IsConfigurationItem>
      <IsExcluded>false</IsExcluded>
      <IsIndexed>false</IsIndexed>
      <Trait />
      <DefaultUOM />
      <DisplayDigits>-5</DisplayDigits>
      <Type>Double</Type>
      <TypeQualifier />
      <Value type="Double">0</Value>
      <DataReference>PI Point</DataReference>
      <ConfigString>\\%Server%\%Element%.%Attribute%</ConfigString>
      <AFAttributeCategoryRef>Output Tags</AFAttributeCategoryRef>
    </AFAttributeTemplate>
    <AFAttributeTemplate>
      <Name>Status_ST1</Name>
      <Description />
      <IsHidden>false</IsHidden>
      <IsManualDataEntry>false</IsManualDataEntry>
      <IsConfigurationItem>false</IsConfigurationItem>
      <IsExcluded>false</IsExcluded>
      <IsIndexed>false</IsIndexed>
      <Trait />
      <DefaultUOM />
      <DisplayDigits>-5</DisplayDigits>
      <Type>Double</Type>
      <TypeQualifier />
      <Value type="Double">0</Value>
      <DataReference>PI Point</DataReference>
      <ConfigString>\\%Server%\%Element%.%Attribute%</ConfigString>
      <AFAttributeCategoryRef>Output Tags</AFAttributeCategoryRef>
    </AFAttributeTemplate>
    <AFAttributeTemplate>
      <Name>Status_ST1_ST2</Name>
      <Description />
      <IsHidden>false</IsHidden>
      <IsManualDataEntry>false</IsManualDataEntry>
      <IsConfigurationItem>false</IsConfigurationItem>
      <IsExcluded>false</IsExcluded>
      <IsIndexed>false</IsIndexed>
      <Trait />
      <DefaultUOM />
      <DisplayDigits>-5</DisplayDigits>
      <Type>Double</Type>
      <TypeQualifier />
      <Value type="Double">0</Value>
      <DataReference>PI Point</DataReference>
      <ConfigString>\\%Server%\%Element%.%Attribute%</ConfigString>
      <AFAttributeCategoryRef>Output Tags</AFAttributeCategoryRef>
    </AFAttributeTemplate>
    <AFAttributeTemplate>
      <Name>Status_ST2</Name>
      <Description />
      <IsHidden>false</IsHidden>
      <IsManualDataEntry>false</IsManualDataEntry>
      <IsConfigurationItem>false</IsConfigurationItem>
      <IsExcluded>false</IsExcluded>
      <IsIndexed>false</IsIndexed>
      <Trait />
      <DefaultUOM />
      <DisplayDigits>-5</DisplayDigits>
      <Type>Double</Type>
      <TypeQualifier />
      <Value type="Double">0</Value>
      <DataReference>PI Point</DataReference>
      <ConfigString>\\%Server%\%Element%.%Attribute%</ConfigString>
      <AFAttributeCategoryRef>Output Tags</AFAttributeCategoryRef>
    </AFAttributeTemplate>
    <AFAttributeTemplate>
      <Name>Temperature</Name>
      <Description>Temperature</Description>
      <IsHidden>false</IsHidden>
      <IsManualDataEntry>false</IsManualDataEntry>
      <IsConfigurationItem>false</IsConfigurationItem>
      <IsExcluded>false</IsExcluded>
      <IsIndexed>false</IsIndexed>
      <Trait />
      <DefaultUOM>°C</DefaultUOM>
      <DisplayDigits>-5</DisplayDigits>
      <Type>Double</Type>
      <TypeQualifier />
      <Value type="Double">0</Value>
      <DataReference>PI Point</DataReference>
      <ConfigString>\\%Server%\%Element%.%Attribute%</ConfigString>
      <AFAttributeCategoryRef>Input Tags</AFAttributeCategoryRef>
    </AFAttributeTemplate>
    <AFAttributeTemplate>
      <Name>Temperature Min Curve</Name>
      <Description>the temperature below which the curve is not valid</Description>
      <IsHidden>false</IsHidden>
      <IsManualDataEntry>false</IsManualDataEntry>
      <IsConfigurationItem>false</IsConfigurationItem>
      <IsExcluded>false</IsExcluded>
      <IsIndexed>false</IsIndexed>
      <Trait />
      <DefaultUOM />
      <DisplayDigits>-5</DisplayDigits>
      <Type>Double</Type>
      <TypeQualifier />
      <Value type="Double">0</Value>
      <DataReference />
      <AFAttributeCategoryRef>Properties</AFAttributeCategoryRef>
    </AFAttributeTemplate>
    <AFAnalysisTemplate>
      <Name>Cumulative Status ST1</Name>
      <Description />
      <OutputTime />
      <GroupID>0</GroupID>
      <CaseTemplate />
      <Target>GA: VEGA_Seperator_Scale_Check</Target>
      <CreateEnabled>true</CreateEnabled>
      <AFAnalysisCategoryRef>VEGA:GA</AFAnalysisCategoryRef>
      <AFAnalysisRule>
        <AFPlugIn>PerformanceEquation</AFPlugIn>
        <ConfigString>if BadVal('Status_ST1') then Exit() else EventCount('Status_ST1','Cumulative Starting from','*')</ConfigString>
        <VariableMapping>Output||Cumulative_Status_ST1;</VariableMapping>
      </AFAnalysisRule>
      <AFTimeRule>
        <AFPlugIn>Periodic</AFPlugIn>
        <ConfigString>Frequency=600;Offset=293</ConfigString>
      </AFTimeRule>
      <SecurityAccessControl>Administrators:A(r,w,rd,wd,d,x,a,s,so,an)|Asset Analytics:A(r,w,rd,wd,x,an)|RTQP Engine:A(r,rd)|Asset Analytics Recalculation:A(x)|Notifications:A(r,w,rd,wd,an)|PIAF_ReadBasic_EUACCPICOLLAF:A(r,rd,s,an)|PIAF_Read_AST_SUKEP:A(r,rd,s,an)|PIAF_ReadWrite_AST_SUKEP:A(r,w,rd,wd,d,x,s,so,an)</SecurityAccessControl>
    </AFAnalysisTemplate>
    <AFAnalysisTemplate>
      <Name>Cumulative Status ST2</Name>
      <Description />
      <OutputTime />
      <GroupID>0</GroupID>
      <CaseTemplate />
      <Target>GA: VEGA_Seperator_Scale_Check</Target>
      <CreateEnabled>true</CreateEnabled>
      <AFAnalysisCategoryRef>VEGA:GA</AFAnalysisCategoryRef>
      <AFAnalysisRule>
        <AFPlugIn>PerformanceEquation</AFPlugIn>
        <ConfigString>if BadVal('Status_ST2') then Exit() else EventCount('Status_ST2','Cumulative Starting from','*')</ConfigString>
        <VariableMapping>Output||Cumulative_Status_ST2;</VariableMapping>
      </AFAnalysisRule>
      <AFTimeRule>
        <AFPlugIn>Periodic</AFPlugIn>
        <ConfigString>Frequency=600;Offset=303</ConfigString>
      </AFTimeRule>
      <SecurityAccessControl>Administrators:A(r,w,rd,wd,d,x,a,s,so,an)|Asset Analytics:A(r,w,rd,wd,x,an)|RTQP Engine:A(r,rd)|Asset Analytics Recalculation:A(x)|Notifications:A(r,w,rd,wd,an)|PIAF_ReadBasic_EUACCPICOLLAF:A(r,rd,s,an)|PIAF_Read_AST_SUKEP:A(r,rd,s,an)|PIAF_ReadWrite_AST_SUKEP:A(r,w,rd,wd,d,x,s,so,an)</SecurityAccessControl>
    </AFAnalysisTemplate>
    <AFAnalysisTemplate>
      <Name>Presure_Calc</Name>
      <Description />
      <OutputTime />
      <GroupID>0</GroupID>
      <CaseTemplate />
      <Target>GA: VEGA_Seperator_Scale_Check</Target>
      <CreateEnabled>true</CreateEnabled>
      <AFAnalysisCategoryRef>VEGA:GA</AFAnalysisCategoryRef>
      <AFAnalysisRule>
        <AFPlugIn>PerformanceEquation</AFPlugIn>
        <ConfigString>PST1Calc := if BadVal('Temperature') then Exit() else if 'Temperature' &lt; 'Temperature Min Curve' then 'Pressure ST1 min curve' else 'Coefficients K0 ST1' + ('Coefficients K1 ST1' * 'Temperature') + ('Coefficients K2 ST1' * Pow('Temperature',2)) + ('Coefficients K3 ST1' * Pow('Temperature',3)) + ('Coefficients K4 ST1' * Pow('Temperature',4));&#xD;
PST2Calc := if BadVal('Temperature') then Exit() else if 'Temperature' &lt; 'Temperature Min Curve' then 'Pressure ST2 min curve' else 'Coefficients K0 ST2' + ('Coefficients K1 ST2' * 'Temperature') + ('Coefficients K2 ST2' * Pow('Temperature',2)) + ('Coefficients K3 ST2' * Pow('Temperature',3)) + ('Coefficients K4 ST2' * Pow('Temperature',4));&#xD;
PMeas := 'Pressure';&#xD;
Status := if PMeas &gt; PST1Calc Then 3 else if (PMeas &lt;=PST1Calc) and (PMeas &gt;PST2Calc) then 2 else 1;&#xD;
Status_ST1_ST2 := if PMeas &gt; PST1Calc Then 0 else if (PMeas &lt;=PST1Calc) and (PMeas &gt;PST2Calc) then 1 else 2;&#xD;
StatusST1 := if PMeas &gt; PST1Calc Then NoOutput() else if (PMeas &lt;=PST1Calc) and (PMeas &gt;PST2Calc) then 1 else NoOutput();&#xD;
StatusST2 := if PMeas &gt; PST1Calc Then NoOutput() else if (PMeas &lt;=PST1Calc) and (PMeas &gt;PST2Calc) then NoOutput() else 1;</ConfigString>
        <VariableMapping>P_ST1_curve||Pressure_Calc_ST1;PST2Calc||Pressure_Calc_ST2;Status||Status;Status_ST1_ST2||Status_ST1_ST2;PST1Calc||Pressure_Calc_ST1;StatusST1||Status_ST1;StatusST2||Status_ST2;</VariableMapping>
      </AFAnalysisRule>
      <AFTimeRule>
        <AFPlugIn>Periodic</AFPlugIn>
        <ConfigString>Frequency=600;Offset=273</ConfigString>
      </AFTimeRule>
      <SecurityAccessControl>Administrators:A(r,w,rd,wd,d,x,a,s,so,an)|Asset Analytics:A(r,w,rd,wd,x,an)|RTQP Engine:A(r,rd)|Asset Analytics Recalculation:A(x)|Notifications:A(r,w,rd,wd,an)|PIAF_ReadBasic_EUACCPICOLLAF:A(r,rd,s,an)|PIAF_Read_AST_SUKEP:A(r,rd,s,an)|PIAF_ReadWrite_AST_SUKEP:A(r,w,rd,wd,d,x,s,so,an)</SecurityAccessControl>
    </AFAnalysisTemplate>
    <SecurityAccessControl>Administrators:A(r,w,rd,wd,d,x,a,s,so,an)|Asset Analytics:A(r,w,rd,wd,x,an)|RTQP Engine:A(r,rd)|Asset Analytics Recalculation:A(x)|Notifications:A(r,w,rd,wd,an)|PIAF_ReadBasic_EUACCPICOLLAF:A(r,rd,s,an)|PIAF_Read_AST_SUKEP:A(r,rd,s,an)|PIAF_ReadWrite_AST_SUKEP:A(r,w,rd,wd,d,x,s,so,an)</SecurityAccessControl>
  </AFElementTemplate>
</AF>