﻿<?xml version="1.0" encoding="utf-8"?>
<AF xmlns:xsi="http://www.w3.org/2001/XMLSchema-instance" xsi:noNamespaceSchemaLocation="OSIsoft.AF.xsd" SchemaVersion="2.0" SoftwareVersion="2.10.9.593" ExportMode="AllReferences, NoUniqueID, DefaultValues, Security, SimplifiedConfigStrings" PISystem="ACCPICOLL_AF" Database="Functional Calculations AST SUKEP" Description="ONLY for AST Project, Contact: Ishan Khare, Animesh Parikshya Or Rishabh Sharma || End Date: Dec 2022" Created="2022-11-21T05:33:01.2555842Z" id="27991abb-6595-4cd6-8237-4f6acfa362d9" ParentKey="cd75538e-e5d2-445c-aee0-494ed8233e64" ExportedObject="PE: Wells Limits" ExportedType="AFElementTemplate" Identity="ElementTemplate" PIPersist="222 {9895150E-085D-4fcb-A16D-5EF5D2527196} 2\{16f50517-ae34-45bb-943a-c4a466a280a1}\ElementTemplates[{27991abb-6595-4cd6-8237-4f6acfa362d9}]*ACCPICOLL_AF\Functional Calculations AST SUKEP\ElementTemplates[PE: Wells Limits]">
  <AFSecurityIdentity>
    <Name>Administrators</Name>
    <Description>Administrator security access</Description>
    <IsEnabled>true</IsEnabled>
  </AFSecurityIdentity>
  <AFSecurityIdentity>
    <Name>Asset Analytics</Name>
    <Description>PI Analysis Service security access</Description>
    <IsEnabled>true</IsEnabled>
  </AFSecurityIdentity>
  <AFSecurityIdentity>
    <Name>RTQP Engine</Name>
    <Description>RTQP Engine security access</Description>
    <IsEnabled>true</IsEnabled>
  </AFSecurityIdentity>
  <AFSecurityIdentity>
    <Name>Asset Analytics Recalculation</Name>
    <Description>PI Analysis Service recalculation/backfilling security access</Description>
    <IsEnabled>true</IsEnabled>
  </AFSecurityIdentity>
  <AFSecurityIdentity>
    <Name>Notifications</Name>
    <Description>PI Notifications Service security access</Description>
    <IsEnabled>true</IsEnabled>
  </AFSecurityIdentity>
  <AFSecurityIdentity>
    <Name>PIAF_ReadBasic_EUACCPICOLLAF</Name>
    <Description>This identity will provide global read access to EUACCPICOLLAF</Description>
    <IsEnabled>true</IsEnabled>
  </AFSecurityIdentity>
  <AFSecurityIdentity>
    <Name>PIAF_Read_AST_SUKEP</Name>
    <Description>This identity will provide read</Description>
    <IsEnabled>true</IsEnabled>
  </AFSecurityIdentity>
  <AFSecurityIdentity>
    <Name>PIAF_ReadWrite_AST_SUKEP</Name>
    <Description>This identity will provide read and write access</Description>
    <IsEnabled>true</IsEnabled>
  </AFSecurityIdentity>
  <AFDeliveryFormat>
    <Name>d04b66c4-2664-453e-8196-93376c435753</Name>
    <DeliveryChannel>WebService</DeliveryChannel>
    <Property>
      <Name>parameter:notification</Name>
      <Value>{"ParameterType":"String","ValueType":0,"ContentInfo":{"Id":"418df2db-58ed-4c27-97de-0a909bd8b2fe","Name":null,"PropertyId":1}}</Value>
    </Property>
    <Property>
      <Name>parameter:eventId</Name>
      <Value>{"ParameterType":"String","ValueType":0,"ContentInfo":{"Id":"418df2db-58ed-4c27-97de-0a909bd8b2fe","Name":null,"PropertyId":1}}</Value>
    </Property>
    <Property>
      <Name>parameter:initialSignalDateTime</Name>
      <Value>{"ParameterType":"String","ValueType":0,"ContentInfo":{"Id":"02bb2a93-34ec-4cfc-9624-c1fe5caf4287","Name":"TimeSeriesValue","PropertyId":3006}}</Value>
    </Property>
    <Property>
      <Name>parameter:averageBaselinePeriodValue</Name>
      <Value>{"ParameterType":"Double","ValueType":0,"ContentInfo":{"Id":"02bb2a93-34ec-4cfc-9624-c1fe5caf4287","Name":"AverageBaseline","PropertyId":3005}}</Value>
    </Property>
    <Property>
      <Name>parameter:averageBaselinePeriodValueSpecified</Name>
      <Value>{"ParameterType":"Boolean","ValueType":1,"ContentInfo":{"Id":"00000000-0000-0000-0000-000000000000","Name":"true","PropertyId":0}}</Value>
    </Property>
    <Property>
      <Name>parameter:averageEvaluationPeriodValue</Name>
      <Value>{"ParameterType":"Double","ValueType":0,"ContentInfo":{"Id":"02bb2a93-34ec-4cfc-9624-c1fe5caf4287","Name":"AverageEvaluation","PropertyId":3005}}</Value>
    </Property>
    <Property>
      <Name>parameter:averageEvaluationPeriodValueSpecified</Name>
      <Value>{"ParameterType":"Boolean","ValueType":1,"ContentInfo":{"Id":"00000000-0000-0000-0000-000000000000","Name":"true","PropertyId":0}}</Value>
    </Property>
    <Property>
      <Name>parameter:percentDeviation</Name>
      <Value>{"ParameterType":"Double","ValueType":0,"ContentInfo":{"Id":"02bb2a93-34ec-4cfc-9624-c1fe5caf4287","Name":"PercentDeviation","PropertyId":3005}}</Value>
    </Property>
    <Property>
      <Name>parameter:percentDeviationSpecified</Name>
      <Value>{"ParameterType":"Boolean","ValueType":1,"ContentInfo":{"Id":"00000000-0000-0000-0000-000000000000","Name":"true","PropertyId":0}}</Value>
    </Property>
    <Property>
      <Name>parameter:highLimit</Name>
      <Value>{"ParameterType":"Double","ValueType":0,"ContentInfo":{"Id":"02bb2a93-34ec-4cfc-9624-c1fe5caf4287","Name":"High","PropertyId":3005}}</Value>
    </Property>
    <Property>
      <Name>parameter:highLimitSpecified</Name>
      <Value>{"ParameterType":"Boolean","ValueType":1,"ContentInfo":{"Id":"00000000-0000-0000-0000-000000000000","Name":"true","PropertyId":0}}</Value>
    </Property>
    <Property>
      <Name>parameter:lowLimit</Name>
      <Value>{"ParameterType":"Double","ValueType":0,"ContentInfo":{"Id":"02bb2a93-34ec-4cfc-9624-c1fe5caf4287","Name":"Low","PropertyId":3005}}</Value>
    </Property>
    <Property>
      <Name>parameter:lowLimitSpecified</Name>
      <Value>{"ParameterType":"Boolean","ValueType":1,"ContentInfo":{"Id":"00000000-0000-0000-0000-000000000000","Name":"true","PropertyId":0}}</Value>
    </Property>
    <Property>
      <Name>parameter:state</Name>
      <Value>{"ParameterType":"String","ValueType":0,"ContentInfo":{"Id":"15628018-3792-4aad-b13f-ad324c406a84","Name":null,"PropertyId":2}}</Value>
    </Property>
  </AFDeliveryFormat>
  <AFDeliveryFormat>
    <Name>7f44ecf0-5e1d-4ff4-babb-5d4781dcaa86</Name>
    <DeliveryChannel>WebService</DeliveryChannel>
    <Property>
      <Name>parameter:notification</Name>
      <Value>{"ParameterType":"String","ValueType":0,"ContentInfo":{"Id":"418df2db-58ed-4c27-97de-0a909bd8b2fe","Name":null,"PropertyId":1}}</Value>
    </Property>
    <Property>
      <Name>parameter:eventId</Name>
      <Value>{"ParameterType":"String","ValueType":0,"ContentInfo":{"Id":"418df2db-58ed-4c27-97de-0a909bd8b2fe","Name":null,"PropertyId":1}}</Value>
    </Property>
    <Property>
      <Name>parameter:initialSignalDateTime</Name>
      <Value>{"ParameterType":"String","ValueType":0,"ContentInfo":{"Id":"02bb2a93-34ec-4cfc-9624-c1fe5caf4287","Name":"TimeSeriesValue","PropertyId":3006}}</Value>
    </Property>
    <Property>
      <Name>parameter:currentValue</Name>
      <Value>{"ParameterType":"Double","ValueType":0,"ContentInfo":{"Id":"02bb2a93-34ec-4cfc-9624-c1fe5caf4287","Name":"TimeSeriesValue","PropertyId":3005}}</Value>
    </Property>
    <Property>
      <Name>parameter:currentValueSpecified</Name>
      <Value>{"ParameterType":"Boolean","ValueType":1,"ContentInfo":{"Id":"00000000-0000-0000-0000-000000000000","Name":"true","PropertyId":0}}</Value>
    </Property>
    <Property>
      <Name>parameter:pastValue</Name>
      <Value>{"ParameterType":"Double","ValueType":0,"ContentInfo":{"Id":"02bb2a93-34ec-4cfc-9624-c1fe5caf4287","Name":"BaselineValue","PropertyId":3005}}</Value>
    </Property>
    <Property>
      <Name>parameter:pasteValueSpecified</Name>
      <Value>{"ParameterType":"Boolean","ValueType":1,"ContentInfo":{"Id":"00000000-0000-0000-0000-000000000000","Name":"true","PropertyId":0}}</Value>
    </Property>
    <Property>
      <Name>parameter:rateOfChangeValue</Name>
      <Value>{"ParameterType":"Double","ValueType":0,"ContentInfo":{"Id":"02bb2a93-34ec-4cfc-9624-c1fe5caf4287","Name":"RateOfChange","PropertyId":3005}}</Value>
    </Property>
    <Property>
      <Name>parameter:rateOfChangeValueSpecified</Name>
      <Value>{"ParameterType":"Boolean","ValueType":1,"ContentInfo":{"Id":"00000000-0000-0000-0000-000000000000","Name":"true","PropertyId":0}}</Value>
    </Property>
    <Property>
      <Name>parameter:highLimit</Name>
      <Value>{"ParameterType":"Double","ValueType":0,"ContentInfo":{"Id":"02bb2a93-34ec-4cfc-9624-c1fe5caf4287","Name":"High","PropertyId":3005}}</Value>
    </Property>
    <Property>
      <Name>parameter:highLimitSpecified</Name>
      <Value>{"ParameterType":"Boolean","ValueType":1,"ContentInfo":{"Id":"00000000-0000-0000-0000-000000000000","Name":"true","PropertyId":0}}</Value>
    </Property>
    <Property>
      <Name>parameter:lowLimit</Name>
      <Value>{"ParameterType":"Double","ValueType":0,"ContentInfo":{"Id":"02bb2a93-34ec-4cfc-9624-c1fe5caf4287","Name":"Low","PropertyId":3005}}</Value>
    </Property>
    <Property>
      <Name>parameter:lowLimitSpecified</Name>
      <Value>{"ParameterType":"Boolean","ValueType":1,"ContentInfo":{"Id":"00000000-0000-0000-0000-000000000000","Name":"true","PropertyId":0}}</Value>
    </Property>
    <Property>
      <Name>parameter:state</Name>
      <Value>{"ParameterType":"String","ValueType":0,"ContentInfo":{"Id":"15628018-3792-4aad-b13f-ad324c406a84","Name":null,"PropertyId":2}}</Value>
    </Property>
  </AFDeliveryFormat>
  <AFDeliveryFormat>
    <Name>7b119435-ea99-4042-a67a-cd00a208ae73</Name>
    <DeliveryChannel>WebService</DeliveryChannel>
    <Property>
      <Name>parameter:notification</Name>
      <Value>{"ParameterType":"String","ValueType":0,"ContentInfo":{"Id":"418df2db-58ed-4c27-97de-0a909bd8b2fe","Name":null,"PropertyId":1}}</Value>
    </Property>
    <Property>
      <Name>parameter:eventId</Name>
      <Value>{"ParameterType":"String","ValueType":0,"ContentInfo":{"Id":"418df2db-58ed-4c27-97de-0a909bd8b2fe","Name":null,"PropertyId":1}}</Value>
    </Property>
    <Property>
      <Name>parameter:initialSignalDateTime</Name>
      <Value>{"ParameterType":"String","ValueType":0,"ContentInfo":{"Id":"02bb2a93-34ec-4cfc-9624-c1fe5caf4287","Name":"TimeSeriesValue","PropertyId":3006}}</Value>
    </Property>
    <Property>
      <Name>parameter:averageBaselinePeriodValue</Name>
      <Value>{"ParameterType":"Double","ValueType":0,"ContentInfo":{"Id":"02bb2a93-34ec-4cfc-9624-c1fe5caf4287","Name":"AverageBaseline","PropertyId":3005}}</Value>
    </Property>
    <Property>
      <Name>parameter:averageBaselinePeriodValueSpecified</Name>
      <Value>{"ParameterType":"Boolean","ValueType":1,"ContentInfo":{"Id":"00000000-0000-0000-0000-000000000000","Name":"true","PropertyId":0}}</Value>
    </Property>
    <Property>
      <Name>parameter:averageEvaluationPeriodValue</Name>
      <Value>{"ParameterType":"Double","ValueType":0,"ContentInfo":{"Id":"02bb2a93-34ec-4cfc-9624-c1fe5caf4287","Name":"AverageEvaluation","PropertyId":3005}}</Value>
    </Property>
    <Property>
      <Name>parameter:averageEvaluationPeriodValueSpecified</Name>
      <Value>{"ParameterType":"Boolean","ValueType":1,"ContentInfo":{"Id":"00000000-0000-0000-0000-000000000000","Name":"true","PropertyId":0}}</Value>
    </Property>
    <Property>
      <Name>parameter:percentDeviation</Name>
      <Value>{"ParameterType":"Double","ValueType":0,"ContentInfo":{"Id":"02bb2a93-34ec-4cfc-9624-c1fe5caf4287","Name":"PercentDeviation","PropertyId":3005}}</Value>
    </Property>
    <Property>
      <Name>parameter:percentDeviationSpecified</Name>
      <Value>{"ParameterType":"Boolean","ValueType":1,"ContentInfo":{"Id":"00000000-0000-0000-0000-000000000000","Name":"true","PropertyId":0}}</Value>
    </Property>
    <Property>
      <Name>parameter:highLimit</Name>
      <Value>{"ParameterType":"Double","ValueType":0,"ContentInfo":{"Id":"02bb2a93-34ec-4cfc-9624-c1fe5caf4287","Name":"High","PropertyId":3005}}</Value>
    </Property>
    <Property>
      <Name>parameter:highLimitSpecified</Name>
      <Value>{"ParameterType":"Boolean","ValueType":1,"ContentInfo":{"Id":"00000000-0000-0000-0000-000000000000","Name":"true","PropertyId":0}}</Value>
    </Property>
    <Property>
      <Name>parameter:lowLimit</Name>
      <Value>{"ParameterType":"Double","ValueType":0,"ContentInfo":{"Id":"02bb2a93-34ec-4cfc-9624-c1fe5caf4287","Name":"Low","PropertyId":3005}}</Value>
    </Property>
    <Property>
      <Name>parameter:lowLimitSpecified</Name>
      <Value>{"ParameterType":"Boolean","ValueType":1,"ContentInfo":{"Id":"00000000-0000-0000-0000-000000000000","Name":"true","PropertyId":0}}</Value>
    </Property>
    <Property>
      <Name>parameter:state</Name>
      <Value>{"ParameterType":"String","ValueType":0,"ContentInfo":{"Id":"15628018-3792-4aad-b13f-ad324c406a84","Name":null,"PropertyId":2}}</Value>
    </Property>
  </AFDeliveryFormat>
  <AFDeliveryFormat>
    <Name>b94a8675-4894-4f98-b0fe-a9006028131c</Name>
    <DeliveryChannel>WebService</DeliveryChannel>
    <Property>
      <Name>parameter:notification</Name>
      <Value>{"ParameterType":"String","ValueType":0,"ContentInfo":{"Id":"418df2db-58ed-4c27-97de-0a909bd8b2fe","Name":null,"PropertyId":1}}</Value>
    </Property>
    <Property>
      <Name>parameter:eventId</Name>
      <Value>{"ParameterType":"String","ValueType":0,"ContentInfo":{"Id":"418df2db-58ed-4c27-97de-0a909bd8b2fe","Name":null,"PropertyId":1}}</Value>
    </Property>
    <Property>
      <Name>parameter:initialSignalDateTime</Name>
      <Value>{"ParameterType":"String","ValueType":0,"ContentInfo":{"Id":"02bb2a93-34ec-4cfc-9624-c1fe5caf4287","Name":"TimeSeriesValue","PropertyId":3006}}</Value>
    </Property>
    <Property>
      <Name>parameter:averageBaselinePeriodValue</Name>
      <Value>{"ParameterType":"Double","ValueType":0,"ContentInfo":{"Id":"02bb2a93-34ec-4cfc-9624-c1fe5caf4287","Name":"AverageBaseline","PropertyId":3005}}</Value>
    </Property>
    <Property>
      <Name>parameter:averageBaselinePeriodValueSpecified</Name>
      <Value>{"ParameterType":"Boolean","ValueType":1,"ContentInfo":{"Id":"00000000-0000-0000-0000-000000000000","Name":"true","PropertyId":0}}</Value>
    </Property>
    <Property>
      <Name>parameter:averageEvaluationPeriodValue</Name>
      <Value>{"ParameterType":"Double","ValueType":0,"ContentInfo":{"Id":"02bb2a93-34ec-4cfc-9624-c1fe5caf4287","Name":"AverageEvaluation","PropertyId":3005}}</Value>
    </Property>
    <Property>
      <Name>parameter:averageEvaluationPeriodValueSpecified</Name>
      <Value>{"ParameterType":"Boolean","ValueType":1,"ContentInfo":{"Id":"00000000-0000-0000-0000-000000000000","Name":"true","PropertyId":0}}</Value>
    </Property>
    <Property>
      <Name>parameter:deviation</Name>
      <Value>{"ParameterType":"Double","ValueType":0,"ContentInfo":{"Id":"02bb2a93-34ec-4cfc-9624-c1fe5caf4287","Name":"Deviation","PropertyId":3005}}</Value>
    </Property>
    <Property>
      <Name>parameter:deviationSpecified</Name>
      <Value>{"ParameterType":"Boolean","ValueType":1,"ContentInfo":{"Id":"00000000-0000-0000-0000-000000000000","Name":"true","PropertyId":0}}</Value>
    </Property>
    <Property>
      <Name>parameter:highLimit</Name>
      <Value>{"ParameterType":"Double","ValueType":0,"ContentInfo":{"Id":"02bb2a93-34ec-4cfc-9624-c1fe5caf4287","Name":"High","PropertyId":3005}}</Value>
    </Property>
    <Property>
      <Name>parameter:highLimitSpecified</Name>
      <Value>{"ParameterType":"Boolean","ValueType":1,"ContentInfo":{"Id":"00000000-0000-0000-0000-000000000000","Name":"true","PropertyId":0}}</Value>
    </Property>
    <Property>
      <Name>parameter:lowLimit</Name>
      <Value>{"ParameterType":"Double","ValueType":0,"ContentInfo":{"Id":"02bb2a93-34ec-4cfc-9624-c1fe5caf4287","Name":"Low","PropertyId":3005}}</Value>
    </Property>
    <Property>
      <Name>parameter:lowLimitSpecified</Name>
      <Value>{"ParameterType":"Boolean","ValueType":1,"ContentInfo":{"Id":"00000000-0000-0000-0000-000000000000","Name":"true","PropertyId":0}}</Value>
    </Property>
    <Property>
      <Name>parameter:state</Name>
      <Value>{"ParameterType":"String","ValueType":0,"ContentInfo":{"Id":"15628018-3792-4aad-b13f-ad324c406a84","Name":null,"PropertyId":2}}</Value>
    </Property>
  </AFDeliveryFormat>
  <AFDeliveryFormat>
    <Name>527a07f6-655b-403c-b1cd-64e2e6f8c0f3</Name>
    <DeliveryChannel>WebService</DeliveryChannel>
    <Property>
      <Name>parameter:notification</Name>
      <Value>{"ParameterType":"String","ValueType":0,"ContentInfo":{"Id":"418df2db-58ed-4c27-97de-0a909bd8b2fe","Name":null,"PropertyId":1}}</Value>
    </Property>
    <Property>
      <Name>parameter:eventId</Name>
      <Value>{"ParameterType":"String","ValueType":0,"ContentInfo":{"Id":"418df2db-58ed-4c27-97de-0a909bd8b2fe","Name":null,"PropertyId":1}}</Value>
    </Property>
    <Property>
      <Name>parameter:initialSignalDateTime</Name>
      <Value>{"ParameterType":"String","ValueType":0,"ContentInfo":{"Id":"02bb2a93-34ec-4cfc-9624-c1fe5caf4287","Name":"TimeSeriesValue","PropertyId":3006}}</Value>
    </Property>
    <Property>
      <Name>parameter:timeSeriesValue</Name>
      <Value>{"ParameterType":"Double","ValueType":0,"ContentInfo":{"Id":"02bb2a93-34ec-4cfc-9624-c1fe5caf4287","Name":"TimeSeriesValue","PropertyId":3005}}</Value>
    </Property>
    <Property>
      <Name>parameter:timeSeriesValueSpecified</Name>
      <Value>{"ParameterType":"Boolean","ValueType":1,"ContentInfo":{"Id":"00000000-0000-0000-0000-000000000000","Name":"true","PropertyId":0}}</Value>
    </Property>
    <Property>
      <Name>parameter:highLimit</Name>
      <Value>{"ParameterType":"Double","ValueType":0,"ContentInfo":{"Id":"02bb2a93-34ec-4cfc-9624-c1fe5caf4287","Name":"High","PropertyId":3005}}</Value>
    </Property>
    <Property>
      <Name>parameter:highLimitSpecified</Name>
      <Value>{"ParameterType":"Boolean","ValueType":1,"ContentInfo":{"Id":"00000000-0000-0000-0000-000000000000","Name":"true","PropertyId":0}}</Value>
    </Property>
    <Property>
      <Name>parameter:lowLimit</Name>
      <Value>{"ParameterType":"Double","ValueType":0,"ContentInfo":{"Id":"02bb2a93-34ec-4cfc-9624-c1fe5caf4287","Name":"Low","PropertyId":3005}}</Value>
    </Property>
    <Property>
      <Name>parameter:lowLimitSpecified</Name>
      <Value>{"ParameterType":"Boolean","ValueType":1,"ContentInfo":{"Id":"00000000-0000-0000-0000-000000000000","Name":"true","PropertyId":0}}</Value>
    </Property>
    <Property>
      <Name>parameter:state</Name>
      <Value>{"ParameterType":"String","ValueType":0,"ContentInfo":{"Id":"15628018-3792-4aad-b13f-ad324c406a84","Name":null,"PropertyId":2}}</Value>
    </Property>
  </AFDeliveryFormat>
  <AFDeliveryFormat>
    <Name>2b65bbb6-b69b-4ce9-8782-90acff9bde02</Name>
    <DeliveryChannel>WebService</DeliveryChannel>
    <Property>
      <Name>parameter:notification</Name>
      <Value>{"ParameterType":"String","ValueType":0,"ContentInfo":{"Id":"418df2db-58ed-4c27-97de-0a909bd8b2fe","Name":null,"PropertyId":1}}</Value>
    </Property>
    <Property>
      <Name>parameter:eventId</Name>
      <Value>{"ParameterType":"String","ValueType":0,"ContentInfo":{"Id":"418df2db-58ed-4c27-97de-0a909bd8b2fe","Name":null,"PropertyId":1}}</Value>
    </Property>
    <Property>
      <Name>parameter:initialSignalDateTime</Name>
      <Value>{"ParameterType":"String","ValueType":0,"ContentInfo":{"Id":"02bb2a93-34ec-4cfc-9624-c1fe5caf4287","Name":"TimeSeriesValue","PropertyId":3006}}</Value>
    </Property>
    <Property>
      <Name>parameter:timeSeriesValue</Name>
      <Value>{"ParameterType":"Double","ValueType":0,"ContentInfo":{"Id":"02bb2a93-34ec-4cfc-9624-c1fe5caf4287","Name":"TimeSeriesValue","PropertyId":3005}}</Value>
    </Property>
    <Property>
      <Name>parameter:timeSeriesValueSpecified</Name>
      <Value>{"ParameterType":"Boolean","ValueType":1,"ContentInfo":{"Id":"00000000-0000-0000-0000-000000000000","Name":"true","PropertyId":0}}</Value>
    </Property>
    <Property>
      <Name>parameter:highLimit</Name>
      <Value>{"ParameterType":"Double","ValueType":0,"ContentInfo":{"Id":"02bb2a93-34ec-4cfc-9624-c1fe5caf4287","Name":"High","PropertyId":3005}}</Value>
    </Property>
    <Property>
      <Name>parameter:highLimitSpecified</Name>
      <Value>{"ParameterType":"Boolean","ValueType":1,"ContentInfo":{"Id":"00000000-0000-0000-0000-000000000000","Name":"true","PropertyId":0}}</Value>
    </Property>
    <Property>
      <Name>parameter:lowLimit</Name>
      <Value>{"ParameterType":"Double","ValueType":0,"ContentInfo":{"Id":"02bb2a93-34ec-4cfc-9624-c1fe5caf4287","Name":"Low","PropertyId":3005}}</Value>
    </Property>
    <Property>
      <Name>parameter:lowLimitSpecified</Name>
      <Value>{"ParameterType":"Boolean","ValueType":1,"ContentInfo":{"Id":"00000000-0000-0000-0000-000000000000","Name":"true","PropertyId":0}}</Value>
    </Property>
    <Property>
      <Name>parameter:state</Name>
      <Value>{"ParameterType":"String","ValueType":0,"ContentInfo":{"Id":"15628018-3792-4aad-b13f-ad324c406a84","Name":null,"PropertyId":2}}</Value>
    </Property>
  </AFDeliveryFormat>
  <AFDeliveryFormat>
    <Name>f5de0650-c3de-4d65-9c67-5db4b8c04e06</Name>
    <DeliveryChannel>WebService</DeliveryChannel>
    <Property>
      <Name>parameter:notification</Name>
      <Value>{"ParameterType":"String","ValueType":0,"ContentInfo":{"Id":"418df2db-58ed-4c27-97de-0a909bd8b2fe","Name":null,"PropertyId":1}}</Value>
    </Property>
    <Property>
      <Name>parameter:eventId</Name>
      <Value>{"ParameterType":"String","ValueType":0,"ContentInfo":{"Id":"418df2db-58ed-4c27-97de-0a909bd8b2fe","Name":null,"PropertyId":1}}</Value>
    </Property>
    <Property>
      <Name>parameter:initialSignalDateTime</Name>
      <Value>{"ParameterType":"String","ValueType":0,"ContentInfo":{"Id":"02bb2a93-34ec-4cfc-9624-c1fe5caf4287","Name":"TimeSeriesValue","PropertyId":3006}}</Value>
    </Property>
    <Property>
      <Name>parameter:averageBaselinePeriodValue</Name>
      <Value>{"ParameterType":"Double","ValueType":0,"ContentInfo":{"Id":"02bb2a93-34ec-4cfc-9624-c1fe5caf4287","Name":"AverageBaseline","PropertyId":3005}}</Value>
    </Property>
    <Property>
      <Name>parameter:averageBaselinePeriodValueSpecified</Name>
      <Value>{"ParameterType":"Boolean","ValueType":1,"ContentInfo":{"Id":"00000000-0000-0000-0000-000000000000","Name":"true","PropertyId":0}}</Value>
    </Property>
    <Property>
      <Name>parameter:averageEvaluationPeriodValue</Name>
      <Value>{"ParameterType":"Double","ValueType":0,"ContentInfo":{"Id":"02bb2a93-34ec-4cfc-9624-c1fe5caf4287","Name":"AverageEvaluation","PropertyId":3005}}</Value>
    </Property>
    <Property>
      <Name>parameter:averageEvaluationPeriodValueSpecified</Name>
      <Value>{"ParameterType":"Boolean","ValueType":1,"ContentInfo":{"Id":"00000000-0000-0000-0000-000000000000","Name":"true","PropertyId":0}}</Value>
    </Property>
    <Property>
      <Name>parameter:deviation</Name>
      <Value>{"ParameterType":"Double","ValueType":0,"ContentInfo":{"Id":"02bb2a93-34ec-4cfc-9624-c1fe5caf4287","Name":"Deviation","PropertyId":3005}}</Value>
    </Property>
    <Property>
      <Name>parameter:deviationSpecified</Name>
      <Value>{"ParameterType":"Boolean","ValueType":1,"ContentInfo":{"Id":"00000000-0000-0000-0000-000000000000","Name":"true","PropertyId":0}}</Value>
    </Property>
    <Property>
      <Name>parameter:highLimit</Name>
      <Value>{"ParameterType":"Double","ValueType":0,"ContentInfo":{"Id":"02bb2a93-34ec-4cfc-9624-c1fe5caf4287","Name":"High","PropertyId":3005}}</Value>
    </Property>
    <Property>
      <Name>parameter:highLimitSpecified</Name>
      <Value>{"ParameterType":"Boolean","ValueType":1,"ContentInfo":{"Id":"00000000-0000-0000-0000-000000000000","Name":"true","PropertyId":0}}</Value>
    </Property>
    <Property>
      <Name>parameter:lowLimit</Name>
      <Value>{"ParameterType":"Double","ValueType":0,"ContentInfo":{"Id":"02bb2a93-34ec-4cfc-9624-c1fe5caf4287","Name":"Low","PropertyId":3005}}</Value>
    </Property>
    <Property>
      <Name>parameter:lowLimitSpecified</Name>
      <Value>{"ParameterType":"Boolean","ValueType":1,"ContentInfo":{"Id":"00000000-0000-0000-0000-000000000000","Name":"true","PropertyId":0}}</Value>
    </Property>
    <Property>
      <Name>parameter:state</Name>
      <Value>{"ParameterType":"String","ValueType":0,"ContentInfo":{"Id":"15628018-3792-4aad-b13f-ad324c406a84","Name":null,"PropertyId":2}}</Value>
    </Property>
  </AFDeliveryFormat>
  <AFDeliveryFormat>
    <Name>86cae8aa-7a56-481e-b40f-3d8571b311a6</Name>
    <DeliveryChannel>WebService</DeliveryChannel>
    <Property>
      <Name>parameter:notification</Name>
      <Value>{"ParameterType":"String","ValueType":0,"ContentInfo":{"Id":"418df2db-58ed-4c27-97de-0a909bd8b2fe","Name":null,"PropertyId":1}}</Value>
    </Property>
    <Property>
      <Name>parameter:eventId</Name>
      <Value>{"ParameterType":"String","ValueType":0,"ContentInfo":{"Id":"418df2db-58ed-4c27-97de-0a909bd8b2fe","Name":null,"PropertyId":1}}</Value>
    </Property>
    <Property>
      <Name>parameter:initialSignalDateTime</Name>
      <Value>{"ParameterType":"String","ValueType":0,"ContentInfo":{"Id":"02bb2a93-34ec-4cfc-9624-c1fe5caf4287","Name":"TimeSeriesValue","PropertyId":3006}}</Value>
    </Property>
    <Property>
      <Name>parameter:currentValue</Name>
      <Value>{"ParameterType":"Double","ValueType":0,"ContentInfo":{"Id":"02bb2a93-34ec-4cfc-9624-c1fe5caf4287","Name":"TimeSeriesValue","PropertyId":3005}}</Value>
    </Property>
    <Property>
      <Name>parameter:currentValueSpecified</Name>
      <Value>{"ParameterType":"Boolean","ValueType":1,"ContentInfo":{"Id":"00000000-0000-0000-0000-000000000000","Name":"true","PropertyId":0}}</Value>
    </Property>
    <Property>
      <Name>parameter:pastValue</Name>
      <Value>{"ParameterType":"Double","ValueType":0,"ContentInfo":{"Id":"02bb2a93-34ec-4cfc-9624-c1fe5caf4287","Name":"BaselineValue","PropertyId":3005}}</Value>
    </Property>
    <Property>
      <Name>parameter:pasteValueSpecified</Name>
      <Value>{"ParameterType":"Boolean","ValueType":1,"ContentInfo":{"Id":"00000000-0000-0000-0000-000000000000","Name":"true","PropertyId":0}}</Value>
    </Property>
    <Property>
      <Name>parameter:rateOfChangeValue</Name>
      <Value>{"ParameterType":"Double","ValueType":0,"ContentInfo":{"Id":"02bb2a93-34ec-4cfc-9624-c1fe5caf4287","Name":"RateOfChange","PropertyId":3005}}</Value>
    </Property>
    <Property>
      <Name>parameter:rateOfChangeValueSpecified</Name>
      <Value>{"ParameterType":"Boolean","ValueType":1,"ContentInfo":{"Id":"00000000-0000-0000-0000-000000000000","Name":"true","PropertyId":0}}</Value>
    </Property>
    <Property>
      <Name>parameter:highLimit</Name>
      <Value>{"ParameterType":"Double","ValueType":0,"ContentInfo":{"Id":"02bb2a93-34ec-4cfc-9624-c1fe5caf4287","Name":"High","PropertyId":3005}}</Value>
    </Property>
    <Property>
      <Name>parameter:highLimitSpecified</Name>
      <Value>{"ParameterType":"Boolean","ValueType":1,"ContentInfo":{"Id":"00000000-0000-0000-0000-000000000000","Name":"true","PropertyId":0}}</Value>
    </Property>
    <Property>
      <Name>parameter:lowLimit</Name>
      <Value>{"ParameterType":"Double","ValueType":0,"ContentInfo":{"Id":"02bb2a93-34ec-4cfc-9624-c1fe5caf4287","Name":"Low","PropertyId":3005}}</Value>
    </Property>
    <Property>
      <Name>parameter:lowLimitSpecified</Name>
      <Value>{"ParameterType":"Boolean","ValueType":1,"ContentInfo":{"Id":"00000000-0000-0000-0000-000000000000","Name":"true","PropertyId":0}}</Value>
    </Property>
    <Property>
      <Name>parameter:state</Name>
      <Value>{"ParameterType":"String","ValueType":0,"ContentInfo":{"Id":"15628018-3792-4aad-b13f-ad324c406a84","Name":null,"PropertyId":2}}</Value>
    </Property>
  </AFDeliveryFormat>
  <AFDeliveryFormat>
    <Name>b115ab16-1763-486d-99f1-d74a971c9d14</Name>
    <DeliveryChannel>WebService</DeliveryChannel>
    <Property>
      <Name>parameter:notification</Name>
      <Value>{"ParameterType":"String","ValueType":0,"ContentInfo":{"Id":"418df2db-58ed-4c27-97de-0a909bd8b2fe","Name":null,"PropertyId":1}}</Value>
    </Property>
    <Property>
      <Name>parameter:eventId</Name>
      <Value>{"ParameterType":"String","ValueType":0,"ContentInfo":{"Id":"418df2db-58ed-4c27-97de-0a909bd8b2fe","Name":null,"PropertyId":1}}</Value>
    </Property>
    <Property>
      <Name>parameter:initialSignalDateTime</Name>
      <Value>{"ParameterType":"String","ValueType":0,"ContentInfo":{"Id":"02bb2a93-34ec-4cfc-9624-c1fe5caf4287","Name":"TimeSeriesValue","PropertyId":3006}}</Value>
    </Property>
    <Property>
      <Name>parameter:timeSeriesValue</Name>
      <Value>{"ParameterType":"Double","ValueType":0,"ContentInfo":{"Id":"02bb2a93-34ec-4cfc-9624-c1fe5caf4287","Name":"TimeSeriesValue","PropertyId":3005}}</Value>
    </Property>
    <Property>
      <Name>parameter:timeSeriesValueSpecified</Name>
      <Value>{"ParameterType":"Boolean","ValueType":1,"ContentInfo":{"Id":"00000000-0000-0000-0000-000000000000","Name":"true","PropertyId":0}}</Value>
    </Property>
    <Property>
      <Name>parameter:highLimit</Name>
      <Value>{"ParameterType":"Double","ValueType":0,"ContentInfo":{"Id":"02bb2a93-34ec-4cfc-9624-c1fe5caf4287","Name":"High","PropertyId":3005}}</Value>
    </Property>
    <Property>
      <Name>parameter:highLimitSpecified</Name>
      <Value>{"ParameterType":"Boolean","ValueType":1,"ContentInfo":{"Id":"00000000-0000-0000-0000-000000000000","Name":"true","PropertyId":0}}</Value>
    </Property>
    <Property>
      <Name>parameter:lowLimit</Name>
      <Value>{"ParameterType":"Double","ValueType":0,"ContentInfo":{"Id":"02bb2a93-34ec-4cfc-9624-c1fe5caf4287","Name":"Low","PropertyId":3005}}</Value>
    </Property>
    <Property>
      <Name>parameter:lowLimitSpecified</Name>
      <Value>{"ParameterType":"Boolean","ValueType":1,"ContentInfo":{"Id":"00000000-0000-0000-0000-000000000000","Name":"true","PropertyId":0}}</Value>
    </Property>
    <Property>
      <Name>parameter:state</Name>
      <Value>{"ParameterType":"String","ValueType":0,"ContentInfo":{"Id":"15628018-3792-4aad-b13f-ad324c406a84","Name":null,"PropertyId":2}}</Value>
    </Property>
  </AFDeliveryFormat>
  <AFDeliveryFormat>
    <Name>1d106c43-1f6f-4760-9f68-6f1121abc594</Name>
    <DeliveryChannel>WebService</DeliveryChannel>
    <Property>
      <Name>parameter:notification</Name>
      <Value>{"ParameterType":"String","ValueType":0,"ContentInfo":{"Id":"418df2db-58ed-4c27-97de-0a909bd8b2fe","Name":null,"PropertyId":1}}</Value>
    </Property>
    <Property>
      <Name>parameter:eventId</Name>
      <Value>{"ParameterType":"String","ValueType":0,"ContentInfo":{"Id":"418df2db-58ed-4c27-97de-0a909bd8b2fe","Name":null,"PropertyId":1}}</Value>
    </Property>
    <Property>
      <Name>parameter:initialSignalDateTime</Name>
      <Value>{"ParameterType":"String","ValueType":0,"ContentInfo":{"Id":"02bb2a93-34ec-4cfc-9624-c1fe5caf4287","Name":"TimeSeriesValue","PropertyId":3006}}</Value>
    </Property>
    <Property>
      <Name>parameter:averageBaselinePeriodValue</Name>
      <Value>{"ParameterType":"Double","ValueType":0,"ContentInfo":{"Id":"02bb2a93-34ec-4cfc-9624-c1fe5caf4287","Name":"AverageBaseline","PropertyId":3005}}</Value>
    </Property>
    <Property>
      <Name>parameter:averageBaselinePeriodValueSpecified</Name>
      <Value>{"ParameterType":"Boolean","ValueType":1,"ContentInfo":{"Id":"00000000-0000-0000-0000-000000000000","Name":"true","PropertyId":0}}</Value>
    </Property>
    <Property>
      <Name>parameter:averageEvaluationPeriodValue</Name>
      <Value>{"ParameterType":"Double","ValueType":0,"ContentInfo":{"Id":"02bb2a93-34ec-4cfc-9624-c1fe5caf4287","Name":"AverageEvaluation","PropertyId":3005}}</Value>
    </Property>
    <Property>
      <Name>parameter:averageEvaluationPeriodValueSpecified</Name>
      <Value>{"ParameterType":"Boolean","ValueType":1,"ContentInfo":{"Id":"00000000-0000-0000-0000-000000000000","Name":"true","PropertyId":0}}</Value>
    </Property>
    <Property>
      <Name>parameter:percentDeviation</Name>
      <Value>{"ParameterType":"Double","ValueType":0,"ContentInfo":{"Id":"02bb2a93-34ec-4cfc-9624-c1fe5caf4287","Name":"PercentDeviation","PropertyId":3005}}</Value>
    </Property>
    <Property>
      <Name>parameter:percentDeviationSpecified</Name>
      <Value>{"ParameterType":"Boolean","ValueType":1,"ContentInfo":{"Id":"00000000-0000-0000-0000-000000000000","Name":"true","PropertyId":0}}</Value>
    </Property>
    <Property>
      <Name>parameter:highLimit</Name>
      <Value>{"ParameterType":"Double","ValueType":0,"ContentInfo":{"Id":"02bb2a93-34ec-4cfc-9624-c1fe5caf4287","Name":"High","PropertyId":3005}}</Value>
    </Property>
    <Property>
      <Name>parameter:highLimitSpecified</Name>
      <Value>{"ParameterType":"Boolean","ValueType":1,"ContentInfo":{"Id":"00000000-0000-0000-0000-000000000000","Name":"true","PropertyId":0}}</Value>
    </Property>
    <Property>
      <Name>parameter:lowLimit</Name>
      <Value>{"ParameterType":"Double","ValueType":0,"ContentInfo":{"Id":"02bb2a93-34ec-4cfc-9624-c1fe5caf4287","Name":"Low","PropertyId":3005}}</Value>
    </Property>
    <Property>
      <Name>parameter:lowLimitSpecified</Name>
      <Value>{"ParameterType":"Boolean","ValueType":1,"ContentInfo":{"Id":"00000000-0000-0000-0000-000000000000","Name":"true","PropertyId":0}}</Value>
    </Property>
    <Property>
      <Name>parameter:state</Name>
      <Value>{"ParameterType":"String","ValueType":0,"ContentInfo":{"Id":"15628018-3792-4aad-b13f-ad324c406a84","Name":null,"PropertyId":2}}</Value>
    </Property>
  </AFDeliveryFormat>
  <AFDeliveryFormat>
    <Name>6eda20e2-1834-41fa-a75f-f1d096664b00</Name>
    <DeliveryChannel>WebService</DeliveryChannel>
    <Property>
      <Name>parameter:notification</Name>
      <Value>{"ParameterType":"String","ValueType":0,"ContentInfo":{"Id":"418df2db-58ed-4c27-97de-0a909bd8b2fe","Name":null,"PropertyId":1}}</Value>
    </Property>
    <Property>
      <Name>parameter:eventId</Name>
      <Value>{"ParameterType":"String","ValueType":0,"ContentInfo":{"Id":"418df2db-58ed-4c27-97de-0a909bd8b2fe","Name":null,"PropertyId":1}}</Value>
    </Property>
    <Property>
      <Name>parameter:initialSignalDateTime</Name>
      <Value>{"ParameterType":"String","ValueType":0,"ContentInfo":{"Id":"02bb2a93-34ec-4cfc-9624-c1fe5caf4287","Name":"TimeSeriesValue","PropertyId":3006}}</Value>
    </Property>
    <Property>
      <Name>parameter:currentValue</Name>
      <Value>{"ParameterType":"Double","ValueType":0,"ContentInfo":{"Id":"02bb2a93-34ec-4cfc-9624-c1fe5caf4287","Name":"TimeSeriesValue","PropertyId":3005}}</Value>
    </Property>
    <Property>
      <Name>parameter:currentValueSpecified</Name>
      <Value>{"ParameterType":"Boolean","ValueType":1,"ContentInfo":{"Id":"00000000-0000-0000-0000-000000000000","Name":"true","PropertyId":0}}</Value>
    </Property>
    <Property>
      <Name>parameter:pastValue</Name>
      <Value>{"ParameterType":"Double","ValueType":0,"ContentInfo":{"Id":"02bb2a93-34ec-4cfc-9624-c1fe5caf4287","Name":"BaselineValue","PropertyId":3005}}</Value>
    </Property>
    <Property>
      <Name>parameter:pasteValueSpecified</Name>
      <Value>{"ParameterType":"Boolean","ValueType":1,"ContentInfo":{"Id":"00000000-0000-0000-0000-000000000000","Name":"true","PropertyId":0}}</Value>
    </Property>
    <Property>
      <Name>parameter:rateOfChangeValue</Name>
      <Value>{"ParameterType":"Double","ValueType":0,"ContentInfo":{"Id":"02bb2a93-34ec-4cfc-9624-c1fe5caf4287","Name":"RateOfChange","PropertyId":3005}}</Value>
    </Property>
    <Property>
      <Name>parameter:rateOfChangeValueSpecified</Name>
      <Value>{"ParameterType":"Boolean","ValueType":1,"ContentInfo":{"Id":"00000000-0000-0000-0000-000000000000","Name":"true","PropertyId":0}}</Value>
    </Property>
    <Property>
      <Name>parameter:highLimit</Name>
      <Value>{"ParameterType":"Double","ValueType":0,"ContentInfo":{"Id":"02bb2a93-34ec-4cfc-9624-c1fe5caf4287","Name":"High","PropertyId":3005}}</Value>
    </Property>
    <Property>
      <Name>parameter:highLimitSpecified</Name>
      <Value>{"ParameterType":"Boolean","ValueType":1,"ContentInfo":{"Id":"00000000-0000-0000-0000-000000000000","Name":"true","PropertyId":0}}</Value>
    </Property>
    <Property>
      <Name>parameter:lowLimit</Name>
      <Value>{"ParameterType":"Double","ValueType":0,"ContentInfo":{"Id":"02bb2a93-34ec-4cfc-9624-c1fe5caf4287","Name":"Low","PropertyId":3005}}</Value>
    </Property>
    <Property>
      <Name>parameter:lowLimitSpecified</Name>
      <Value>{"ParameterType":"Boolean","ValueType":1,"ContentInfo":{"Id":"00000000-0000-0000-0000-000000000000","Name":"true","PropertyId":0}}</Value>
    </Property>
    <Property>
      <Name>parameter:state</Name>
      <Value>{"ParameterType":"String","ValueType":0,"ContentInfo":{"Id":"15628018-3792-4aad-b13f-ad324c406a84","Name":null,"PropertyId":2}}</Value>
    </Property>
  </AFDeliveryFormat>
  <AFDeliveryFormat>
    <Name>285b9f15-2f28-493e-bd97-4e1f709300e2</Name>
    <DeliveryChannel>WebService</DeliveryChannel>
    <Property>
      <Name>parameter:notification</Name>
      <Value>{"ParameterType":"String","ValueType":0,"ContentInfo":{"Id":"418df2db-58ed-4c27-97de-0a909bd8b2fe","Name":null,"PropertyId":1}}</Value>
    </Property>
    <Property>
      <Name>parameter:eventId</Name>
      <Value>{"ParameterType":"String","ValueType":0,"ContentInfo":{"Id":"418df2db-58ed-4c27-97de-0a909bd8b2fe","Name":null,"PropertyId":1}}</Value>
    </Property>
    <Property>
      <Name>parameter:initialSignalDateTime</Name>
      <Value>{"ParameterType":"String","ValueType":0,"ContentInfo":{"Id":"02bb2a93-34ec-4cfc-9624-c1fe5caf4287","Name":"TimeSeriesValue","PropertyId":3006}}</Value>
    </Property>
    <Property>
      <Name>parameter:averageBaselinePeriodValue</Name>
      <Value>{"ParameterType":"Double","ValueType":0,"ContentInfo":{"Id":"02bb2a93-34ec-4cfc-9624-c1fe5caf4287","Name":"AverageBaseline","PropertyId":3005}}</Value>
    </Property>
    <Property>
      <Name>parameter:averageBaselinePeriodValueSpecified</Name>
      <Value>{"ParameterType":"Boolean","ValueType":1,"ContentInfo":{"Id":"00000000-0000-0000-0000-000000000000","Name":"true","PropertyId":0}}</Value>
    </Property>
    <Property>
      <Name>parameter:averageEvaluationPeriodValue</Name>
      <Value>{"ParameterType":"Double","ValueType":0,"ContentInfo":{"Id":"02bb2a93-34ec-4cfc-9624-c1fe5caf4287","Name":"AverageEvaluation","PropertyId":3005}}</Value>
    </Property>
    <Property>
      <Name>parameter:averageEvaluationPeriodValueSpecified</Name>
      <Value>{"ParameterType":"Boolean","ValueType":1,"ContentInfo":{"Id":"00000000-0000-0000-0000-000000000000","Name":"true","PropertyId":0}}</Value>
    </Property>
    <Property>
      <Name>parameter:deviation</Name>
      <Value>{"ParameterType":"Double","ValueType":0,"ContentInfo":{"Id":"02bb2a93-34ec-4cfc-9624-c1fe5caf4287","Name":"Deviation","PropertyId":3005}}</Value>
    </Property>
    <Property>
      <Name>parameter:deviationSpecified</Name>
      <Value>{"ParameterType":"Boolean","ValueType":1,"ContentInfo":{"Id":"00000000-0000-0000-0000-000000000000","Name":"true","PropertyId":0}}</Value>
    </Property>
    <Property>
      <Name>parameter:highLimit</Name>
      <Value>{"ParameterType":"Double","ValueType":0,"ContentInfo":{"Id":"02bb2a93-34ec-4cfc-9624-c1fe5caf4287","Name":"High","PropertyId":3005}}</Value>
    </Property>
    <Property>
      <Name>parameter:highLimitSpecified</Name>
      <Value>{"ParameterType":"Boolean","ValueType":1,"ContentInfo":{"Id":"00000000-0000-0000-0000-000000000000","Name":"true","PropertyId":0}}</Value>
    </Property>
    <Property>
      <Name>parameter:lowLimit</Name>
      <Value>{"ParameterType":"Double","ValueType":0,"ContentInfo":{"Id":"02bb2a93-34ec-4cfc-9624-c1fe5caf4287","Name":"Low","PropertyId":3005}}</Value>
    </Property>
    <Property>
      <Name>parameter:lowLimitSpecified</Name>
      <Value>{"ParameterType":"Boolean","ValueType":1,"ContentInfo":{"Id":"00000000-0000-0000-0000-000000000000","Name":"true","PropertyId":0}}</Value>
    </Property>
    <Property>
      <Name>parameter:state</Name>
      <Value>{"ParameterType":"String","ValueType":0,"ContentInfo":{"Id":"15628018-3792-4aad-b13f-ad324c406a84","Name":null,"PropertyId":2}}</Value>
    </Property>
  </AFDeliveryFormat>
  <AFDeliveryFormat>
    <Name>Global Default Email</Name>
    <DeliveryChannel>Email</DeliveryChannel>
    <Property>
      <Name>Subject</Name>
      <Value>&lt;FlowDocument xmlns="http://schemas.microsoft.com/winfx/2006/xaml/presentation" xmlns:osiann="clr-namespace:OSIsoft.AN.Notification;assembly=OSIsoft.AF.Notification.DeliveryChannel.Email" xmlns:x="http://schemas.microsoft.com/winfx/2006/xaml"&gt;&lt;Paragraph&gt;&lt;Span xml:space="preserve"&gt;&lt;osiann:ANInlineContent ContentID="9cfcde7e-9975-4aca-a6ba-47dc17119902" ContentProperty="0" PersistedContentName="" AdditionalData="" /&gt; generated a new notification event. &lt;/Span&gt; &lt;osiann:ANInlineContent ContentID="15628018-3792-4aad-b13f-ad324c406a84" ContentProperty="2" PersistedContentName="" AdditionalData="" /&gt;&lt;/Paragraph&gt;&lt;/FlowDocument&gt;</Value>
    </Property>
    <Property>
      <Name>Body</Name>
      <Value>&lt;FlowDocument xmlns="http://schemas.microsoft.com/winfx/2006/xaml/presentation" xmlns:osiann="clr-namespace:OSIsoft.AN.Notification;assembly=OSIsoft.AF.Notification.DeliveryChannel.Email" xmlns:x="http://schemas.microsoft.com/winfx/2006/xaml"&gt;&lt;Section&gt;&lt;Paragraph&gt;&lt;Bold xml:space="preserve"&gt;Event: &lt;/Bold&gt;&lt;osiann:ANInlineContent ContentID="9cfcde7e-9975-4aca-a6ba-47dc17119902" ContentProperty="0" PersistedContentName="" AdditionalData="" /&gt;&lt;/Paragraph&gt;&lt;Paragraph&gt;&lt;Bold xml:space="preserve"&gt;Name: &lt;/Bold&gt;&lt;osiann:ANInlineContent ContentID="418df2db-58ed-4c27-97de-0a909bd8b2fe" ContentProperty="0" PersistedContentName="" AdditionalData="" /&gt;&lt;/Paragraph&gt;&lt;Paragraph&gt;&lt;Bold xml:space="preserve"&gt;Server: &lt;/Bold&gt;&lt;osiann:ANInlineContent ContentID="888f1705-c21e-49cb-8941-89ecc83ef8c1" ContentProperty="0" PersistedContentName="" AdditionalData="" /&gt;&lt;/Paragraph&gt;&lt;Paragraph&gt;&lt;Bold xml:space="preserve"&gt;Database: &lt;/Bold&gt;&lt;osiann:ANInlineContent ContentID="a5407735-c1da-4659-8b46-0c82a2450d30" ContentProperty="0" PersistedContentName="" AdditionalData="" /&gt;&lt;/Paragraph&gt;&lt;Paragraph&gt;&lt;Bold xml:space="preserve"&gt;Start Time: &lt;/Bold&gt;&lt;osiann:ANInlineContent ContentID="9cfcde7e-9975-4aca-a6ba-47dc17119902" ContentProperty="2001" PersistedContentName="" AdditionalData="" /&gt;&lt;/Paragraph&gt;&lt;Paragraph&gt;&lt;Bold xml:space="preserve"&gt;Target: &lt;/Bold&gt;&lt;osiann:ANInlineContent ContentID="67fad554-031e-4e5f-9798-7ebccb4e909e" ContentProperty="1000" PersistedContentName="" AdditionalData="" /&gt;&lt;/Paragraph&gt;&lt;Paragraph&gt;&lt;Bold xml:space="preserve"&gt;Severity: &lt;/Bold&gt;&lt;osiann:ANInlineContent ContentID="9cfcde7e-9975-4aca-a6ba-47dc17119902" ContentProperty="2004" PersistedContentName="" AdditionalData="" /&gt;&lt;/Paragraph&gt;&lt;Paragraph&gt;&lt;Bold xml:space="preserve"&gt;Send Time: &lt;/Bold&gt;&lt;osiann:ANInlineContent ContentID="418df2db-58ed-4c27-97de-0a909bd8b2fe" ContentProperty="2003" PersistedContentName="" AdditionalData="" /&gt;&lt;/Paragraph&gt;&lt;Paragraph /&gt;&lt;/Section&gt;&lt;/FlowDocument&gt;</Value>
    </Property>
    <Property>
      <Name>Importance</Name>
      <Value>Normal</Value>
    </Property>
  </AFDeliveryFormat>
  <AFElementCategory>
    <Name>Local Calculation</Name>
    <Description />
    <SecurityAccessControl>Administrators:A(r,w,rd,wd,d,x,a,s,so,an)|Asset Analytics:A(r,w,rd,wd,x,an)|RTQP Engine:A(r,rd)|Asset Analytics Recalculation:A(x)|Notifications:A(r,w,rd,wd,an)|PIAF_ReadBasic_EUACCPICOLLAF:A(r,rd,s,an)|PIAF_Read_AST_SUKEP:A(r,rd,s,an)|PIAF_ReadWrite_AST_SUKEP:A(r,w,rd,wd,d,x,s,so,an)</SecurityAccessControl>
  </AFElementCategory>
  <AFAnalysisCategory>
    <Name>PE:Wells</Name>
    <Description />
    <SecurityAccessControl>Administrators:A(r,w,rd,wd,d,x,a,s,so,an)|Asset Analytics:A(r,w,rd,wd,x,an)|RTQP Engine:A(r,rd)|Asset Analytics Recalculation:A(x)|Notifications:A(r,w,rd,wd,an)|PIAF_ReadBasic_EUACCPICOLLAF:A(r,rd,s,an)|PIAF_Read_AST_SUKEP:A(r,rd,s,an)|PIAF_ReadWrite_AST_SUKEP:A(r,w,rd,wd,d,x,s,so,an)</SecurityAccessControl>
  </AFAnalysisCategory>
  <AFNotificationRuleCategory>
    <Name>SUKEP:PE:Wells</Name>
    <Description />
    <SecurityAccessControl>Administrators:A(r,w,rd,wd,d,x,a,s,so,an)|Asset Analytics:A(r,w,rd,wd,x,an)|RTQP Engine:A(r,rd)|Asset Analytics Recalculation:A(x)|Notifications:A(r,w,rd,wd,an)|PIAF_ReadBasic_EUACCPICOLLAF:A(r,rd,s,an)|PIAF_Read_AST_SUKEP:A(r,rd,s,an)|PIAF_ReadWrite_AST_SUKEP:A(r,w,rd,wd,d,x,s,so,an)</SecurityAccessControl>
  </AFNotificationRuleCategory>
  <AFElementTemplate>
    <Name>Local Calculation Templates</Name>
    <Description>This is the base template from which all Local calculations should derive, if they do not derive from this template, they will be deleted by the sync.</Description>
    <BaseTemplateOnly>false</BaseTemplateOnly>
    <BaseTemplate />
    <Type>None</Type>
    <InstanceType>Element</InstanceType>
    <AllowElementToExtend>false</AllowElementToExtend>
    <DefaultAttribute />
    <NamingPattern />
    <DefaultInputPort />
    <DefaultOutputPort />
    <DefaultUndirectedPort />
    <AFElementCategoryRef>Local Calculation</AFElementCategoryRef>
    <AFAttributeTemplate>
      <Name>Calculation Owner</Name>
      <Description>See [https://eu001-sp.shell.com/sites/AAAAB2614/TDM/Lists/DVO%20Contact%20List/AllItems.aspx] this should be specified before calculation is promoted to production.</Description>
      <IsHidden>false</IsHidden>
      <IsManualDataEntry>false</IsManualDataEntry>
      <IsConfigurationItem>false</IsConfigurationItem>
      <IsExcluded>false</IsExcluded>
      <IsIndexed>false</IsIndexed>
      <Trait />
      <DefaultUOM />
      <DisplayDigits>-5</DisplayDigits>
      <Type>String</Type>
      <TypeQualifier />
      <Value type="String">Carl Gerrard</Value>
      <DataReference />
      <AFAttributeCategoryRef>Shell Required Parameters</AFAttributeCategoryRef>
    </AFAttributeTemplate>
    <AFAttributeTemplate>
      <Name>Data Value Owner</Name>
      <Description>Defines the calculation result owner</Description>
      <IsHidden>false</IsHidden>
      <IsManualDataEntry>false</IsManualDataEntry>
      <IsConfigurationItem>false</IsConfigurationItem>
      <IsExcluded>false</IsExcluded>
      <IsIndexed>false</IsIndexed>
      <Trait />
      <DefaultUOM />
      <DisplayDigits>-5</DisplayDigits>
      <Type>String</Type>
      <TypeQualifier />
      <Value type="String">Carl Gerrard</Value>
      <DataReference />
      <AFAttributeCategoryRef>General</AFAttributeCategoryRef>
    </AFAttributeTemplate>
    <AFAttributeTemplate>
      <Name>Parent GUID</Name>
      <Description>EDAM GUID of Parent of this calculation, used when sending events to Event Collector.</Description>
      <IsHidden>false</IsHidden>
      <IsManualDataEntry>false</IsManualDataEntry>
      <IsConfigurationItem>false</IsConfigurationItem>
      <IsExcluded>false</IsExcluded>
      <IsIndexed>false</IsIndexed>
      <Trait />
      <DefaultUOM />
      <DisplayDigits>-5</DisplayDigits>
      <Type>String</Type>
      <TypeQualifier />
      <Value type="String"></Value>
      <DataReference>String Builder</DataReference>
      <ConfigString>'..\|GlobalUniqueID';</ConfigString>
      <AFAttributeCategoryRef>Shell Required Parameters</AFAttributeCategoryRef>
    </AFAttributeTemplate>
    <AFAttributeTemplate>
      <Name>Parent Name</Name>
      <Description>Name of parent element to this caculation.</Description>
      <IsHidden>false</IsHidden>
      <IsManualDataEntry>false</IsManualDataEntry>
      <IsConfigurationItem>false</IsConfigurationItem>
      <IsExcluded>false</IsExcluded>
      <IsIndexed>false</IsIndexed>
      <Trait />
      <DefaultUOM />
      <DisplayDigits>-5</DisplayDigits>
      <Type>String</Type>
      <TypeQualifier />
      <Value type="String"></Value>
      <DataReference>String Builder</DataReference>
      <ConfigString>"%..\Element%";</ConfigString>
      <AFAttributeCategoryRef>Shell Required Parameters</AFAttributeCategoryRef>
    </AFAttributeTemplate>
    <AFAttributeTemplate>
      <Name>Template Status</Name>
      <Description>Defines the status of the template</Description>
      <IsHidden>false</IsHidden>
      <IsManualDataEntry>false</IsManualDataEntry>
      <IsConfigurationItem>false</IsConfigurationItem>
      <IsExcluded>false</IsExcluded>
      <IsIndexed>false</IsIndexed>
      <Trait />
      <DefaultUOM />
      <DisplayDigits>-5</DisplayDigits>
      <Type>String</Type>
      <TypeQualifier />
      <Value type="String">In Acceptance</Value>
      <DataReference />
      <AFAttributeCategoryRef>General</AFAttributeCategoryRef>
    </AFAttributeTemplate>
    <SecurityAccessControl>Administrators:A(r,w,rd,wd,d,x,a,s,so,an)|Asset Analytics:A(r,w,rd,wd,x,an)|RTQP Engine:A(r,rd)|Asset Analytics Recalculation:A(x)|Notifications:A(r,w,rd,wd,an)|PIAF_ReadBasic_EUACCPICOLLAF:A(r,rd,s,an)|PIAF_Read_AST_SUKEP:A(r,rd,s,an)|PIAF_ReadWrite_AST_SUKEP:A(r,w,rd,wd,d,x,s,so,an)</SecurityAccessControl>
  </AFElementTemplate>
  <AFElementTemplate>
    <Name>SUKEP</Name>
    <Description>Parant Tempate of SUKEP's Template</Description>
    <BaseTemplateOnly>false</BaseTemplateOnly>
    <BaseTemplate>Local Calculation Templates</BaseTemplate>
    <Type>None</Type>
    <InstanceType>Element</InstanceType>
    <AllowElementToExtend>false</AllowElementToExtend>
    <DefaultAttribute />
    <NamingPattern />
    <DefaultInputPort />
    <DefaultOutputPort />
    <DefaultUndirectedPort />
    <SecurityAccessControl>Administrators:A(r,w,rd,wd,d,x,a,s,so,an)|Asset Analytics:A(r,w,rd,wd,x,an)|RTQP Engine:A(r,rd)|Asset Analytics Recalculation:A(x)|Notifications:A(r,w,rd,wd,an)|PIAF_ReadBasic_EUACCPICOLLAF:A(r,rd,s,an)|PIAF_Read_AST_SUKEP:A(r,rd,s,an)|PIAF_ReadWrite_AST_SUKEP:A(r,w,rd,wd,d,x,s,so,an)</SecurityAccessControl>
  </AFElementTemplate>
  <AFElementTemplate>
    <Name>AST</Name>
    <Description />
    <BaseTemplateOnly>false</BaseTemplateOnly>
    <BaseTemplate>SUKEP</BaseTemplate>
    <Type>None</Type>
    <InstanceType>Element</InstanceType>
    <AllowElementToExtend>false</AllowElementToExtend>
    <DefaultAttribute />
    <NamingPattern />
    <DefaultInputPort />
    <DefaultOutputPort />
    <DefaultUndirectedPort />
    <SecurityAccessControl>Administrators:A(r,w,rd,wd,d,x,a,s,so,an)|Asset Analytics:A(r,w,rd,wd,x,an)|RTQP Engine:A(r,rd)|Asset Analytics Recalculation:A(x)|Notifications:A(r,w,rd,wd,an)|PIAF_ReadBasic_EUACCPICOLLAF:A(r,rd,s,an)|PIAF_Read_AST_SUKEP:A(r,rd,s,an)|PIAF_ReadWrite_AST_SUKEP:A(r,w,rd,wd,d,x,s,so,an)</SecurityAccessControl>
  </AFElementTemplate>
  <AFElementTemplate>
    <Name>Penguin</Name>
    <Description />
    <BaseTemplateOnly>false</BaseTemplateOnly>
    <BaseTemplate>AST</BaseTemplate>
    <Type>None</Type>
    <InstanceType>Element</InstanceType>
    <AllowElementToExtend>false</AllowElementToExtend>
    <DefaultAttribute />
    <NamingPattern />
    <DefaultInputPort />
    <DefaultOutputPort />
    <DefaultUndirectedPort />
    <SecurityAccessControl>Administrators:A(r,w,rd,wd,d,x,a,s,so,an)|Asset Analytics:A(r,w,rd,wd,x,an)|RTQP Engine:A(r,rd)|Asset Analytics Recalculation:A(x)|Notifications:A(r,w,rd,wd,an)|PIAF_ReadBasic_EUACCPICOLLAF:A(r,rd,s,an)|PIAF_Read_AST_SUKEP:A(r,rd,s,an)|PIAF_ReadWrite_AST_SUKEP:A(r,w,rd,wd,d,x,s,so,an)</SecurityAccessControl>
  </AFElementTemplate>
  <AFElementTemplate>
    <Name>PE: Wells</Name>
    <Description>Parant Tempate of Penguin Well's Template</Description>
    <BaseTemplateOnly>false</BaseTemplateOnly>
    <BaseTemplate>Penguin</BaseTemplate>
    <Type>None</Type>
    <InstanceType>Element</InstanceType>
    <AllowElementToExtend>false</AllowElementToExtend>
    <DefaultAttribute />
    <NamingPattern />
    <DefaultInputPort />
    <DefaultOutputPort />
    <DefaultUndirectedPort />
    <SecurityAccessControl>Administrators:A(r,w,rd,wd,d,x,a,s,so,an)|Asset Analytics:A(r,w,rd,wd,x,an)|RTQP Engine:A(r,rd)|Asset Analytics Recalculation:A(x)|Notifications:A(r,w,rd,wd,an)|PIAF_ReadBasic_EUACCPICOLLAF:A(r,rd,s,an)|PIAF_Read_AST_SUKEP:A(r,rd,s,an)|PIAF_ReadWrite_AST_SUKEP:A(r,w,rd,wd,d,x,s,so,an)</SecurityAccessControl>
  </AFElementTemplate>
  <AFElementTemplate>
    <Name>PE: Wells Limits</Name>
    <Description>Template for Penguin Wells</Description>
    <BaseTemplateOnly>false</BaseTemplateOnly>
    <BaseTemplate>PE: Wells</BaseTemplate>
    <Type>None</Type>
    <InstanceType>Element</InstanceType>
    <AllowElementToExtend>false</AllowElementToExtend>
    <DefaultAttribute />
    <NamingPattern />
    <DefaultInputPort />
    <DefaultOutputPort />
    <DefaultUndirectedPort />
    <AFElementCategoryRef>Local Calculation</AFElementCategoryRef>
    <AFAttributeTemplate>
      <Name>1 Day Average</Name>
      <Description>Average for 1 Day</Description>
      <IsHidden>false</IsHidden>
      <IsManualDataEntry>false</IsManualDataEntry>
      <IsConfigurationItem>false</IsConfigurationItem>
      <IsExcluded>false</IsExcluded>
      <IsIndexed>false</IsIndexed>
      <Trait />
      <DefaultUOM />
      <DisplayDigits>-5</DisplayDigits>
      <Type>Double</Type>
      <TypeQualifier />
      <Value type="Double">0</Value>
      <DataReference>PI Point</DataReference>
      <ConfigString>\\%Server%\%Element%.%Attribute%</ConfigString>
      <AFAttributeCategoryRef>Calculations</AFAttributeCategoryRef>
    </AFAttributeTemplate>
    <AFAttributeTemplate>
      <Name>3 Days Average</Name>
      <Description>Average for last 3 Days</Description>
      <IsHidden>false</IsHidden>
      <IsManualDataEntry>false</IsManualDataEntry>
      <IsConfigurationItem>false</IsConfigurationItem>
      <IsExcluded>false</IsExcluded>
      <IsIndexed>false</IsIndexed>
      <Trait />
      <DefaultUOM />
      <DisplayDigits>-5</DisplayDigits>
      <Type>Double</Type>
      <TypeQualifier />
      <Value type="Double">0</Value>
      <DataReference>PI Point</DataReference>
      <ConfigString>\\%Server%\%Element%.%Attribute%</ConfigString>
      <AFAttributeCategoryRef>Calculations</AFAttributeCategoryRef>
    </AFAttributeTemplate>
    <AFAttributeTemplate>
      <Name>3 Days Change</Name>
      <Description>Avg(Mid Night,1hr)(t-1) - Avg(Mgnight,1hr)(T-3)</Description>
      <IsHidden>false</IsHidden>
      <IsManualDataEntry>false</IsManualDataEntry>
      <IsConfigurationItem>false</IsConfigurationItem>
      <IsExcluded>false</IsExcluded>
      <IsIndexed>false</IsIndexed>
      <Trait />
      <DefaultUOM />
      <DisplayDigits>-5</DisplayDigits>
      <Type>Double</Type>
      <TypeQualifier />
      <Value type="Double">0</Value>
      <DataReference>PI Point</DataReference>
      <ConfigString>\\%Server%\%Element%.%Attribute%</ConfigString>
      <AFAttributeCategoryRef>Calculations</AFAttributeCategoryRef>
    </AFAttributeTemplate>
    <AFAttributeTemplate>
      <Name>5 Days Average</Name>
      <Description>Average for last 5 Days</Description>
      <IsHidden>false</IsHidden>
      <IsManualDataEntry>false</IsManualDataEntry>
      <IsConfigurationItem>false</IsConfigurationItem>
      <IsExcluded>false</IsExcluded>
      <IsIndexed>false</IsIndexed>
      <Trait />
      <DefaultUOM />
      <DisplayDigits>-5</DisplayDigits>
      <Type>Double</Type>
      <TypeQualifier />
      <Value type="Double">0</Value>
      <DataReference>PI Point</DataReference>
      <ConfigString>\\%Server%\%Element%.%Attribute%</ConfigString>
      <AFAttributeCategoryRef>Calculations</AFAttributeCategoryRef>
    </AFAttributeTemplate>
    <AFAttributeTemplate>
      <Name>5 Days Change</Name>
      <Description>Avg(Mid Night,1hr)(t-1) - Avg(Mgnight,1hr)(T-5)</Description>
      <IsHidden>false</IsHidden>
      <IsManualDataEntry>false</IsManualDataEntry>
      <IsConfigurationItem>false</IsConfigurationItem>
      <IsExcluded>false</IsExcluded>
      <IsIndexed>false</IsIndexed>
      <Trait />
      <DefaultUOM />
      <DisplayDigits>-5</DisplayDigits>
      <Type>Double</Type>
      <TypeQualifier />
      <Value type="Double">0</Value>
      <DataReference>PI Point</DataReference>
      <ConfigString>\\%Server%\%Element%.%Attribute%</ConfigString>
      <AFAttributeCategoryRef>Calculations</AFAttributeCategoryRef>
    </AFAttributeTemplate>
    <AFAttributeTemplate>
      <Name>assetGlobalUniqueID</Name>
      <Description>Global Unique ID (GUID) for the asset</Description>
      <IsHidden>false</IsHidden>
      <IsManualDataEntry>false</IsManualDataEntry>
      <IsConfigurationItem>false</IsConfigurationItem>
      <IsExcluded>false</IsExcluded>
      <IsIndexed>false</IsIndexed>
      <Trait />
      <DefaultUOM />
      <DisplayDigits>-5</DisplayDigits>
      <Type>String</Type>
      <TypeQualifier />
      <Value type="String">0</Value>
      <DataReference>String Builder</DataReference>
      <ConfigString>'..\|GlobalUniqueID'</ConfigString>
      <AFAttributeCategoryRef>Properties</AFAttributeCategoryRef>
    </AFAttributeTemplate>
    <AFAttributeTemplate>
      <Name>Current Value</Name>
      <Description>Snapshot value of tags</Description>
      <IsHidden>false</IsHidden>
      <IsManualDataEntry>false</IsManualDataEntry>
      <IsConfigurationItem>false</IsConfigurationItem>
      <IsExcluded>false</IsExcluded>
      <IsIndexed>false</IsIndexed>
      <Trait />
      <DefaultUOM />
      <DisplayDigits>-5</DisplayDigits>
      <Type>Double</Type>
      <TypeQualifier />
      <Value type="Double">0</Value>
      <DataReference>PI Point</DataReference>
      <ConfigString>..\|TimeSeriesValue</ConfigString>
      <AFAttributeCategoryRef>Input Tags</AFAttributeCategoryRef>
    </AFAttributeTemplate>
    <AFAttributeTemplate>
      <Name>Limit H</Name>
      <Description>High Limits</Description>
      <IsHidden>false</IsHidden>
      <IsManualDataEntry>false</IsManualDataEntry>
      <IsConfigurationItem>false</IsConfigurationItem>
      <IsExcluded>false</IsExcluded>
      <IsIndexed>false</IsIndexed>
      <Trait />
      <DefaultUOM />
      <DisplayDigits>-5</DisplayDigits>
      <Type>Single</Type>
      <TypeQualifier />
      <Value type="Single">0</Value>
      <DataReference>PI Point</DataReference>
      <ConfigString>\\%Server%\%Element%.%Attribute%</ConfigString>
      <AFAttributeCategoryRef>Limits</AFAttributeCategoryRef>
    </AFAttributeTemplate>
    <AFAttributeTemplate>
      <Name>Limit L</Name>
      <Description>Low limit</Description>
      <IsHidden>false</IsHidden>
      <IsManualDataEntry>false</IsManualDataEntry>
      <IsConfigurationItem>false</IsConfigurationItem>
      <IsExcluded>false</IsExcluded>
      <IsIndexed>false</IsIndexed>
      <Trait />
      <DefaultUOM />
      <DisplayDigits>-5</DisplayDigits>
      <Type>Single</Type>
      <TypeQualifier />
      <Value type="Single">0</Value>
      <DataReference>PI Point</DataReference>
      <ConfigString>\\%Server%\%Element%.%Attribute%</ConfigString>
      <AFAttributeCategoryRef>Limits</AFAttributeCategoryRef>
    </AFAttributeTemplate>
    <AFAttributeTemplate>
      <Name>Parameter</Name>
      <Description>Parameter name of the property</Description>
      <IsHidden>false</IsHidden>
      <IsManualDataEntry>false</IsManualDataEntry>
      <IsConfigurationItem>false</IsConfigurationItem>
      <IsExcluded>false</IsExcluded>
      <IsIndexed>false</IsIndexed>
      <Trait />
      <DefaultUOM />
      <DisplayDigits>-5</DisplayDigits>
      <Type>String</Type>
      <TypeQualifier />
      <Value type="String"></Value>
      <DataReference />
      <AFAttributeCategoryRef>Properties</AFAttributeCategoryRef>
    </AFAttributeTemplate>
    <AFAttributeTemplate>
      <Name>Status</Name>
      <Description>1=Red; 2=Amber; 3=Green; 4=Purple(Bad Data); 5=No Limits ; 6= Limit not configured in LS</Description>
      <IsHidden>false</IsHidden>
      <IsManualDataEntry>false</IsManualDataEntry>
      <IsConfigurationItem>false</IsConfigurationItem>
      <IsExcluded>false</IsExcluded>
      <IsIndexed>false</IsIndexed>
      <Trait />
      <DefaultUOM />
      <DisplayDigits>-5</DisplayDigits>
      <Type>Double</Type>
      <TypeQualifier />
      <Value type="Double">0</Value>
      <DataReference>PI Point</DataReference>
      <ConfigString>\\%Server%\%Element%.%Attribute%</ConfigString>
      <AFAttributeCategoryRef>Calculations</AFAttributeCategoryRef>
    </AFAttributeTemplate>
    <AFAttributeTemplate>
      <Name>Tag Name</Name>
      <Description>Tag name in text</Description>
      <IsHidden>false</IsHidden>
      <IsManualDataEntry>false</IsManualDataEntry>
      <IsConfigurationItem>false</IsConfigurationItem>
      <IsExcluded>false</IsExcluded>
      <IsIndexed>false</IsIndexed>
      <Trait />
      <DefaultUOM />
      <DisplayDigits>-5</DisplayDigits>
      <Type>String</Type>
      <TypeQualifier />
      <Value type="String"></Value>
      <DataReference />
      <AFAttributeCategoryRef>Properties</AFAttributeCategoryRef>
    </AFAttributeTemplate>
    <AFAttributeTemplate>
      <Name>Well Name</Name>
      <Description>Name of the well</Description>
      <IsHidden>false</IsHidden>
      <IsManualDataEntry>false</IsManualDataEntry>
      <IsConfigurationItem>false</IsConfigurationItem>
      <IsExcluded>false</IsExcluded>
      <IsIndexed>false</IsIndexed>
      <Trait />
      <DefaultUOM />
      <DisplayDigits>-5</DisplayDigits>
      <Type>String</Type>
      <TypeQualifier />
      <Value type="String"></Value>
      <DataReference />
      <AFAttributeCategoryRef>Properties</AFAttributeCategoryRef>
    </AFAttributeTemplate>
    <AFAnalysisTemplate>
      <Name>1 Day Average</Name>
      <Description>Average for 1 Day</Description>
      <OutputTime />
      <GroupID>0</GroupID>
      <CaseTemplate />
      <Target>PE: Wells Limits</Target>
      <CreateEnabled>true</CreateEnabled>
      <AFAnalysisCategoryRef>PE:Wells</AFAnalysisCategoryRef>
      <AFAnalysisRule>
        <AFPlugIn>PerformanceEquation</AFPlugIn>
        <ConfigString>Average1Day := if BadVal('Current Value') then &#xD;
	DigState("Bad Input") &#xD;
else &#xD;
	TAGAVG('Current Value','*','*-1D');</ConfigString>
        <VariableMapping>Average1Day||1 Day Average;</VariableMapping>
      </AFAnalysisRule>
      <AFTimeRule>
        <AFPlugIn>Periodic</AFPlugIn>
        <ConfigString>Frequency=3600;Offset=60</ConfigString>
      </AFTimeRule>
      <SecurityAccessControl>Administrators:A(r,w,rd,wd,d,x,a,s,so,an)|Asset Analytics:A(r,w,rd,wd,x,an)|RTQP Engine:A(r,rd)|Asset Analytics Recalculation:A(x)|Notifications:A(r,w,rd,wd,an)|PIAF_ReadBasic_EUACCPICOLLAF:A(r,rd,s,an)|PIAF_Read_AST_SUKEP:A(r,rd,s,an)|PIAF_ReadWrite_AST_SUKEP:A(r,w,rd,wd,d,x,s,so,an)</SecurityAccessControl>
    </AFAnalysisTemplate>
    <AFAnalysisTemplate>
      <Name>3 Days Average</Name>
      <Description>Average for last 3 Days</Description>
      <OutputTime />
      <GroupID>0</GroupID>
      <CaseTemplate />
      <Target>PE: Wells Limits</Target>
      <CreateEnabled>true</CreateEnabled>
      <AFAnalysisCategoryRef>PE:Wells</AFAnalysisCategoryRef>
      <AFAnalysisRule>
        <AFPlugIn>PerformanceEquation</AFPlugIn>
        <ConfigString>Average3Days := if BadVal('Current Value') or BadVal('1 Day Average') then &#xD;
	DigState("Bad Input") &#xD;
else &#xD;
     TagAvg('1 Day Average','*-3d','*');</ConfigString>
        <VariableMapping>3DaysAverage||3 Days Average;Average3Days||3 Days Average;</VariableMapping>
      </AFAnalysisRule>
      <AFTimeRule>
        <AFPlugIn>Periodic</AFPlugIn>
        <ConfigString>Frequency=3600;Offset=75</ConfigString>
      </AFTimeRule>
      <SecurityAccessControl>Administrators:A(r,w,rd,wd,d,x,a,s,so,an)|Asset Analytics:A(r,w,rd,wd,x,an)|RTQP Engine:A(r,rd)|Asset Analytics Recalculation:A(x)|Notifications:A(r,w,rd,wd,an)|PIAF_ReadBasic_EUACCPICOLLAF:A(r,rd,s,an)|PIAF_Read_AST_SUKEP:A(r,rd,s,an)|PIAF_ReadWrite_AST_SUKEP:A(r,w,rd,wd,d,x,s,so,an)</SecurityAccessControl>
    </AFAnalysisTemplate>
    <AFAnalysisTemplate>
      <Name>3 Days Change</Name>
      <Description>Change for last 3 Days</Description>
      <OutputTime />
      <GroupID>0</GroupID>
      <CaseTemplate />
      <Target>PE: Wells Limits</Target>
      <CreateEnabled>true</CreateEnabled>
      <AFAnalysisCategoryRef>PE:Wells</AFAnalysisCategoryRef>
      <AFAnalysisRule>
        <AFPlugIn>PerformanceEquation</AFPlugIn>
        <ConfigString>Change3Days := if BadVal('Current Value') then &#xD;
	DigState("Bad Input") &#xD;
else &#xD;
	TagAvg('Current Value', 't-1d','t-1d+1h') - TagAvg('Current Value', 't-3d', 't-3d+1h');</ConfigString>
        <VariableMapping>Change3Days||3 Days Change;</VariableMapping>
      </AFAnalysisRule>
      <AFTimeRule>
        <AFPlugIn>Periodic</AFPlugIn>
        <ConfigString>Frequency=3600;Offset=75</ConfigString>
      </AFTimeRule>
      <SecurityAccessControl>Administrators:A(r,w,rd,wd,d,x,a,s,so,an)|Asset Analytics:A(r,w,rd,wd,x,an)|RTQP Engine:A(r,rd)|Asset Analytics Recalculation:A(x)|Notifications:A(r,w,rd,wd,an)|PIAF_ReadBasic_EUACCPICOLLAF:A(r,rd,s,an)|PIAF_Read_AST_SUKEP:A(r,rd,s,an)|PIAF_ReadWrite_AST_SUKEP:A(r,w,rd,wd,d,x,s,so,an)</SecurityAccessControl>
    </AFAnalysisTemplate>
    <AFAnalysisTemplate>
      <Name>5 Days Average</Name>
      <Description>Average for last 5 Days</Description>
      <OutputTime />
      <GroupID>0</GroupID>
      <CaseTemplate />
      <Target>PE: Wells Limits</Target>
      <CreateEnabled>true</CreateEnabled>
      <AFAnalysisCategoryRef>PE:Wells</AFAnalysisCategoryRef>
      <AFAnalysisRule>
        <AFPlugIn>PerformanceEquation</AFPlugIn>
        <ConfigString>Average5Days := if BadVal('Current Value') or BadVal('1 Day Average') then &#xD;
	DigState("Bad Input") &#xD;
else &#xD;
     TagAvg('1 Day Average','*-5d','*');</ConfigString>
        <VariableMapping>Average5Days||5 Days Average;</VariableMapping>
      </AFAnalysisRule>
      <AFTimeRule>
        <AFPlugIn>Periodic</AFPlugIn>
        <ConfigString>Frequency=3600;Offset=90</ConfigString>
      </AFTimeRule>
      <SecurityAccessControl>Administrators:A(r,w,rd,wd,d,x,a,s,so,an)|Asset Analytics:A(r,w,rd,wd,x,an)|RTQP Engine:A(r,rd)|Asset Analytics Recalculation:A(x)|Notifications:A(r,w,rd,wd,an)|PIAF_ReadBasic_EUACCPICOLLAF:A(r,rd,s,an)|PIAF_Read_AST_SUKEP:A(r,rd,s,an)|PIAF_ReadWrite_AST_SUKEP:A(r,w,rd,wd,d,x,s,so,an)</SecurityAccessControl>
    </AFAnalysisTemplate>
    <AFAnalysisTemplate>
      <Name>5 Days Change</Name>
      <Description>Change for last 5 Days</Description>
      <OutputTime />
      <GroupID>0</GroupID>
      <CaseTemplate />
      <Target>PE: Wells Limits</Target>
      <CreateEnabled>true</CreateEnabled>
      <AFAnalysisCategoryRef>PE:Wells</AFAnalysisCategoryRef>
      <AFAnalysisRule>
        <AFPlugIn>PerformanceEquation</AFPlugIn>
        <ConfigString>Change5Days := if BadVal('Current Value') then &#xD;
	DigState("Bad Input") &#xD;
else &#xD;
	TagAvg('Current Value', 't-1d','t-1d+1h') - TagAvg('Current Value', 't-5d', 't-5d+1h');</ConfigString>
        <VariableMapping>Change5Days||5 Days Change;</VariableMapping>
      </AFAnalysisRule>
      <AFTimeRule>
        <AFPlugIn>Periodic</AFPlugIn>
        <ConfigString>Frequency=3600;Offset=90</ConfigString>
      </AFTimeRule>
      <SecurityAccessControl>Administrators:A(r,w,rd,wd,d,x,a,s,so,an)|Asset Analytics:A(r,w,rd,wd,x,an)|RTQP Engine:A(r,rd)|Asset Analytics Recalculation:A(x)|Notifications:A(r,w,rd,wd,an)|PIAF_ReadBasic_EUACCPICOLLAF:A(r,rd,s,an)|PIAF_Read_AST_SUKEP:A(r,rd,s,an)|PIAF_ReadWrite_AST_SUKEP:A(r,w,rd,wd,d,x,s,so,an)</SecurityAccessControl>
    </AFAnalysisTemplate>
    <AFAnalysisTemplate>
      <Name>Status</Name>
      <Description>1=Red; 2=Amber; 3=Green; 4=Purple(Bad Data); 5=No Limits ; 6= Limit not configured in LS</Description>
      <OutputTime />
      <GroupID>0</GroupID>
      <CaseTemplate />
      <Target>PE: Wells Limits</Target>
      <CreateEnabled>true</CreateEnabled>
      <AFAnalysisCategoryRef>PE:Wells</AFAnalysisCategoryRef>
      <AFAnalysisRule>
        <AFPlugIn>PerformanceEquation</AFPlugIn>
        <ConfigString>CheckLimitAvail := //To check if Limits are available in limit store and limit tags&#xD;
if BadVal('Limit L') or BadVal('Limit H') then &#xD;
	6 &#xD;
else &#xD;
	0;&#xD;
Status := if CheckLimitAvail = 6 then &#xD;
	6 //No color in PI vision&#xD;
else if ('Limit H' = 0) or ('Limit L' = 0) then &#xD;
	5 //No Limits&#xD;
else if BadVal('Current Value') then &#xD;
	4 //Purple&#xD;
else if 'Current Value'&gt;= 'Limit L' and 'Current Value'&lt;= 'Limit H' then&#xD;
	3 //Green&#xD;
else if  (('Current Value'&gt; 'Limit H') or ('Current Value'&lt;'Limit L')) then&#xD;
	1 //Red&#xD;
else &#xD;
	1; //Red</ConfigString>
        <VariableMapping>Status||Status;</VariableMapping>
      </AFAnalysisRule>
      <AFTimeRule>
        <AFPlugIn>Natural</AFPlugIn>
        <ConfigString>"Current Value"</ConfigString>
      </AFTimeRule>
      <SecurityAccessControl>Administrators:A(r,w,rd,wd,d,x,a,s,so,an)|Asset Analytics:A(r,w,rd,wd,x,an)|RTQP Engine:A(r,rd)|Asset Analytics Recalculation:A(x)|Notifications:A(r,w,rd,wd,an)|PIAF_ReadBasic_EUACCPICOLLAF:A(r,rd,s,an)|PIAF_Read_AST_SUKEP:A(r,rd,s,an)|PIAF_ReadWrite_AST_SUKEP:A(r,w,rd,wd,d,x,s,so,an)</SecurityAccessControl>
    </AFAnalysisTemplate>
    <AFNotificationRuleTemplate>
      <Name>Penguin: Well Threshold breach</Name>
      <Description>For any parameter of penguin well breaching any threhold (High or low)</Description>
      <CreateEnabled>true</CreateEnabled>
      <MultiTriggerEventOption>HighestSeverity</MultiTriggerEventOption>
      <ResendInterval>0</ResendInterval>
      <NonrepetitionInterval>60</NonrepetitionInterval>
      <Criteria>AnalysisName:Event-Status</Criteria>
      <Target>PE: Wells Limits</Target>
      <ContentExample />
      <DefaultDeliveryFormat />
      <AFNotificationRuleCategoryRef>SUKEP:PE:Wells</AFNotificationRuleCategoryRef>
      <AFDeliveryFormat>
        <Name>Penguin: Notification</Name>
        <DeliveryChannel>Email</DeliveryChannel>
        <Property>
          <Name>Subject</Name>
          <Value>&lt;FlowDocument PagePadding="5,0,5,0" AllowDrop="True" xmlns="http://schemas.microsoft.com/winfx/2006/xaml/presentation" xmlns:osiann="clr-namespace:OSIsoft.AN.Notification;assembly=OSIsoft.AF.Notification.DeliveryChannel.Email" xmlns:x="http://schemas.microsoft.com/winfx/2006/xaml"&gt;&#xD;
  &lt;Paragraph&gt;Penguin: Notification on Threshold breach for Parameter &lt;osiann:ANInlineContent ContentID="02bb2a93-34ec-4cfc-9624-c1fe5caf4287" ContentProperty="3000" PersistedContentName="Parameter" AdditionalData="" /&gt; for well &lt;osiann:ANInlineContent ContentID="02bb2a93-34ec-4cfc-9624-c1fe5caf4287" ContentProperty="3000" PersistedContentName="Well Name" AdditionalData="" /&gt;&lt;/Paragraph&gt;&#xD;
&lt;/FlowDocument&gt;</Value>
        </Property>
        <Property>
          <Name>Body</Name>
          <Value>&lt;FlowDocument PagePadding="5,0,5,0" AllowDrop="True" xmlns="http://schemas.microsoft.com/winfx/2006/xaml/presentation" xmlns:osiann="clr-namespace:OSIsoft.AN.Notification;assembly=OSIsoft.AF.Notification.DeliveryChannel.Email" xmlns:x="http://schemas.microsoft.com/winfx/2006/xaml" xmlns:osianuiwpf="clr-namespace:OSIsoft.AN.UI.WPF;assembly=OSIsoft.AF.Notification.DeliveryChannel.Email"&gt;&#xD;
  &lt;Paragraph&gt;Dear Business user,&lt;/Paragraph&gt;&#xD;
  &lt;Paragraph /&gt;&#xD;
  &lt;Paragraph xml:space="preserve"&gt;There is a threshold breach of Parameter &lt;osiann:ANInlineContent ContentID="02bb2a93-34ec-4cfc-9624-c1fe5caf4287" ContentProperty="3000" PersistedContentName="Parameter" AdditionalData="" /&gt; for well &lt;osiann:ANInlineContent ContentID="02bb2a93-34ec-4cfc-9624-c1fe5caf4287" ContentProperty="3000" PersistedContentName="Well Name" AdditionalData="" /&gt;. Please find the values below:- &lt;/Paragraph&gt;&#xD;
  &lt;Paragraph /&gt;&#xD;
  &lt;Paragraph&gt;&#xD;
    &lt;Run FontWeight="Bold" xml:space="preserve"&gt;Tag Name: &lt;/Run&gt;&#xD;
    &lt;osiann:ANInlineContent ContentID="02bb2a93-34ec-4cfc-9624-c1fe5caf4287" ContentProperty="3000" PersistedContentName="Tag Name" AdditionalData="" /&gt;&#xD;
  &lt;/Paragraph&gt;&#xD;
  &lt;Paragraph&gt;&#xD;
    &lt;Bold FontWeight="Bold" xml:space="preserve"&gt;Start Time: &lt;/Bold&gt;&#xD;
    &lt;osiann:ANInlineContent ContentID="9cfcde7e-9975-4aca-a6ba-47dc17119902" ContentProperty="2001" PersistedContentName="" AdditionalData="" /&gt;&#xD;
  &lt;/Paragraph&gt;&#xD;
  &lt;Paragraph&gt;&#xD;
    &lt;Run FontWeight="Bold" xml:space="preserve"&gt;Current Value: &lt;/Run&gt;&#xD;
    &lt;osiann:ANInlineContent ContentID="02bb2a93-34ec-4cfc-9624-c1fe5caf4287" ContentProperty="3000" PersistedContentName="Current Value" AdditionalData="" /&gt;&#xD;
  &lt;/Paragraph&gt;&#xD;
  &lt;Paragraph&gt;&#xD;
    &lt;Run FontWeight="Bold" xml:space="preserve"&gt;High Limit: &lt;/Run&gt;&#xD;
    &lt;osiann:ANInlineContent ContentID="02bb2a93-34ec-4cfc-9624-c1fe5caf4287" ContentProperty="3000" PersistedContentName="Limit H" AdditionalData="" /&gt;&#xD;
  &lt;/Paragraph&gt;&#xD;
  &lt;Paragraph&gt;&#xD;
    &lt;Run FontWeight="Bold" xml:space="preserve"&gt;Low Limit: &lt;/Run&gt;&#xD;
    &lt;osiann:ANInlineContent ContentID="02bb2a93-34ec-4cfc-9624-c1fe5caf4287" ContentProperty="3005" PersistedContentName="Limit L" AdditionalData="" /&gt;&#xD;
  &lt;/Paragraph&gt;&#xD;
  &lt;Paragraph&gt;&#xD;
    &lt;Run FontWeight="Bold" xml:space="preserve"&gt;Parameter: &lt;/Run&gt;&#xD;
    &lt;osiann:ANInlineContent ContentID="02bb2a93-34ec-4cfc-9624-c1fe5caf4287" ContentProperty="3000" PersistedContentName="Parameter" AdditionalData="" /&gt;&#xD;
    &lt;Run FontWeight="Bold" xml:space="preserve"&gt; &lt;/Run&gt;&#xD;
  &lt;/Paragraph&gt;&#xD;
  &lt;Paragraph&gt;&#xD;
    &lt;Run FontWeight="Bold" xml:space="preserve"&gt;Well: &lt;/Run&gt;&#xD;
    &lt;osiann:ANInlineContent ContentID="02bb2a93-34ec-4cfc-9624-c1fe5caf4287" ContentProperty="3000" PersistedContentName="Well Name" AdditionalData="" /&gt;&#xD;
  &lt;/Paragraph&gt;&#xD;
  &lt;Paragraph xml:space="preserve"&gt;Event Frame Current Value:- &lt;osiann:ANInlineContent ContentID="1e30fb46-1cb7-4fa6-8b11-5d017cf4e944" ContentProperty="3000" PersistedContentName="Current Value" AdditionalData="" /&gt;   &amp;amp;  &lt;osiann:ANInlineContent ContentID="1e30fb46-1cb7-4fa6-8b11-5d017cf4e944" ContentProperty="3005" PersistedContentName="Current Value" AdditionalData="" /&gt;&lt;/Paragraph&gt;&#xD;
  &lt;Paragraph xml:space="preserve"&gt;&#xD;
    &lt;osiann:ANInlineContent ContentID="02bb2a93-34ec-4cfc-9624-c1fe5caf4287" ContentProperty="0" PersistedContentName="Current Value" AdditionalData="" /&gt;  ---  &lt;osiann:ANInlineContent ContentID="02bb2a93-34ec-4cfc-9624-c1fe5caf4287" ContentProperty="2" PersistedContentName="Current Value" AdditionalData="" /&gt;   ---   &lt;osiann:ANInlineContent ContentID="02bb2a93-34ec-4cfc-9624-c1fe5caf4287" ContentProperty="3000" PersistedContentName="Current Value" AdditionalData="" /&gt;    -----&lt;osiann:ANInlineContent ContentID="02bb2a93-34ec-4cfc-9624-c1fe5caf4287" ContentProperty="3005" PersistedContentName="Current Value" AdditionalData="" /&gt; ----- &lt;osiann:ANInlineContent ContentID="02bb2a93-34ec-4cfc-9624-c1fe5caf4287" ContentProperty="3001" PersistedContentName="Current Value" AdditionalData="" /&gt;   ----- &lt;osiann:ANInlineContent ContentID="02bb2a93-34ec-4cfc-9624-c1fe5caf4287" ContentProperty="3003" PersistedContentName="Current Value" AdditionalData="" /&gt;  ----&lt;osiann:ANInlineContent ContentID="02bb2a93-34ec-4cfc-9624-c1fe5caf4287" ContentProperty="3007" PersistedContentName="Current Value" AdditionalData="" /&gt; -----  &lt;osiann:ANInlineContent ContentID="02bb2a93-34ec-4cfc-9624-c1fe5caf4287" ContentProperty="3004" PersistedContentName="Current Value" AdditionalData="" /&gt;----&lt;osiann:ANInlineContent ContentID="02bb2a93-34ec-4cfc-9624-c1fe5caf4287" ContentProperty="3008" PersistedContentName="Current Value" AdditionalData="" /&gt;  -----    &lt;osiann:ANInlineContent ContentID="02bb2a93-34ec-4cfc-9624-c1fe5caf4287" ContentProperty="1" PersistedContentName="Current Value" AdditionalData="" /&gt;&lt;/Paragraph&gt;&#xD;
  &lt;Paragraph xml:space="preserve"&gt; &lt;/Paragraph&gt;&#xD;
  &lt;Paragraph&gt;For more detailed trends and values, please open PI Vision screen:- &lt;osiann:ANLinkInlineContent ParametersListConfigString="eyJQYXJhbWV0ZXJzIjpbXX0=" LinkType="PI Coresight" LinkContentType="Hyperlink" LinkText="" LinkAddress="https://pivisionup.shell.com/PIVision/#/Displays/75253/Penguin--Wells" FilePath="" CoresightDisplayText="/Displays/75253/Penguin--Wells"&gt;&lt;osiann:ANLinkInlineContent.ParametersList&gt;&lt;osianuiwpf:LinkParameters&gt;&lt;osianuiwpf:LinkParameters.Parameters&gt;&lt;osianuiwpf:LinkParamDataList Capacity="0" /&gt;&lt;/osianuiwpf:LinkParameters.Parameters&gt;&lt;/osianuiwpf:LinkParameters&gt;&lt;/osiann:ANLinkInlineContent.ParametersList&gt;&lt;/osiann:ANLinkInlineContent&gt;&lt;/Paragraph&gt;&#xD;
  &lt;Paragraph /&gt;&#xD;
  &lt;Paragraph&gt;Kind Regards,&lt;/Paragraph&gt;&#xD;
  &lt;Paragraph&gt;Global AST team&lt;/Paragraph&gt;&#xD;
&lt;/FlowDocument&gt;</Value>
        </Property>
        <Property>
          <Name>Importance</Name>
          <Value>Normal</Value>
        </Property>
        <Property>
          <Name>BodyImages</Name>
          <Value />
        </Property>
        <Property>
          <Name>Attachments</Name>
          <Value />
        </Property>
      </AFDeliveryFormat>
      <SecurityAccessControl>Administrators:A(r,w,rd,wd,d,x,a,s,so,an)|Asset Analytics:A(r,w,rd,wd,x,an)|RTQP Engine:A(r,rd)|Asset Analytics Recalculation:A(x)|Notifications:A(r,w,rd,wd,an)|PIAF_ReadBasic_EUACCPICOLLAF:A(r,rd,s,an)|PIAF_Read_AST_SUKEP:A(r,rd,s,an)|PIAF_ReadWrite_AST_SUKEP:A(r,w,rd,wd,d,x,s,so,an)</SecurityAccessControl>
    </AFNotificationRuleTemplate>
    <SecurityAccessControl>Administrators:A(r,w,rd,wd,d,x,a,s,so,an)|Asset Analytics:A(r,w,rd,wd,x,an)|RTQP Engine:A(r,rd)|Asset Analytics Recalculation:A(x)|Notifications:A(r,w,rd,wd,an)|PIAF_ReadBasic_EUACCPICOLLAF:A(r,rd,s,an)|PIAF_Read_AST_SUKEP:A(r,rd,s,an)|PIAF_ReadWrite_AST_SUKEP:A(r,w,rd,wd,d,x,s,so,an)</SecurityAccessControl>
  </AFElementTemplate>
</AF>