﻿<?xml version="1.0" encoding="utf-8"?>
<AF xmlns:xsi="http://www.w3.org/2001/XMLSchema-instance" xsi:noNamespaceSchemaLocation="OSIsoft.AF.xsd" SchemaVersion="2.0" SoftwareVersion="2.10.9.593" ExportMode="AllReferences, NoUniqueID, DefaultValues, Security, SimplifiedConfigStrings" PISystem="ACCPICOLL_AF" Database="Functional Calculations AST SUKEP" Description="ONLY for AST Project, Contact: Ishan Khare, Animesh Parikshya Or Rishabh Sharma || End Date: Dec 2022" Created="2022-11-21T05:33:28.5515518Z" id="82300963-edb4-4a15-a3ee-e0b2eaff7d44" ParentKey="cd75538e-e5d2-445c-aee0-494ed8233e64" ExportedObject="PE:Subsea Controls Threat Analog" ExportedType="AFElementTemplate" Identity="ElementTemplate" PIPersist="238 {9895150E-085D-4fcb-A16D-5EF5D2527196} 2\{16f50517-ae34-45bb-943a-c4a466a280a1}\ElementTemplates[{82300963-edb4-4a15-a3ee-e0b2eaff7d44}]*ACCPICOLL_AF\Functional Calculations AST SUKEP\ElementTemplates[PE:Subsea Controls Threat Analog]">
  <AFSecurityIdentity>
    <Name>Administrators</Name>
    <Description>Administrator security access</Description>
    <IsEnabled>true</IsEnabled>
  </AFSecurityIdentity>
  <AFSecurityIdentity>
    <Name>Asset Analytics</Name>
    <Description>PI Analysis Service security access</Description>
    <IsEnabled>true</IsEnabled>
  </AFSecurityIdentity>
  <AFSecurityIdentity>
    <Name>RTQP Engine</Name>
    <Description>RTQP Engine security access</Description>
    <IsEnabled>true</IsEnabled>
  </AFSecurityIdentity>
  <AFSecurityIdentity>
    <Name>Asset Analytics Recalculation</Name>
    <Description>PI Analysis Service recalculation/backfilling security access</Description>
    <IsEnabled>true</IsEnabled>
  </AFSecurityIdentity>
  <AFSecurityIdentity>
    <Name>Notifications</Name>
    <Description>PI Notifications Service security access</Description>
    <IsEnabled>true</IsEnabled>
  </AFSecurityIdentity>
  <AFSecurityIdentity>
    <Name>PIAF_ReadBasic_EUACCPICOLLAF</Name>
    <Description>This identity will provide global read access to EUACCPICOLLAF</Description>
    <IsEnabled>true</IsEnabled>
  </AFSecurityIdentity>
  <AFSecurityIdentity>
    <Name>PIAF_Read_AST_SUKEP</Name>
    <Description>This identity will provide read</Description>
    <IsEnabled>true</IsEnabled>
  </AFSecurityIdentity>
  <AFSecurityIdentity>
    <Name>PIAF_ReadWrite_AST_SUKEP</Name>
    <Description>This identity will provide read and write access</Description>
    <IsEnabled>true</IsEnabled>
  </AFSecurityIdentity>
  <AFElementCategory>
    <Name>Local Calculation</Name>
    <Description />
    <SecurityAccessControl>Administrators:A(r,w,rd,wd,d,x,a,s,so,an)|Asset Analytics:A(r,w,rd,wd,x,an)|RTQP Engine:A(r,rd)|Asset Analytics Recalculation:A(x)|Notifications:A(r,w,rd,wd,an)|PIAF_ReadBasic_EUACCPICOLLAF:A(r,rd,s,an)|PIAF_Read_AST_SUKEP:A(r,rd,s,an)|PIAF_ReadWrite_AST_SUKEP:A(r,w,rd,wd,d,x,s,so,an)</SecurityAccessControl>
  </AFElementCategory>
  <AFAnalysisCategory>
    <Name>PE:Subsea</Name>
    <Description />
    <SecurityAccessControl>Administrators:A(r,w,rd,wd,d,x,a,s,so,an)|Asset Analytics:A(r,w,rd,wd,x,an)|RTQP Engine:A(r,rd)|Asset Analytics Recalculation:A(x)|Notifications:A(r,w,rd,wd,an)|PIAF_ReadBasic_EUACCPICOLLAF:A(r,rd,s,an)|PIAF_Read_AST_SUKEP:A(r,rd,s,an)|PIAF_ReadWrite_AST_SUKEP:A(r,w,rd,wd,d,x,s,so,an)</SecurityAccessControl>
  </AFAnalysisCategory>
  <AFAnalysisCategory>
    <Name>SW:Subsea</Name>
    <Description />
    <SecurityAccessControl>Administrators:A(r,w,rd,wd,d,x,a,s,so,an)|Asset Analytics:A(r,w,rd,wd,x,an)|RTQP Engine:A(r,rd)|Asset Analytics Recalculation:A(x)|Notifications:A(r,w,rd,wd,an)|PIAF_ReadBasic_EUACCPICOLLAF:A(r,rd,s,an)|PIAF_Read_AST_SUKEP:A(r,rd,s,an)|PIAF_ReadWrite_AST_SUKEP:A(r,w,rd,wd,d,x,s,so,an)</SecurityAccessControl>
  </AFAnalysisCategory>
  <AFElementTemplate>
    <Name>Local Calculation Templates</Name>
    <Description>This is the base template from which all Local calculations should derive, if they do not derive from this template, they will be deleted by the sync.</Description>
    <BaseTemplateOnly>false</BaseTemplateOnly>
    <BaseTemplate />
    <Type>None</Type>
    <InstanceType>Element</InstanceType>
    <AllowElementToExtend>false</AllowElementToExtend>
    <DefaultAttribute />
    <NamingPattern />
    <DefaultInputPort />
    <DefaultOutputPort />
    <DefaultUndirectedPort />
    <AFElementCategoryRef>Local Calculation</AFElementCategoryRef>
    <AFAttributeTemplate>
      <Name>Calculation Owner</Name>
      <Description>See [https://eu001-sp.shell.com/sites/AAAAB2614/TDM/Lists/DVO%20Contact%20List/AllItems.aspx] this should be specified before calculation is promoted to production.</Description>
      <IsHidden>false</IsHidden>
      <IsManualDataEntry>false</IsManualDataEntry>
      <IsConfigurationItem>false</IsConfigurationItem>
      <IsExcluded>false</IsExcluded>
      <IsIndexed>false</IsIndexed>
      <Trait />
      <DefaultUOM />
      <DisplayDigits>-5</DisplayDigits>
      <Type>String</Type>
      <TypeQualifier />
      <Value type="String">Carl Gerrard</Value>
      <DataReference />
      <AFAttributeCategoryRef>Shell Required Parameters</AFAttributeCategoryRef>
    </AFAttributeTemplate>
    <AFAttributeTemplate>
      <Name>Data Value Owner</Name>
      <Description>Defines the calculation result owner</Description>
      <IsHidden>false</IsHidden>
      <IsManualDataEntry>false</IsManualDataEntry>
      <IsConfigurationItem>false</IsConfigurationItem>
      <IsExcluded>false</IsExcluded>
      <IsIndexed>false</IsIndexed>
      <Trait />
      <DefaultUOM />
      <DisplayDigits>-5</DisplayDigits>
      <Type>String</Type>
      <TypeQualifier />
      <Value type="String">Carl Gerrard</Value>
      <DataReference />
      <AFAttributeCategoryRef>General</AFAttributeCategoryRef>
    </AFAttributeTemplate>
    <AFAttributeTemplate>
      <Name>Parent GUID</Name>
      <Description>EDAM GUID of Parent of this calculation, used when sending events to Event Collector.</Description>
      <IsHidden>false</IsHidden>
      <IsManualDataEntry>false</IsManualDataEntry>
      <IsConfigurationItem>false</IsConfigurationItem>
      <IsExcluded>false</IsExcluded>
      <IsIndexed>false</IsIndexed>
      <Trait />
      <DefaultUOM />
      <DisplayDigits>-5</DisplayDigits>
      <Type>String</Type>
      <TypeQualifier />
      <Value type="String"></Value>
      <DataReference>String Builder</DataReference>
      <ConfigString>'..\|GlobalUniqueID';</ConfigString>
      <AFAttributeCategoryRef>Shell Required Parameters</AFAttributeCategoryRef>
    </AFAttributeTemplate>
    <AFAttributeTemplate>
      <Name>Parent Name</Name>
      <Description>Name of parent element to this caculation.</Description>
      <IsHidden>false</IsHidden>
      <IsManualDataEntry>false</IsManualDataEntry>
      <IsConfigurationItem>false</IsConfigurationItem>
      <IsExcluded>false</IsExcluded>
      <IsIndexed>false</IsIndexed>
      <Trait />
      <DefaultUOM />
      <DisplayDigits>-5</DisplayDigits>
      <Type>String</Type>
      <TypeQualifier />
      <Value type="String"></Value>
      <DataReference>String Builder</DataReference>
      <ConfigString>"%..\Element%";</ConfigString>
      <AFAttributeCategoryRef>Shell Required Parameters</AFAttributeCategoryRef>
    </AFAttributeTemplate>
    <AFAttributeTemplate>
      <Name>Template Status</Name>
      <Description>Defines the status of the template</Description>
      <IsHidden>false</IsHidden>
      <IsManualDataEntry>false</IsManualDataEntry>
      <IsConfigurationItem>false</IsConfigurationItem>
      <IsExcluded>false</IsExcluded>
      <IsIndexed>false</IsIndexed>
      <Trait />
      <DefaultUOM />
      <DisplayDigits>-5</DisplayDigits>
      <Type>String</Type>
      <TypeQualifier />
      <Value type="String">In Acceptance</Value>
      <DataReference />
      <AFAttributeCategoryRef>General</AFAttributeCategoryRef>
    </AFAttributeTemplate>
    <SecurityAccessControl>Administrators:A(r,w,rd,wd,d,x,a,s,so,an)|Asset Analytics:A(r,w,rd,wd,x,an)|RTQP Engine:A(r,rd)|Asset Analytics Recalculation:A(x)|Notifications:A(r,w,rd,wd,an)|PIAF_ReadBasic_EUACCPICOLLAF:A(r,rd,s,an)|PIAF_Read_AST_SUKEP:A(r,rd,s,an)|PIAF_ReadWrite_AST_SUKEP:A(r,w,rd,wd,d,x,s,so,an)</SecurityAccessControl>
  </AFElementTemplate>
  <AFElementTemplate>
    <Name>SUKEP</Name>
    <Description>Parant Tempate of SUKEP's Template</Description>
    <BaseTemplateOnly>false</BaseTemplateOnly>
    <BaseTemplate>Local Calculation Templates</BaseTemplate>
    <Type>None</Type>
    <InstanceType>Element</InstanceType>
    <AllowElementToExtend>false</AllowElementToExtend>
    <DefaultAttribute />
    <NamingPattern />
    <DefaultInputPort />
    <DefaultOutputPort />
    <DefaultUndirectedPort />
    <SecurityAccessControl>Administrators:A(r,w,rd,wd,d,x,a,s,so,an)|Asset Analytics:A(r,w,rd,wd,x,an)|RTQP Engine:A(r,rd)|Asset Analytics Recalculation:A(x)|Notifications:A(r,w,rd,wd,an)|PIAF_ReadBasic_EUACCPICOLLAF:A(r,rd,s,an)|PIAF_Read_AST_SUKEP:A(r,rd,s,an)|PIAF_ReadWrite_AST_SUKEP:A(r,w,rd,wd,d,x,s,so,an)</SecurityAccessControl>
  </AFElementTemplate>
  <AFElementTemplate>
    <Name>AST</Name>
    <Description />
    <BaseTemplateOnly>false</BaseTemplateOnly>
    <BaseTemplate>SUKEP</BaseTemplate>
    <Type>None</Type>
    <InstanceType>Element</InstanceType>
    <AllowElementToExtend>false</AllowElementToExtend>
    <DefaultAttribute />
    <NamingPattern />
    <DefaultInputPort />
    <DefaultOutputPort />
    <DefaultUndirectedPort />
    <SecurityAccessControl>Administrators:A(r,w,rd,wd,d,x,a,s,so,an)|Asset Analytics:A(r,w,rd,wd,x,an)|RTQP Engine:A(r,rd)|Asset Analytics Recalculation:A(x)|Notifications:A(r,w,rd,wd,an)|PIAF_ReadBasic_EUACCPICOLLAF:A(r,rd,s,an)|PIAF_Read_AST_SUKEP:A(r,rd,s,an)|PIAF_ReadWrite_AST_SUKEP:A(r,w,rd,wd,d,x,s,so,an)</SecurityAccessControl>
  </AFElementTemplate>
  <AFElementTemplate>
    <Name>Penguin</Name>
    <Description />
    <BaseTemplateOnly>false</BaseTemplateOnly>
    <BaseTemplate>AST</BaseTemplate>
    <Type>None</Type>
    <InstanceType>Element</InstanceType>
    <AllowElementToExtend>false</AllowElementToExtend>
    <DefaultAttribute />
    <NamingPattern />
    <DefaultInputPort />
    <DefaultOutputPort />
    <DefaultUndirectedPort />
    <SecurityAccessControl>Administrators:A(r,w,rd,wd,d,x,a,s,so,an)|Asset Analytics:A(r,w,rd,wd,x,an)|RTQP Engine:A(r,rd)|Asset Analytics Recalculation:A(x)|Notifications:A(r,w,rd,wd,an)|PIAF_ReadBasic_EUACCPICOLLAF:A(r,rd,s,an)|PIAF_Read_AST_SUKEP:A(r,rd,s,an)|PIAF_ReadWrite_AST_SUKEP:A(r,w,rd,wd,d,x,s,so,an)</SecurityAccessControl>
  </AFElementTemplate>
  <AFElementTemplate>
    <Name>PE: Subsea Controls</Name>
    <Description />
    <BaseTemplateOnly>false</BaseTemplateOnly>
    <BaseTemplate>Penguin</BaseTemplate>
    <Type>None</Type>
    <InstanceType>Element</InstanceType>
    <AllowElementToExtend>false</AllowElementToExtend>
    <DefaultAttribute />
    <NamingPattern />
    <DefaultInputPort />
    <DefaultOutputPort />
    <DefaultUndirectedPort />
    <SecurityAccessControl>Administrators:A(r,w,rd,wd,d,x,a,s,so,an)|Asset Analytics:A(r,w,rd,wd,x,an)|RTQP Engine:A(r,rd)|Asset Analytics Recalculation:A(x)|Notifications:A(r,w,rd,wd,an)|PIAF_ReadBasic_EUACCPICOLLAF:A(r,rd,s,an)|PIAF_Read_AST_SUKEP:A(r,rd,s,an)|PIAF_ReadWrite_AST_SUKEP:A(r,w,rd,wd,d,x,s,so,an)</SecurityAccessControl>
  </AFElementTemplate>
  <AFElementTemplate>
    <Name>PE:Subsea Controls Threat Analog</Name>
    <Description>Template for Penguin Subsea Conrrol Analog tags/parameters</Description>
    <BaseTemplateOnly>false</BaseTemplateOnly>
    <BaseTemplate>PE: Subsea Controls</BaseTemplate>
    <Type>None</Type>
    <InstanceType>Element</InstanceType>
    <AllowElementToExtend>false</AllowElementToExtend>
    <DefaultAttribute />
    <NamingPattern />
    <DefaultInputPort />
    <DefaultOutputPort />
    <DefaultUndirectedPort />
    <AFElementCategoryRef>Local Calculation</AFElementCategoryRef>
    <AFAttributeTemplate>
      <Name>24 Hr Status Max</Name>
      <Description>1=Red; 2=Amber; 3=Green; 4=Purple(Bad Data); 5=No Limits ; 6= Limit not configured in LS</Description>
      <IsHidden>false</IsHidden>
      <IsManualDataEntry>false</IsManualDataEntry>
      <IsConfigurationItem>false</IsConfigurationItem>
      <IsExcluded>false</IsExcluded>
      <IsIndexed>false</IsIndexed>
      <Trait />
      <DefaultUOM />
      <DisplayDigits>-5</DisplayDigits>
      <Type>Double</Type>
      <TypeQualifier />
      <Value type="Double">0</Value>
      <DataReference>PI Point</DataReference>
      <ConfigString>\\%Server%\%Element%.%Attribute%</ConfigString>
      <AFAttributeCategoryRef>Calculations</AFAttributeCategoryRef>
    </AFAttributeTemplate>
    <AFAttributeTemplate>
      <Name>24 Hr Status Min</Name>
      <Description>1=Red; 2=Amber; 3=Green; 4=Purple(Bad Data); 5=No Limits ; 6= Limit not configured in LS</Description>
      <IsHidden>false</IsHidden>
      <IsManualDataEntry>false</IsManualDataEntry>
      <IsConfigurationItem>false</IsConfigurationItem>
      <IsExcluded>false</IsExcluded>
      <IsIndexed>false</IsIndexed>
      <Trait />
      <DefaultUOM />
      <DisplayDigits>-5</DisplayDigits>
      <Type>Double</Type>
      <TypeQualifier />
      <Value type="Double">0</Value>
      <DataReference>PI Point</DataReference>
      <ConfigString>\\%Server%\%Element%.%Attribute%</ConfigString>
      <AFAttributeCategoryRef>Calculations</AFAttributeCategoryRef>
    </AFAttributeTemplate>
    <AFAttributeTemplate>
      <Name>24 Hr Status Value Max</Name>
      <Description>Maximum Value in past 24 Hours</Description>
      <IsHidden>false</IsHidden>
      <IsManualDataEntry>false</IsManualDataEntry>
      <IsConfigurationItem>false</IsConfigurationItem>
      <IsExcluded>false</IsExcluded>
      <IsIndexed>false</IsIndexed>
      <Trait />
      <DefaultUOM />
      <DisplayDigits>-5</DisplayDigits>
      <Type>Double</Type>
      <TypeQualifier />
      <Value type="Double">0</Value>
      <DataReference>PI Point</DataReference>
      <ConfigString>\\%Server%\%Element%.%Attribute%</ConfigString>
      <AFAttributeCategoryRef>Calculations</AFAttributeCategoryRef>
    </AFAttributeTemplate>
    <AFAttributeTemplate>
      <Name>24 Hr Status Value Min</Name>
      <Description>Minimum Value in past 24 Hours</Description>
      <IsHidden>false</IsHidden>
      <IsManualDataEntry>false</IsManualDataEntry>
      <IsConfigurationItem>false</IsConfigurationItem>
      <IsExcluded>false</IsExcluded>
      <IsIndexed>false</IsIndexed>
      <Trait />
      <DefaultUOM />
      <DisplayDigits>-5</DisplayDigits>
      <Type>Double</Type>
      <TypeQualifier />
      <Value type="Double">0</Value>
      <DataReference>PI Point</DataReference>
      <ConfigString>\\%Server%\%Element%.%Attribute%</ConfigString>
      <AFAttributeCategoryRef>Calculations</AFAttributeCategoryRef>
    </AFAttributeTemplate>
    <AFAttributeTemplate>
      <Name>3 Day Status Max</Name>
      <Description>1=Red; 2=Amber; 3=Green; 4=Purple(Bad Data); 5=No Limits ; 6= Limit not configured in LS</Description>
      <IsHidden>false</IsHidden>
      <IsManualDataEntry>false</IsManualDataEntry>
      <IsConfigurationItem>false</IsConfigurationItem>
      <IsExcluded>false</IsExcluded>
      <IsIndexed>false</IsIndexed>
      <Trait />
      <DefaultUOM />
      <DisplayDigits>-5</DisplayDigits>
      <Type>Double</Type>
      <TypeQualifier />
      <Value type="Double">0</Value>
      <DataReference>PI Point</DataReference>
      <ConfigString>\\%Server%\%Element%.%Attribute%</ConfigString>
      <AFAttributeCategoryRef>Calculations</AFAttributeCategoryRef>
    </AFAttributeTemplate>
    <AFAttributeTemplate>
      <Name>3 Day Status Min</Name>
      <Description>1=Red; 2=Amber; 3=Green; 4=Purple(Bad Data); 5=No Limits ; 6= Limit not configured in LS</Description>
      <IsHidden>false</IsHidden>
      <IsManualDataEntry>false</IsManualDataEntry>
      <IsConfigurationItem>false</IsConfigurationItem>
      <IsExcluded>false</IsExcluded>
      <IsIndexed>false</IsIndexed>
      <Trait />
      <DefaultUOM />
      <DisplayDigits>-5</DisplayDigits>
      <Type>Double</Type>
      <TypeQualifier />
      <Value type="Double">0</Value>
      <DataReference>PI Point</DataReference>
      <ConfigString>\\%Server%\%Element%.%Attribute%</ConfigString>
      <AFAttributeCategoryRef>Calculations</AFAttributeCategoryRef>
    </AFAttributeTemplate>
    <AFAttributeTemplate>
      <Name>3 Day Status Value Max</Name>
      <Description>Maximum Value in past 3 Days</Description>
      <IsHidden>false</IsHidden>
      <IsManualDataEntry>false</IsManualDataEntry>
      <IsConfigurationItem>false</IsConfigurationItem>
      <IsExcluded>false</IsExcluded>
      <IsIndexed>false</IsIndexed>
      <Trait />
      <DefaultUOM />
      <DisplayDigits>-5</DisplayDigits>
      <Type>Double</Type>
      <TypeQualifier />
      <Value type="Double">0</Value>
      <DataReference>PI Point</DataReference>
      <ConfigString>\\%Server%\%Element%.%Attribute%</ConfigString>
      <AFAttributeCategoryRef>Calculations</AFAttributeCategoryRef>
    </AFAttributeTemplate>
    <AFAttributeTemplate>
      <Name>3 Day Status Value Min</Name>
      <Description>Minimum Value in past 3 Days</Description>
      <IsHidden>false</IsHidden>
      <IsManualDataEntry>false</IsManualDataEntry>
      <IsConfigurationItem>false</IsConfigurationItem>
      <IsExcluded>false</IsExcluded>
      <IsIndexed>false</IsIndexed>
      <Trait />
      <DefaultUOM />
      <DisplayDigits>-5</DisplayDigits>
      <Type>Double</Type>
      <TypeQualifier />
      <Value type="Double">0</Value>
      <DataReference>PI Point</DataReference>
      <ConfigString>\\%Server%\%Element%.%Attribute%</ConfigString>
      <AFAttributeCategoryRef>Calculations</AFAttributeCategoryRef>
    </AFAttributeTemplate>
    <AFAttributeTemplate>
      <Name>4 Weeks Status Max</Name>
      <Description>1=Red; 2=Amber; 3=Green; 4=Purple(Bad Data); 5=No Limits ; 6= Limit not configured in LS</Description>
      <IsHidden>false</IsHidden>
      <IsManualDataEntry>false</IsManualDataEntry>
      <IsConfigurationItem>false</IsConfigurationItem>
      <IsExcluded>false</IsExcluded>
      <IsIndexed>false</IsIndexed>
      <Trait />
      <DefaultUOM />
      <DisplayDigits>-5</DisplayDigits>
      <Type>Double</Type>
      <TypeQualifier />
      <Value type="Double">0</Value>
      <DataReference>PI Point</DataReference>
      <ConfigString>\\%Server%\%Element%.%Attribute%</ConfigString>
      <AFAttributeCategoryRef>Calculations</AFAttributeCategoryRef>
    </AFAttributeTemplate>
    <AFAttributeTemplate>
      <Name>4 Weeks Status Min</Name>
      <Description>1=Red; 2=Amber; 3=Green; 4=Purple(Bad Data); 5=No Limits ; 6= Limit not configured in LS</Description>
      <IsHidden>false</IsHidden>
      <IsManualDataEntry>false</IsManualDataEntry>
      <IsConfigurationItem>false</IsConfigurationItem>
      <IsExcluded>false</IsExcluded>
      <IsIndexed>false</IsIndexed>
      <Trait />
      <DefaultUOM />
      <DisplayDigits>-5</DisplayDigits>
      <Type>Double</Type>
      <TypeQualifier />
      <Value type="Double">0</Value>
      <DataReference>PI Point</DataReference>
      <ConfigString>\\%Server%\%Element%.%Attribute%</ConfigString>
      <AFAttributeCategoryRef>Calculations</AFAttributeCategoryRef>
    </AFAttributeTemplate>
    <AFAttributeTemplate>
      <Name>4 Weeks Status Value Max</Name>
      <Description>Maximum Value in past 4 Weeks</Description>
      <IsHidden>false</IsHidden>
      <IsManualDataEntry>false</IsManualDataEntry>
      <IsConfigurationItem>false</IsConfigurationItem>
      <IsExcluded>false</IsExcluded>
      <IsIndexed>false</IsIndexed>
      <Trait />
      <DefaultUOM />
      <DisplayDigits>-5</DisplayDigits>
      <Type>Double</Type>
      <TypeQualifier />
      <Value type="Double">0</Value>
      <DataReference>PI Point</DataReference>
      <ConfigString>\\%Server%\%Element%.%Attribute%</ConfigString>
      <AFAttributeCategoryRef>Calculations</AFAttributeCategoryRef>
    </AFAttributeTemplate>
    <AFAttributeTemplate>
      <Name>4 Weeks Status Value Min</Name>
      <Description>Minimum Value in past 4 Weeks</Description>
      <IsHidden>false</IsHidden>
      <IsManualDataEntry>false</IsManualDataEntry>
      <IsConfigurationItem>false</IsConfigurationItem>
      <IsExcluded>false</IsExcluded>
      <IsIndexed>false</IsIndexed>
      <Trait />
      <DefaultUOM />
      <DisplayDigits>-5</DisplayDigits>
      <Type>Double</Type>
      <TypeQualifier />
      <Value type="Double">0</Value>
      <DataReference>PI Point</DataReference>
      <ConfigString>\\%Server%\%Element%.%Attribute%</ConfigString>
      <AFAttributeCategoryRef>Calculations</AFAttributeCategoryRef>
    </AFAttributeTemplate>
    <AFAttributeTemplate>
      <Name>7 Day Status Max</Name>
      <Description>1=Red; 2=Amber; 3=Green; 4=Purple(Bad Data); 5=No Limits ; 6= Limit not configured in LS</Description>
      <IsHidden>false</IsHidden>
      <IsManualDataEntry>false</IsManualDataEntry>
      <IsConfigurationItem>false</IsConfigurationItem>
      <IsExcluded>false</IsExcluded>
      <IsIndexed>false</IsIndexed>
      <Trait />
      <DefaultUOM />
      <DisplayDigits>-5</DisplayDigits>
      <Type>Double</Type>
      <TypeQualifier />
      <Value type="Double">0</Value>
      <DataReference>PI Point</DataReference>
      <ConfigString>\\%Server%\%Element%.%Attribute%</ConfigString>
      <AFAttributeCategoryRef>Calculations</AFAttributeCategoryRef>
    </AFAttributeTemplate>
    <AFAttributeTemplate>
      <Name>7 Day Status Min</Name>
      <Description>1=Red; 2=Amber; 3=Green; 4=Purple(Bad Data); 5=No Limits ; 6= Limit not configured in LS</Description>
      <IsHidden>false</IsHidden>
      <IsManualDataEntry>false</IsManualDataEntry>
      <IsConfigurationItem>false</IsConfigurationItem>
      <IsExcluded>false</IsExcluded>
      <IsIndexed>false</IsIndexed>
      <Trait />
      <DefaultUOM />
      <DisplayDigits>-5</DisplayDigits>
      <Type>Double</Type>
      <TypeQualifier />
      <Value type="Double">0</Value>
      <DataReference>PI Point</DataReference>
      <ConfigString>\\%Server%\%Element%.%Attribute%</ConfigString>
      <AFAttributeCategoryRef>Calculations</AFAttributeCategoryRef>
    </AFAttributeTemplate>
    <AFAttributeTemplate>
      <Name>7 Day Status Value Max</Name>
      <Description>Maximum Value in past 7 Days</Description>
      <IsHidden>false</IsHidden>
      <IsManualDataEntry>false</IsManualDataEntry>
      <IsConfigurationItem>false</IsConfigurationItem>
      <IsExcluded>false</IsExcluded>
      <IsIndexed>false</IsIndexed>
      <Trait />
      <DefaultUOM />
      <DisplayDigits>-5</DisplayDigits>
      <Type>Double</Type>
      <TypeQualifier />
      <Value type="Double">0</Value>
      <DataReference>PI Point</DataReference>
      <ConfigString>\\%Server%\%Element%.%Attribute%</ConfigString>
      <AFAttributeCategoryRef>Calculations</AFAttributeCategoryRef>
    </AFAttributeTemplate>
    <AFAttributeTemplate>
      <Name>7 Day Status Value Min</Name>
      <Description>Minimum Value in past 7 Days</Description>
      <IsHidden>false</IsHidden>
      <IsManualDataEntry>false</IsManualDataEntry>
      <IsConfigurationItem>false</IsConfigurationItem>
      <IsExcluded>false</IsExcluded>
      <IsIndexed>false</IsIndexed>
      <Trait />
      <DefaultUOM />
      <DisplayDigits>-5</DisplayDigits>
      <Type>Double</Type>
      <TypeQualifier />
      <Value type="Double">0</Value>
      <DataReference>PI Point</DataReference>
      <ConfigString>\\%Server%\%Element%.%Attribute%</ConfigString>
      <AFAttributeCategoryRef>Calculations</AFAttributeCategoryRef>
    </AFAttributeTemplate>
    <AFAttributeTemplate>
      <Name>assetGlobalUniqueID</Name>
      <Description>Global Unique ID (GUID) for the asset</Description>
      <IsHidden>false</IsHidden>
      <IsManualDataEntry>false</IsManualDataEntry>
      <IsConfigurationItem>false</IsConfigurationItem>
      <IsExcluded>false</IsExcluded>
      <IsIndexed>false</IsIndexed>
      <Trait />
      <DefaultUOM />
      <DisplayDigits>-5</DisplayDigits>
      <Type>String</Type>
      <TypeQualifier />
      <Value type="String"></Value>
      <DataReference>String Builder</DataReference>
      <ConfigString>'..\|GlobalUniqueID'</ConfigString>
      <AFAttributeCategoryRef>Properties</AFAttributeCategoryRef>
    </AFAttributeTemplate>
    <AFAttributeTemplate>
      <Name>Calculation Owner</Name>
      <Description>See [https://eu001-sp.shell.com/sites/AAAAB2614/TDM/Lists/DVO%20Contact%20List/AllItems.aspx] this should be specified before calculation is promoted to production.</Description>
      <IsHidden>false</IsHidden>
      <IsManualDataEntry>false</IsManualDataEntry>
      <IsConfigurationItem>false</IsConfigurationItem>
      <IsExcluded>false</IsExcluded>
      <IsIndexed>false</IsIndexed>
      <Trait />
      <DefaultUOM />
      <DisplayDigits>-5</DisplayDigits>
      <Type>String</Type>
      <TypeQualifier />
      <Value type="String">Unknown</Value>
      <DataReference />
      <AFAttributeCategoryRef>Shell Required Parameters</AFAttributeCategoryRef>
    </AFAttributeTemplate>
    <AFAttributeTemplate>
      <Name>Current value</Name>
      <Description>Snapshot value of PI Tag</Description>
      <IsHidden>false</IsHidden>
      <IsManualDataEntry>false</IsManualDataEntry>
      <IsConfigurationItem>false</IsConfigurationItem>
      <IsExcluded>false</IsExcluded>
      <IsIndexed>false</IsIndexed>
      <Trait />
      <DefaultUOM />
      <DisplayDigits>-5</DisplayDigits>
      <Type>Double</Type>
      <TypeQualifier />
      <Value type="Double">0</Value>
      <DataReference>PI Point</DataReference>
      <ConfigString>..\|TimeSeriesValue</ConfigString>
      <AFAttributeCategoryRef>Input Tags</AFAttributeCategoryRef>
    </AFAttributeTemplate>
    <AFAttributeTemplate>
      <Name>Data Value Owner</Name>
      <Description>Defines the calculation result owner</Description>
      <IsHidden>false</IsHidden>
      <IsManualDataEntry>false</IsManualDataEntry>
      <IsConfigurationItem>false</IsConfigurationItem>
      <IsExcluded>false</IsExcluded>
      <IsIndexed>false</IsIndexed>
      <Trait />
      <DefaultUOM />
      <DisplayDigits>-5</DisplayDigits>
      <Type>String</Type>
      <TypeQualifier />
      <Value type="String">0</Value>
      <DataReference />
      <AFAttributeCategoryRef>General</AFAttributeCategoryRef>
    </AFAttributeTemplate>
    <AFAttributeTemplate>
      <Name>Description</Name>
      <Description>Property name and descripton of the parameter</Description>
      <IsHidden>false</IsHidden>
      <IsManualDataEntry>false</IsManualDataEntry>
      <IsConfigurationItem>false</IsConfigurationItem>
      <IsExcluded>false</IsExcluded>
      <IsIndexed>false</IsIndexed>
      <Trait />
      <DefaultUOM />
      <DisplayDigits>-5</DisplayDigits>
      <Type>String</Type>
      <TypeQualifier />
      <Value type="String"></Value>
      <DataReference />
      <AFAttributeCategoryRef>Properties</AFAttributeCategoryRef>
    </AFAttributeTemplate>
    <AFAttributeTemplate>
      <Name>Equipment</Name>
      <Description>Equipment Name</Description>
      <IsHidden>false</IsHidden>
      <IsManualDataEntry>false</IsManualDataEntry>
      <IsConfigurationItem>false</IsConfigurationItem>
      <IsExcluded>false</IsExcluded>
      <IsIndexed>false</IsIndexed>
      <Trait />
      <DefaultUOM />
      <DisplayDigits>-5</DisplayDigits>
      <Type>String</Type>
      <TypeQualifier />
      <Value type="String"></Value>
      <DataReference />
      <AFAttributeCategoryRef>Properties</AFAttributeCategoryRef>
    </AFAttributeTemplate>
    <AFAttributeTemplate>
      <Name>IOW Status Max</Name>
      <Description>1=Red; 2=Amber; 3=Green; 4=Purple(Bad Data); 5=No Limits ; 6= Limit not configured in LS</Description>
      <IsHidden>false</IsHidden>
      <IsManualDataEntry>false</IsManualDataEntry>
      <IsConfigurationItem>false</IsConfigurationItem>
      <IsExcluded>false</IsExcluded>
      <IsIndexed>false</IsIndexed>
      <Trait />
      <DefaultUOM />
      <DisplayDigits>-5</DisplayDigits>
      <Type>Double</Type>
      <TypeQualifier />
      <Value type="Double">0</Value>
      <DataReference>PI Point</DataReference>
      <ConfigString>\\%Server%\%Element%.%Attribute%</ConfigString>
      <AFAttributeCategoryRef>Calculations</AFAttributeCategoryRef>
    </AFAttributeTemplate>
    <AFAttributeTemplate>
      <Name>IOW Status Min</Name>
      <Description>1=Red; 2=Amber; 3=Green; 4=Purple(Bad Data); 5=No Limits ; 6= Limit not configured in LS</Description>
      <IsHidden>false</IsHidden>
      <IsManualDataEntry>false</IsManualDataEntry>
      <IsConfigurationItem>false</IsConfigurationItem>
      <IsExcluded>false</IsExcluded>
      <IsIndexed>false</IsIndexed>
      <Trait />
      <DefaultUOM />
      <DisplayDigits>-5</DisplayDigits>
      <Type>Double</Type>
      <TypeQualifier />
      <Value type="Double">0</Value>
      <DataReference>PI Point</DataReference>
      <ConfigString>\\%Server%\%Element%.%Attribute%</ConfigString>
      <AFAttributeCategoryRef>Calculations</AFAttributeCategoryRef>
    </AFAttributeTemplate>
    <AFAttributeTemplate>
      <Name>Limit H</Name>
      <Description>High Limit</Description>
      <IsHidden>false</IsHidden>
      <IsManualDataEntry>false</IsManualDataEntry>
      <IsConfigurationItem>false</IsConfigurationItem>
      <IsExcluded>false</IsExcluded>
      <IsIndexed>false</IsIndexed>
      <Trait />
      <DefaultUOM />
      <DisplayDigits>-5</DisplayDigits>
      <Type>Single</Type>
      <TypeQualifier />
      <Value type="Single">0</Value>
      <DataReference>PI Point</DataReference>
      <ConfigString>\\%Server%\%Element%.%Attribute%</ConfigString>
      <AFAttributeCategoryRef>Limits</AFAttributeCategoryRef>
    </AFAttributeTemplate>
    <AFAttributeTemplate>
      <Name>Limit HH</Name>
      <Description>High High Limit</Description>
      <IsHidden>false</IsHidden>
      <IsManualDataEntry>false</IsManualDataEntry>
      <IsConfigurationItem>false</IsConfigurationItem>
      <IsExcluded>false</IsExcluded>
      <IsIndexed>false</IsIndexed>
      <Trait />
      <DefaultUOM />
      <DisplayDigits>-5</DisplayDigits>
      <Type>Single</Type>
      <TypeQualifier />
      <Value type="Single">0</Value>
      <DataReference>PI Point</DataReference>
      <ConfigString>\\%Server%\%Element%.%Attribute%</ConfigString>
      <AFAttributeCategoryRef>Limits</AFAttributeCategoryRef>
    </AFAttributeTemplate>
    <AFAttributeTemplate>
      <Name>Limit L</Name>
      <Description>Low Limit</Description>
      <IsHidden>false</IsHidden>
      <IsManualDataEntry>false</IsManualDataEntry>
      <IsConfigurationItem>false</IsConfigurationItem>
      <IsExcluded>false</IsExcluded>
      <IsIndexed>false</IsIndexed>
      <Trait />
      <DefaultUOM />
      <DisplayDigits>-5</DisplayDigits>
      <Type>Single</Type>
      <TypeQualifier />
      <Value type="Single">0</Value>
      <DataReference>PI Point</DataReference>
      <ConfigString>\\%Server%\%Element%.%Attribute%</ConfigString>
      <AFAttributeCategoryRef>Limits</AFAttributeCategoryRef>
    </AFAttributeTemplate>
    <AFAttributeTemplate>
      <Name>Limit LL</Name>
      <Description>Low Low Limit</Description>
      <IsHidden>false</IsHidden>
      <IsManualDataEntry>false</IsManualDataEntry>
      <IsConfigurationItem>false</IsConfigurationItem>
      <IsExcluded>false</IsExcluded>
      <IsIndexed>false</IsIndexed>
      <Trait />
      <DefaultUOM />
      <DisplayDigits>-5</DisplayDigits>
      <Type>Single</Type>
      <TypeQualifier />
      <Value type="Single">0</Value>
      <DataReference>PI Point</DataReference>
      <ConfigString>\\%Server%\%Element%.%Attribute%</ConfigString>
      <AFAttributeCategoryRef>Limits</AFAttributeCategoryRef>
    </AFAttributeTemplate>
    <AFAttributeTemplate>
      <Name>Parent GUID</Name>
      <Description>EDAM GUID of Parent of this calculation, used when sending events to Event Collector.</Description>
      <IsHidden>false</IsHidden>
      <IsManualDataEntry>false</IsManualDataEntry>
      <IsConfigurationItem>false</IsConfigurationItem>
      <IsExcluded>false</IsExcluded>
      <IsIndexed>false</IsIndexed>
      <Trait />
      <DefaultUOM />
      <DisplayDigits>-5</DisplayDigits>
      <Type>String</Type>
      <TypeQualifier />
      <Value type="String">0</Value>
      <DataReference>String Builder</DataReference>
      <ConfigString>'..\|GlobalUniqueID';</ConfigString>
      <AFAttributeCategoryRef>Shell Required Parameters</AFAttributeCategoryRef>
    </AFAttributeTemplate>
    <AFAttributeTemplate>
      <Name>Parent Name</Name>
      <Description>Name of parent element to this caculation.</Description>
      <IsHidden>false</IsHidden>
      <IsManualDataEntry>false</IsManualDataEntry>
      <IsConfigurationItem>false</IsConfigurationItem>
      <IsExcluded>false</IsExcluded>
      <IsIndexed>false</IsIndexed>
      <Trait />
      <DefaultUOM />
      <DisplayDigits>-5</DisplayDigits>
      <Type>String</Type>
      <TypeQualifier />
      <Value type="String">0</Value>
      <DataReference>String Builder</DataReference>
      <ConfigString>"%..\Element%";</ConfigString>
      <AFAttributeCategoryRef>Shell Required Parameters</AFAttributeCategoryRef>
    </AFAttributeTemplate>
    <AFAttributeTemplate>
      <Name>Status</Name>
      <Description>Defines the status of the template</Description>
      <IsHidden>false</IsHidden>
      <IsManualDataEntry>false</IsManualDataEntry>
      <IsConfigurationItem>false</IsConfigurationItem>
      <IsExcluded>false</IsExcluded>
      <IsIndexed>false</IsIndexed>
      <Trait />
      <DefaultUOM />
      <DisplayDigits>-5</DisplayDigits>
      <Type>String</Type>
      <TypeQualifier />
      <Value type="String">In Development</Value>
      <DataReference />
      <AFAttributeCategoryRef>General</AFAttributeCategoryRef>
    </AFAttributeTemplate>
    <AFAttributeTemplate>
      <Name>Tag Name</Name>
      <Description>Tag name in text</Description>
      <IsHidden>false</IsHidden>
      <IsManualDataEntry>false</IsManualDataEntry>
      <IsConfigurationItem>false</IsConfigurationItem>
      <IsExcluded>false</IsExcluded>
      <IsIndexed>false</IsIndexed>
      <Trait />
      <DefaultUOM />
      <DisplayDigits>-5</DisplayDigits>
      <Type>String</Type>
      <TypeQualifier />
      <Value type="String"></Value>
      <DataReference />
      <AFAttributeCategoryRef>Properties</AFAttributeCategoryRef>
    </AFAttributeTemplate>
    <AFAttributeTemplate>
      <Name>Unit</Name>
      <Description>Unit of Mesurement (UOM)</Description>
      <IsHidden>false</IsHidden>
      <IsManualDataEntry>false</IsManualDataEntry>
      <IsConfigurationItem>false</IsConfigurationItem>
      <IsExcluded>false</IsExcluded>
      <IsIndexed>false</IsIndexed>
      <Trait />
      <DefaultUOM />
      <DisplayDigits>-5</DisplayDigits>
      <Type>String</Type>
      <TypeQualifier />
      <Value type="String"></Value>
      <DataReference />
      <AFAttributeCategoryRef>Properties</AFAttributeCategoryRef>
    </AFAttributeTemplate>
    <AFAnalysisTemplate>
      <Name>Calculation - 24 Hours Max</Name>
      <Description>Calculation of Maximum value for past 24 hours</Description>
      <OutputTime />
      <GroupID>0</GroupID>
      <CaseTemplate />
      <Target>PE:Subsea Controls Threat Analog</Target>
      <CreateEnabled>true</CreateEnabled>
      <AFAnalysisCategoryRef>PE:Subsea</AFAnalysisCategoryRef>
      <AFAnalysisRule>
        <AFPlugIn>PerformanceEquation</AFPlugIn>
        <ConfigString>Avg24HrsMax := if BadVal('Current value') then &#xD;
	DigState("Bad Input") &#xD;
else &#xD;
	TagMax('Current value','*-24h','*');</ConfigString>
        <VariableMapping>Avg24HrsMax||24 Hr Status Value Max;</VariableMapping>
      </AFAnalysisRule>
      <AFTimeRule>
        <AFPlugIn>Periodic</AFPlugIn>
        <ConfigString>Frequency=300;Offset=5</ConfigString>
      </AFTimeRule>
      <SecurityAccessControl>Administrators:A(r,w,rd,wd,d,x,a,s,so,an)|Asset Analytics:A(r,w,rd,wd,x,an)|RTQP Engine:A(r,rd)|Asset Analytics Recalculation:A(x)|Notifications:A(r,w,rd,wd,an)|PIAF_ReadBasic_EUACCPICOLLAF:A(r,rd,s,an)|PIAF_Read_AST_SUKEP:A(r,rd,s,an)|PIAF_ReadWrite_AST_SUKEP:A(r,w,rd,wd,d,x,s,so,an)</SecurityAccessControl>
    </AFAnalysisTemplate>
    <AFAnalysisTemplate>
      <Name>Calculation - 24 Hours Min</Name>
      <Description>Calculation of minimum value for past 24 hours</Description>
      <OutputTime />
      <GroupID>0</GroupID>
      <CaseTemplate />
      <Target>PE:Subsea Controls Threat Analog</Target>
      <CreateEnabled>true</CreateEnabled>
      <AFAnalysisCategoryRef>PE:Subsea</AFAnalysisCategoryRef>
      <AFAnalysisRule>
        <AFPlugIn>PerformanceEquation</AFPlugIn>
        <ConfigString>Avg24HrsMin := if BadVal('Current value') then &#xD;
	DigState("Bad Input") &#xD;
else &#xD;
	TagMin('Current value','*-24h','*');</ConfigString>
        <VariableMapping>Avg24HrsMin||24 Hr Status Value Min;</VariableMapping>
      </AFAnalysisRule>
      <AFTimeRule>
        <AFPlugIn>Periodic</AFPlugIn>
        <ConfigString>Frequency=300;Offset=5</ConfigString>
      </AFTimeRule>
      <SecurityAccessControl>Administrators:A(r,w,rd,wd,d,x,a,s,so,an)|Asset Analytics:A(r,w,rd,wd,x,an)|RTQP Engine:A(r,rd)|Asset Analytics Recalculation:A(x)|Notifications:A(r,w,rd,wd,an)|PIAF_ReadBasic_EUACCPICOLLAF:A(r,rd,s,an)|PIAF_Read_AST_SUKEP:A(r,rd,s,an)|PIAF_ReadWrite_AST_SUKEP:A(r,w,rd,wd,d,x,s,so,an)</SecurityAccessControl>
    </AFAnalysisTemplate>
    <AFAnalysisTemplate>
      <Name>Calculation - 3 Days Max</Name>
      <Description>Calculation of Maximum value for past 3 Days</Description>
      <OutputTime />
      <GroupID>0</GroupID>
      <CaseTemplate />
      <Target>PE:Subsea Controls Threat Analog</Target>
      <CreateEnabled>true</CreateEnabled>
      <AFAnalysisCategoryRef>PE:Subsea</AFAnalysisCategoryRef>
      <AFAnalysisRule>
        <AFPlugIn>PerformanceEquation</AFPlugIn>
        <ConfigString>Avg3DaysMax := if BadVal('Current value') then &#xD;
	DigState("Bad Input") &#xD;
else &#xD;
	TagMax('Current value','*-3D','*');</ConfigString>
        <VariableMapping>Avg3DaysMax||3 Day Status Value Max;</VariableMapping>
      </AFAnalysisRule>
      <AFTimeRule>
        <AFPlugIn>Periodic</AFPlugIn>
        <ConfigString>Frequency=2700;Offset=1815</ConfigString>
      </AFTimeRule>
      <SecurityAccessControl>Administrators:A(r,w,rd,wd,d,x,a,s,so,an)|Asset Analytics:A(r,w,rd,wd,x,an)|RTQP Engine:A(r,rd)|Asset Analytics Recalculation:A(x)|Notifications:A(r,w,rd,wd,an)|PIAF_ReadBasic_EUACCPICOLLAF:A(r,rd,s,an)|PIAF_Read_AST_SUKEP:A(r,rd,s,an)|PIAF_ReadWrite_AST_SUKEP:A(r,w,rd,wd,d,x,s,so,an)</SecurityAccessControl>
    </AFAnalysisTemplate>
    <AFAnalysisTemplate>
      <Name>Calculation - 3 Days Min</Name>
      <Description>Calculation of Minimum value for past 3 Days</Description>
      <OutputTime />
      <GroupID>0</GroupID>
      <CaseTemplate />
      <Target>PE:Subsea Controls Threat Analog</Target>
      <CreateEnabled>true</CreateEnabled>
      <AFAnalysisCategoryRef>PE:Subsea</AFAnalysisCategoryRef>
      <AFAnalysisRule>
        <AFPlugIn>PerformanceEquation</AFPlugIn>
        <ConfigString>Avg3DaysMin := if BadVal('Current value') then &#xD;
	DigState("Bad Input") &#xD;
else &#xD;
	TagMin('Current value','*-3d','*');</ConfigString>
        <VariableMapping>Avg3DaysMin||3 Day Status Value Min;</VariableMapping>
      </AFAnalysisRule>
      <AFTimeRule>
        <AFPlugIn>Periodic</AFPlugIn>
        <ConfigString>Frequency=2700;Offset=1815</ConfigString>
      </AFTimeRule>
      <SecurityAccessControl>Administrators:A(r,w,rd,wd,d,x,a,s,so,an)|Asset Analytics:A(r,w,rd,wd,x,an)|RTQP Engine:A(r,rd)|Asset Analytics Recalculation:A(x)|Notifications:A(r,w,rd,wd,an)|PIAF_ReadBasic_EUACCPICOLLAF:A(r,rd,s,an)|PIAF_Read_AST_SUKEP:A(r,rd,s,an)|PIAF_ReadWrite_AST_SUKEP:A(r,w,rd,wd,d,x,s,so,an)</SecurityAccessControl>
    </AFAnalysisTemplate>
    <AFAnalysisTemplate>
      <Name>Calculation - 4 Week Max</Name>
      <Description>Calculation of Maximum value for past 4 Weeks</Description>
      <OutputTime />
      <GroupID>0</GroupID>
      <CaseTemplate />
      <Target>PE:Subsea Controls Threat Analog</Target>
      <CreateEnabled>true</CreateEnabled>
      <AFAnalysisCategoryRef>PE:Subsea</AFAnalysisCategoryRef>
      <AFAnalysisRule>
        <AFPlugIn>PerformanceEquation</AFPlugIn>
        <ConfigString>Avg4WeeksMax := if BadVal('Current value') then &#xD;
	DigState("Bad Input") &#xD;
else &#xD;
	TagMax('Current value','*-4w','*');</ConfigString>
        <VariableMapping>Avg4WeeksMax||4 Weeks Status Value Max;</VariableMapping>
      </AFAnalysisRule>
      <AFTimeRule>
        <AFPlugIn>Periodic</AFPlugIn>
        <ConfigString>Frequency=21600;Offset=7245</ConfigString>
      </AFTimeRule>
      <SecurityAccessControl>Administrators:A(r,w,rd,wd,d,x,a,s,so,an)|Asset Analytics:A(r,w,rd,wd,x,an)|RTQP Engine:A(r,rd)|Asset Analytics Recalculation:A(x)|Notifications:A(r,w,rd,wd,an)|PIAF_ReadBasic_EUACCPICOLLAF:A(r,rd,s,an)|PIAF_Read_AST_SUKEP:A(r,rd,s,an)|PIAF_ReadWrite_AST_SUKEP:A(r,w,rd,wd,d,x,s,so,an)</SecurityAccessControl>
    </AFAnalysisTemplate>
    <AFAnalysisTemplate>
      <Name>Calculation - 4 Weeks Min</Name>
      <Description>Calculation of Minimum value for past 4 Weeks</Description>
      <OutputTime />
      <GroupID>0</GroupID>
      <CaseTemplate />
      <Target>PE:Subsea Controls Threat Analog</Target>
      <CreateEnabled>true</CreateEnabled>
      <AFAnalysisCategoryRef>PE:Subsea</AFAnalysisCategoryRef>
      <AFAnalysisRule>
        <AFPlugIn>PerformanceEquation</AFPlugIn>
        <ConfigString>Avg4WeeksMin := if BadVal('Current value') then &#xD;
	DigState("Bad Input") &#xD;
else &#xD;
	TagMin('Current value','*-4w','*');</ConfigString>
        <VariableMapping>Avg4WeeksMin||4 Weeks Status Value Min;</VariableMapping>
      </AFAnalysisRule>
      <AFTimeRule>
        <AFPlugIn>Periodic</AFPlugIn>
        <ConfigString>Frequency=21600;Offset=7245</ConfigString>
      </AFTimeRule>
      <SecurityAccessControl>Administrators:A(r,w,rd,wd,d,x,a,s,so,an)|Asset Analytics:A(r,w,rd,wd,x,an)|RTQP Engine:A(r,rd)|Asset Analytics Recalculation:A(x)|Notifications:A(r,w,rd,wd,an)|PIAF_ReadBasic_EUACCPICOLLAF:A(r,rd,s,an)|PIAF_Read_AST_SUKEP:A(r,rd,s,an)|PIAF_ReadWrite_AST_SUKEP:A(r,w,rd,wd,d,x,s,so,an)</SecurityAccessControl>
    </AFAnalysisTemplate>
    <AFAnalysisTemplate>
      <Name>Calculation - 7 Day Max</Name>
      <Description>Calculation of Maximum value for past 7 Days</Description>
      <OutputTime />
      <GroupID>0</GroupID>
      <CaseTemplate />
      <Target>PE:Subsea Controls Threat Analog</Target>
      <CreateEnabled>true</CreateEnabled>
      <AFAnalysisCategoryRef>PE:Subsea</AFAnalysisCategoryRef>
      <AFAnalysisRule>
        <AFPlugIn>PerformanceEquation</AFPlugIn>
        <ConfigString>Avg7DaysMax := if BadVal('Current value') then &#xD;
	DigState("Bad Input") &#xD;
else &#xD;
	TagMax('Current value','*-7d','*');</ConfigString>
        <VariableMapping>Avg7DaysMax||7 Day Status Value Max;</VariableMapping>
      </AFAnalysisRule>
      <AFTimeRule>
        <AFPlugIn>Periodic</AFPlugIn>
        <ConfigString>Frequency=3600;Offset=30</ConfigString>
      </AFTimeRule>
      <SecurityAccessControl>Administrators:A(r,w,rd,wd,d,x,a,s,so,an)|Asset Analytics:A(r,w,rd,wd,x,an)|RTQP Engine:A(r,rd)|Asset Analytics Recalculation:A(x)|Notifications:A(r,w,rd,wd,an)|PIAF_ReadBasic_EUACCPICOLLAF:A(r,rd,s,an)|PIAF_Read_AST_SUKEP:A(r,rd,s,an)|PIAF_ReadWrite_AST_SUKEP:A(r,w,rd,wd,d,x,s,so,an)</SecurityAccessControl>
    </AFAnalysisTemplate>
    <AFAnalysisTemplate>
      <Name>Calculation - 7 days Min</Name>
      <Description>Calculation of Minimum value for past 7 Days</Description>
      <OutputTime />
      <GroupID>0</GroupID>
      <CaseTemplate />
      <Target>PE:Subsea Controls Threat Analog</Target>
      <CreateEnabled>true</CreateEnabled>
      <AFAnalysisCategoryRef>PE:Subsea</AFAnalysisCategoryRef>
      <AFAnalysisRule>
        <AFPlugIn>PerformanceEquation</AFPlugIn>
        <ConfigString>Avg7DaysMin := if BadVal('Current value') then &#xD;
	DigState("Bad Input") &#xD;
else &#xD;
	TagMin('Current value','*-7d','*');</ConfigString>
        <VariableMapping>Avg7DaysMin||7 Day Status Value Min;</VariableMapping>
      </AFAnalysisRule>
      <AFTimeRule>
        <AFPlugIn>Periodic</AFPlugIn>
        <ConfigString>Frequency=3600;Offset=30</ConfigString>
      </AFTimeRule>
      <SecurityAccessControl>Administrators:A(r,w,rd,wd,d,x,a,s,so,an)|Asset Analytics:A(r,w,rd,wd,x,an)|RTQP Engine:A(r,rd)|Asset Analytics Recalculation:A(x)|Notifications:A(r,w,rd,wd,an)|PIAF_ReadBasic_EUACCPICOLLAF:A(r,rd,s,an)|PIAF_Read_AST_SUKEP:A(r,rd,s,an)|PIAF_ReadWrite_AST_SUKEP:A(r,w,rd,wd,d,x,s,so,an)</SecurityAccessControl>
    </AFAnalysisTemplate>
    <AFAnalysisTemplate>
      <Name>Status - 24 Hours Max</Name>
      <Description>1=Red; 2=Amber; 3=Green; 4=Purple(Bad Data); 5=No Limits ; 6= Limit not configured in LS</Description>
      <OutputTime />
      <GroupID>0</GroupID>
      <CaseTemplate />
      <Target>PE:Subsea Controls Threat Analog</Target>
      <CreateEnabled>true</CreateEnabled>
      <AFAnalysisCategoryRef>PE:Subsea</AFAnalysisCategoryRef>
      <AFAnalysisRule>
        <AFPlugIn>PerformanceEquation</AFPlugIn>
        <ConfigString>HighHighLimitStatus := if BadVal('Limit HH') Or 'Limit HH'="No Data" or 'Limit HH' = -9999999 then &#xD;
	True &#xD;
else &#xD;
	false;&#xD;
HighLimitStatus := if BadVal('Limit H') Or 'Limit H'="No Data" or 'Limit H' = -9999999 then &#xD;
	True &#xD;
else &#xD;
	false;&#xD;
AllLimits := If HighLimitStatus =false and HighHighLimitStatus =false then &#xD;
	1 &#xD;
else &#xD;
	0;&#xD;
NoLimitHH := If (HighLimitStatus =False and HighHighLimitStatus =True)  then &#xD;
	1 &#xD;
else &#xD;
	0;&#xD;
NoLimitH := If (HighLimitStatus =True and HighHighLimitStatus =false)  then &#xD;
	1 &#xD;
else &#xD;
	0;&#xD;
TwentyfourHrMaxSts := if Badval('24 Hr Status Value Max') then &#xD;
	4 //purple&#xD;
else If AllLimits =1 then // both H and HH&#xD;
(&#xD;
if '24 Hr Status Value Max' &lt;'Limit H' then &#xD;
	3 //green&#xD;
else if '24 Hr Status Value Max' &lt;'Limit HH' then &#xD;
	2 //amber&#xD;
else &#xD;
	1//red&#xD;
)&#xD;
else if NoLimitH = 1 then &#xD;
(&#xD;
if ('24 Hr Status Value Max'&lt;'Limit HH') then &#xD;
	3//green &#xD;
else &#xD;
	1//red&#xD;
)&#xD;
else if NoLimitHH = 1 then&#xD;
(&#xD;
if ('24 Hr Status Value Max'&lt;'Limit H') then&#xD;
	3//green &#xD;
else &#xD;
	1//red&#xD;
)&#xD;
else &#xD;
	5;// no limits</ConfigString>
        <VariableMapping>TwentyfourHrMaxSts||24 Hr Status Max;</VariableMapping>
      </AFAnalysisRule>
      <AFTimeRule>
        <AFPlugIn>Periodic</AFPlugIn>
        <ConfigString>Frequency=300;Offset=10</ConfigString>
      </AFTimeRule>
      <SecurityAccessControl>Administrators:A(r,w,rd,wd,d,x,a,s,so,an)|Asset Analytics:A(r,w,rd,wd,x,an)|RTQP Engine:A(r,rd)|Asset Analytics Recalculation:A(x)|Notifications:A(r,w,rd,wd,an)|PIAF_ReadBasic_EUACCPICOLLAF:A(r,rd,s,an)|PIAF_Read_AST_SUKEP:A(r,rd,s,an)|PIAF_ReadWrite_AST_SUKEP:A(r,w,rd,wd,d,x,s,so,an)</SecurityAccessControl>
    </AFAnalysisTemplate>
    <AFAnalysisTemplate>
      <Name>Status - 24 Hours Min</Name>
      <Description>1=Red; 2=Amber; 3=Green; 4=Purple(Bad Data); 5=No Limits ; 6= Limit not configured in LS</Description>
      <OutputTime />
      <GroupID>0</GroupID>
      <CaseTemplate />
      <Target>PE:Subsea Controls Threat Analog</Target>
      <CreateEnabled>true</CreateEnabled>
      <AFAnalysisCategoryRef>PE:Subsea</AFAnalysisCategoryRef>
      <AFAnalysisRule>
        <AFPlugIn>PerformanceEquation</AFPlugIn>
        <ConfigString>LowLowLimitStatus := if BadVal('Limit LL') Or 'Limit LL'="No Data" or 'Limit LL' = -9999999 then &#xD;
	true &#xD;
else &#xD;
	false;&#xD;
LowLimitStatus := if BadVal('Limit L') Or 'Limit L'="No Data" or 'Limit L' = -9999999 then &#xD;
	True &#xD;
else &#xD;
	false;&#xD;
AllLimits := If LowLowLimitStatus=false and LowLimitStatus = false then &#xD;
	1 &#xD;
else &#xD;
	0;&#xD;
NoLimitL := If (LowLowLimitStatus=false and LowLimitStatus = True) then &#xD;
	1 &#xD;
else &#xD;
	0;&#xD;
NoLimitLL := If (LowLowLimitStatus=True and LowLimitStatus = False) then &#xD;
	1 &#xD;
else &#xD;
	0;&#xD;
TwentyFourHrStsMin := if Badval('24 Hr Status Value Min') then &#xD;
	4 //purple&#xD;
else If AllLimits =1 then // both L and LL&#xD;
(&#xD;
if '24 Hr Status Value Min' &gt;'Limit L' then &#xD;
	3 //green&#xD;
else if '24 Hr Status Value Min' &gt;'Limit LL' then &#xD;
	2 //amber&#xD;
else &#xD;
	1//red&#xD;
)&#xD;
else if NoLimitL = 1 then &#xD;
(&#xD;
if ('24 Hr Status Value Min'&gt;'Limit LL') then &#xD;
	3//green &#xD;
else &#xD;
	1//red&#xD;
)&#xD;
else if NoLimitLL = 1 then&#xD;
(&#xD;
if ('24 Hr Status Value Min'&gt;'Limit L') then&#xD;
	3//green &#xD;
else &#xD;
	1//red&#xD;
)&#xD;
else &#xD;
	5;// no limits</ConfigString>
        <VariableMapping>TwentyFourHourMin||24 Hr Status Min;24HrStsMin||24 Hr Status Min;TwentyFourHrStsMin||24 Hr Status Min;</VariableMapping>
      </AFAnalysisRule>
      <AFTimeRule>
        <AFPlugIn>Periodic</AFPlugIn>
        <ConfigString>Frequency=300;Offset=10</ConfigString>
      </AFTimeRule>
      <SecurityAccessControl>Administrators:A(r,w,rd,wd,d,x,a,s,so,an)|Asset Analytics:A(r,w,rd,wd,x,an)|RTQP Engine:A(r,rd)|Asset Analytics Recalculation:A(x)|Notifications:A(r,w,rd,wd,an)|PIAF_ReadBasic_EUACCPICOLLAF:A(r,rd,s,an)|PIAF_Read_AST_SUKEP:A(r,rd,s,an)|PIAF_ReadWrite_AST_SUKEP:A(r,w,rd,wd,d,x,s,so,an)</SecurityAccessControl>
    </AFAnalysisTemplate>
    <AFAnalysisTemplate>
      <Name>Status - 3 Days Max</Name>
      <Description>1=Red; 2=Amber; 3=Green; 4=Purple(Bad Data); 5=No Limits ; 6= Limit not configured in LS</Description>
      <OutputTime />
      <GroupID>0</GroupID>
      <CaseTemplate />
      <Target>PE:Subsea Controls Threat Analog</Target>
      <CreateEnabled>true</CreateEnabled>
      <AFAnalysisCategoryRef>PE:Subsea</AFAnalysisCategoryRef>
      <AFAnalysisRule>
        <AFPlugIn>PerformanceEquation</AFPlugIn>
        <ConfigString>HighHighLimitStatus := if BadVal('Limit HH') Or 'Limit HH'="No Data" or 'Limit HH' = -9999999 then &#xD;
	true &#xD;
else &#xD;
	false;&#xD;
HighLimitStatus := if BadVal('Limit H') Or 'Limit H'="No Data" or 'Limit H' = -9999999 then &#xD;
	True &#xD;
else &#xD;
	false;&#xD;
AllLimits := If HighLimitStatus=false and HighHighLimitStatus=false then &#xD;
	1 &#xD;
else &#xD;
	0;&#xD;
NoLimitH := If (HighLimitStatus=True and HighHighLimitStatus=false) then &#xD;
	1 &#xD;
else &#xD;
	0;&#xD;
NoLimitHH := If (HighLimitStatus =False and HighHighLimitStatus =True)  then &#xD;
	1 &#xD;
else &#xD;
	0;&#xD;
ThreeDayStsMax := if Badval('3 Day Status Value Max') then &#xD;
	4 //purple&#xD;
else If AllLimits =1 then // both H and HH&#xD;
(&#xD;
if '3 Day Status Value Max' &lt;'Limit H' then &#xD;
	3 //green&#xD;
else if '3 Day Status Value Max' &lt;'Limit HH' then &#xD;
	2 //amber&#xD;
else &#xD;
	1//red&#xD;
)&#xD;
else if NoLimitH = 1 then &#xD;
(&#xD;
if ('3 Day Status Value Max'&lt;'Limit HH') then &#xD;
	3//green &#xD;
else &#xD;
	1//red&#xD;
)&#xD;
else if NoLimitHH = 1 then&#xD;
(&#xD;
if ('3 Day Status Value Max'&lt;'Limit H') then&#xD;
	3//green &#xD;
else &#xD;
	1//red&#xD;
)&#xD;
else &#xD;
	5;// no limits</ConfigString>
        <VariableMapping>ThreeDayStsMax||3 Day Status Max;</VariableMapping>
      </AFAnalysisRule>
      <AFTimeRule>
        <AFPlugIn>Periodic</AFPlugIn>
        <ConfigString>Frequency=2700;Offset=1825</ConfigString>
      </AFTimeRule>
      <SecurityAccessControl>Administrators:A(r,w,rd,wd,d,x,a,s,so,an)|Asset Analytics:A(r,w,rd,wd,x,an)|RTQP Engine:A(r,rd)|Asset Analytics Recalculation:A(x)|Notifications:A(r,w,rd,wd,an)|PIAF_ReadBasic_EUACCPICOLLAF:A(r,rd,s,an)|PIAF_Read_AST_SUKEP:A(r,rd,s,an)|PIAF_ReadWrite_AST_SUKEP:A(r,w,rd,wd,d,x,s,so,an)</SecurityAccessControl>
    </AFAnalysisTemplate>
    <AFAnalysisTemplate>
      <Name>Status - 3 Days Min</Name>
      <Description>1=Red; 2=Amber; 3=Green; 4=Purple(Bad Data); 5=No Limits ; 6= Limit not configured in LS</Description>
      <OutputTime />
      <GroupID>0</GroupID>
      <CaseTemplate />
      <Target>PE:Subsea Controls Threat Analog</Target>
      <CreateEnabled>true</CreateEnabled>
      <AFAnalysisCategoryRef>SW:Subsea</AFAnalysisCategoryRef>
      <AFAnalysisRule>
        <AFPlugIn>PerformanceEquation</AFPlugIn>
        <ConfigString>LowLowLimitStatus := if BadVal('Limit LL') Or 'Limit LL'="No Data" or 'Limit LL' = -9999999 then &#xD;
	true &#xD;
else &#xD;
	false;&#xD;
LowLimitStatus := if BadVal('Limit L') Or 'Limit L'="No Data" or 'Limit L' = -9999999 then &#xD;
	true &#xD;
else &#xD;
	false;&#xD;
AllLimits := If LowLowLimitStatus=false and LowLimitStatus = false then &#xD;
	1 &#xD;
else &#xD;
	0;&#xD;
NoLimitL := If (LowLowLimitStatus=false and LowLimitStatus = True) then &#xD;
	1 &#xD;
else &#xD;
	0;&#xD;
NoLimitLL := If (LowLowLimitStatus=True and LowLimitStatus = False) then &#xD;
	1 &#xD;
else &#xD;
	0;&#xD;
ThreeDaysMin := if Badval('3 Day Status Value Min') then &#xD;
	4 //purple&#xD;
else If AllLimits =1 then // both L and LL&#xD;
(&#xD;
if '3 Day Status Value Min' &gt;'Limit L' then &#xD;
	3 //green&#xD;
else if '3 Day Status Value Min' &gt;'Limit LL' then &#xD;
	2 //amber&#xD;
else &#xD;
	1//red&#xD;
)&#xD;
else if NoLimitL = 1 then &#xD;
(&#xD;
if ('3 Day Status Value Min'&gt;'Limit LL') then &#xD;
	3//green &#xD;
else &#xD;
	1//red&#xD;
)&#xD;
else if NoLimitLL = 1 then&#xD;
(&#xD;
if ('3 Day Status Value Min'&gt;'Limit L') then&#xD;
	3//green &#xD;
else &#xD;
	1//red&#xD;
)&#xD;
else &#xD;
	5;// no limits</ConfigString>
        <VariableMapping>ThreeDaysMin||3 Day Status Min;</VariableMapping>
      </AFAnalysisRule>
      <AFTimeRule>
        <AFPlugIn>Periodic</AFPlugIn>
        <ConfigString>Frequency=2700;Offset=1825</ConfigString>
      </AFTimeRule>
      <SecurityAccessControl>Administrators:A(r,w,rd,wd,d,x,a,s,so,an)|Asset Analytics:A(r,w,rd,wd,x,an)|RTQP Engine:A(r,rd)|Asset Analytics Recalculation:A(x)|Notifications:A(r,w,rd,wd,an)|PIAF_ReadBasic_EUACCPICOLLAF:A(r,rd,s,an)|PIAF_Read_AST_SUKEP:A(r,rd,s,an)|PIAF_ReadWrite_AST_SUKEP:A(r,w,rd,wd,d,x,s,so,an)</SecurityAccessControl>
    </AFAnalysisTemplate>
    <AFAnalysisTemplate>
      <Name>Status - 4 Weeks Max</Name>
      <Description>1=Red; 2=Amber; 3=Green; 4=Purple(Bad Data); 5=No Limits ; 6= Limit not configured in LS</Description>
      <OutputTime />
      <GroupID>0</GroupID>
      <CaseTemplate />
      <Target>PE:Subsea Controls Threat Analog</Target>
      <CreateEnabled>true</CreateEnabled>
      <AFAnalysisCategoryRef>PE:Subsea</AFAnalysisCategoryRef>
      <AFAnalysisRule>
        <AFPlugIn>PerformanceEquation</AFPlugIn>
        <ConfigString>HighHighLimitStatus := if BadVal('Limit HH') Or 'Limit HH'="No Data" or 'Limit HH' = -9999999 then &#xD;
	true &#xD;
else &#xD;
	false;&#xD;
HighLimitStatus := if BadVal('Limit H') Or 'Limit H'="No Data" or 'Limit H' = -9999999 then &#xD;
	true &#xD;
else &#xD;
	false;&#xD;
AllLimits := If HighLimitStatus=false and HighHighLimitStatus=false then &#xD;
	1 &#xD;
else &#xD;
	0;&#xD;
NoLimitHH := If (HighLimitStatus =False and HighHighLimitStatus =True)  then &#xD;
	1 &#xD;
else &#xD;
	0;&#xD;
NoLimitH := If (HighLimitStatus =True and HighHighLimitStatus =false)  then &#xD;
	1 &#xD;
else &#xD;
	0;&#xD;
FourWeeksStsMax := if Badval('4 Weeks Status Value Max') then &#xD;
	4 //purple&#xD;
else If AllLimits =1 then // both h and hh&#xD;
(&#xD;
if '4 Weeks Status Value Max' &lt;'Limit H' then &#xD;
	3 //green&#xD;
else if '4 Weeks Status Value Max' &lt;'Limit HH' then &#xD;
	2 //amber&#xD;
else &#xD;
	1//red&#xD;
)&#xD;
else if NoLimitH = 1 then &#xD;
(&#xD;
if ('4 Weeks Status Value Max'&lt;'Limit HH') then &#xD;
	3//green &#xD;
else &#xD;
	1//red&#xD;
)&#xD;
else if NoLimitHH = 1 then&#xD;
(&#xD;
if ('4 Weeks Status Value Max'&lt;'Limit H') then&#xD;
	3//green &#xD;
else &#xD;
	1//red&#xD;
)&#xD;
else &#xD;
	5;// no limits</ConfigString>
        <VariableMapping>FourWeeksStsMax||4 Weeks Status Max;</VariableMapping>
      </AFAnalysisRule>
      <AFTimeRule>
        <AFPlugIn>Periodic</AFPlugIn>
        <ConfigString>Frequency=21600;Offset=7245</ConfigString>
      </AFTimeRule>
      <SecurityAccessControl>Administrators:A(r,w,rd,wd,d,x,a,s,so,an)|Asset Analytics:A(r,w,rd,wd,x,an)|RTQP Engine:A(r,rd)|Asset Analytics Recalculation:A(x)|Notifications:A(r,w,rd,wd,an)|PIAF_ReadBasic_EUACCPICOLLAF:A(r,rd,s,an)|PIAF_Read_AST_SUKEP:A(r,rd,s,an)|PIAF_ReadWrite_AST_SUKEP:A(r,w,rd,wd,d,x,s,so,an)</SecurityAccessControl>
    </AFAnalysisTemplate>
    <AFAnalysisTemplate>
      <Name>Status - 4 Weeks Min</Name>
      <Description>1=Red; 2=Amber; 3=Green; 4=Purple(Bad Data); 5=No Limits ; 6= Limit not configured in LS</Description>
      <OutputTime />
      <GroupID>0</GroupID>
      <CaseTemplate />
      <Target>PE:Subsea Controls Threat Analog</Target>
      <CreateEnabled>true</CreateEnabled>
      <AFAnalysisCategoryRef>PE:Subsea</AFAnalysisCategoryRef>
      <AFAnalysisRule>
        <AFPlugIn>PerformanceEquation</AFPlugIn>
        <ConfigString>LowLowLimitStatus := if BadVal('Limit LL') Or 'Limit LL'="No Data" or 'Limit LL' = -9999999 then &#xD;
	true &#xD;
else &#xD;
	false;&#xD;
LowLimitStatus := if BadVal('Limit L') Or 'Limit L'="No Data" or 'Limit L' = -9999999 then &#xD;
	true &#xD;
else &#xD;
	false;&#xD;
AllLimits := If LowLowLimitStatus=false and LowLimitStatus = false then &#xD;
	1 &#xD;
else &#xD;
	0;&#xD;
NoLimitL := If (LowLowLimitStatus=false and LowLimitStatus = True) then &#xD;
	1 &#xD;
else &#xD;
	0;&#xD;
NoLimitLL := If (LowLowLimitStatus=True and LowLimitStatus = False) then &#xD;
	1 &#xD;
else &#xD;
	0;&#xD;
FourWeeksStsMin := if Badval('4 Weeks Status Value Min') then &#xD;
	4 //purple&#xD;
else If AllLimits =1 then // both L and LL&#xD;
(&#xD;
if '4 Weeks Status Value Min' &gt;'Limit L' then &#xD;
	3 //green&#xD;
else if '4 Weeks Status Value Min' &gt;'Limit LL' then &#xD;
	2 //amber&#xD;
else &#xD;
	1//red&#xD;
)&#xD;
else if NoLimitL = 1 then &#xD;
(&#xD;
if ('4 Weeks Status Value Min'&gt;'Limit LL') then &#xD;
	3//green &#xD;
else &#xD;
	1//red&#xD;
)&#xD;
else if NoLimitLL = 1 then&#xD;
(&#xD;
if ('4 Weeks Status Value Min'&gt;'Limit L') then&#xD;
	3//green &#xD;
else &#xD;
	1//red&#xD;
)&#xD;
else &#xD;
	5;// no limits</ConfigString>
        <VariableMapping>FourWeeksStsMin||4 Weeks Status Min;</VariableMapping>
      </AFAnalysisRule>
      <AFTimeRule>
        <AFPlugIn>Periodic</AFPlugIn>
        <ConfigString>Frequency=21600;Offset=7245</ConfigString>
      </AFTimeRule>
      <SecurityAccessControl>Administrators:A(r,w,rd,wd,d,x,a,s,so,an)|Asset Analytics:A(r,w,rd,wd,x,an)|RTQP Engine:A(r,rd)|Asset Analytics Recalculation:A(x)|Notifications:A(r,w,rd,wd,an)|PIAF_ReadBasic_EUACCPICOLLAF:A(r,rd,s,an)|PIAF_Read_AST_SUKEP:A(r,rd,s,an)|PIAF_ReadWrite_AST_SUKEP:A(r,w,rd,wd,d,x,s,so,an)</SecurityAccessControl>
    </AFAnalysisTemplate>
    <AFAnalysisTemplate>
      <Name>Status - 7 Days Max</Name>
      <Description>1=Red; 2=Amber; 3=Green; 4=Purple(Bad Data); 5=No Limits ; 6= Limit not configured in LS</Description>
      <OutputTime />
      <GroupID>0</GroupID>
      <CaseTemplate />
      <Target>PE:Subsea Controls Threat Analog</Target>
      <CreateEnabled>true</CreateEnabled>
      <AFAnalysisCategoryRef>PE:Subsea</AFAnalysisCategoryRef>
      <AFAnalysisRule>
        <AFPlugIn>PerformanceEquation</AFPlugIn>
        <ConfigString>HighHighLimitStatus := if BadVal('Limit HH') Or 'Limit HH'="No Data" or 'Limit HH' = -9999999 then &#xD;
	true &#xD;
else &#xD;
	false;&#xD;
HighLimitStatus := if BadVal('Limit H') Or 'Limit H'="No Data" or 'Limit H' = -9999999 then &#xD;
	true &#xD;
else &#xD;
	false;&#xD;
AllLimits := If HighLimitStatus=false and HighHighLimitStatus=false then &#xD;
	1 &#xD;
else &#xD;
	0;&#xD;
NoLimitHH := If (HighLimitStatus =False and HighHighLimitStatus =True)  then &#xD;
	1 &#xD;
else &#xD;
	0;&#xD;
NoLimitH := If (HighLimitStatus =True and HighHighLimitStatus =false)  then &#xD;
	1 &#xD;
else &#xD;
	0;&#xD;
SevenDayStsMax := if Badval('7 Day Status Value Max') then &#xD;
	4 //purple&#xD;
else If AllLimits =1 then // both h and hh&#xD;
(&#xD;
if '7 Day Status Value Max' &lt;'Limit H' then &#xD;
	3 //green&#xD;
else if '7 Day Status Value Max' &lt;'Limit HH' then &#xD;
	2 //amber&#xD;
else &#xD;
	1//red&#xD;
)&#xD;
else if NoLimitH = 1 then &#xD;
(&#xD;
if ('7 Day Status Value Max'&lt;'Limit HH') then &#xD;
	3//green &#xD;
else &#xD;
	1//red&#xD;
)&#xD;
else if NoLimitHH = 1 then&#xD;
(&#xD;
if ('7 Day Status Value Max'&lt;'Limit H') then&#xD;
	3//green &#xD;
else &#xD;
	1//red&#xD;
)&#xD;
else &#xD;
	5;// no limits</ConfigString>
        <VariableMapping>SevenDayStsMax||7 Day Status Max;</VariableMapping>
      </AFAnalysisRule>
      <AFTimeRule>
        <AFPlugIn>Periodic</AFPlugIn>
        <ConfigString>Frequency=3600;Offset=40</ConfigString>
      </AFTimeRule>
      <SecurityAccessControl>Administrators:A(r,w,rd,wd,d,x,a,s,so,an)|Asset Analytics:A(r,w,rd,wd,x,an)|RTQP Engine:A(r,rd)|Asset Analytics Recalculation:A(x)|Notifications:A(r,w,rd,wd,an)|PIAF_ReadBasic_EUACCPICOLLAF:A(r,rd,s,an)|PIAF_Read_AST_SUKEP:A(r,rd,s,an)|PIAF_ReadWrite_AST_SUKEP:A(r,w,rd,wd,d,x,s,so,an)</SecurityAccessControl>
    </AFAnalysisTemplate>
    <AFAnalysisTemplate>
      <Name>Status - 7 Days Min</Name>
      <Description>1=Red; 2=Amber; 3=Green; 4=Purple(Bad Data); 5=No Limits ; 6= Limit not configured in LS</Description>
      <OutputTime />
      <GroupID>0</GroupID>
      <CaseTemplate />
      <Target>PE:Subsea Controls Threat Analog</Target>
      <CreateEnabled>true</CreateEnabled>
      <AFAnalysisCategoryRef>PE:Subsea</AFAnalysisCategoryRef>
      <AFAnalysisRule>
        <AFPlugIn>PerformanceEquation</AFPlugIn>
        <ConfigString>LowLowLimitStatus := if BadVal('Limit LL') Or 'Limit LL'="No Data" or 'Limit LL' = -9999999 then &#xD;
	true &#xD;
else &#xD;
	false;&#xD;
LowLimitStatus := if BadVal('Limit L') Or 'Limit L'="No Data" or 'Limit L' = -9999999 then &#xD;
	true &#xD;
else &#xD;
	false;&#xD;
AllLimits := If LowLowLimitStatus=false and LowLimitStatus = false then &#xD;
	1 &#xD;
else &#xD;
	0;&#xD;
NoLimitL := If (LowLowLimitStatus=false and LowLimitStatus = True) then &#xD;
	1 &#xD;
else &#xD;
	0;&#xD;
NoLimitLL := If (LowLowLimitStatus=True and LowLimitStatus = False) then &#xD;
	1 &#xD;
else &#xD;
	0;&#xD;
SevenDayStsMin := if Badval('7 Day Status Value Min') then &#xD;
	4 //purple&#xD;
else If AllLimits =1 then // both L and LL&#xD;
(&#xD;
if '7 Day Status Value Min' &gt;'Limit L' then &#xD;
	3 //green&#xD;
else if '7 Day Status Value Min' &gt;'Limit LL' then &#xD;
	2 //amber&#xD;
else &#xD;
	1//red&#xD;
)&#xD;
else if NoLimitL = 1 then &#xD;
(&#xD;
if ('7 Day Status Value Min'&gt;'Limit LL') then &#xD;
	3//green &#xD;
else &#xD;
	1//red&#xD;
)&#xD;
else if NoLimitLL = 1 then&#xD;
(&#xD;
if ('7 Day Status Value Min'&gt;'Limit L') then&#xD;
	3//green &#xD;
else &#xD;
	1//red&#xD;
)&#xD;
else &#xD;
	5;// no limits</ConfigString>
        <VariableMapping>SevenDayStsMin||7 Day Status Min;</VariableMapping>
      </AFAnalysisRule>
      <AFTimeRule>
        <AFPlugIn>Periodic</AFPlugIn>
        <ConfigString>Frequency=3600;Offset=40</ConfigString>
      </AFTimeRule>
      <SecurityAccessControl>Administrators:A(r,w,rd,wd,d,x,a,s,so,an)|Asset Analytics:A(r,w,rd,wd,x,an)|RTQP Engine:A(r,rd)|Asset Analytics Recalculation:A(x)|Notifications:A(r,w,rd,wd,an)|PIAF_ReadBasic_EUACCPICOLLAF:A(r,rd,s,an)|PIAF_Read_AST_SUKEP:A(r,rd,s,an)|PIAF_ReadWrite_AST_SUKEP:A(r,w,rd,wd,d,x,s,so,an)</SecurityAccessControl>
    </AFAnalysisTemplate>
    <AFAnalysisTemplate>
      <Name>Status - Current Max</Name>
      <Description>1=Red; 2=Amber; 3=Green; 4=Purple(Bad Data); 5=No Limits ; 6= Limit not configured in LS</Description>
      <OutputTime />
      <GroupID>0</GroupID>
      <CaseTemplate />
      <Target>PE:Subsea Controls Threat Analog</Target>
      <CreateEnabled>true</CreateEnabled>
      <AFAnalysisCategoryRef>PE:Subsea</AFAnalysisCategoryRef>
      <AFAnalysisRule>
        <AFPlugIn>PerformanceEquation</AFPlugIn>
        <ConfigString>HighHighLimitStatus := if BadVal('Limit HH') Or 'Limit HH'="No Data" or 'Limit HH' = -9999999 then &#xD;
	true &#xD;
else &#xD;
	false;&#xD;
HighLimitStatus := if BadVal('Limit H') Or 'Limit H'="No Data" or 'Limit H' = -9999999 then &#xD;
	true &#xD;
else &#xD;
	false;&#xD;
AllLimits := If HighLimitStatus=false and HighHighLimitStatus=false then &#xD;
	1 &#xD;
else &#xD;
	0;&#xD;
NoLimitH := If (HighLimitStatus=True and HighHighLimitStatus=false) then &#xD;
	1 &#xD;
else &#xD;
	0;&#xD;
NoLimitHH := If (HighLimitStatus =False and HighHighLimitStatus =True)  then &#xD;
	1 &#xD;
else &#xD;
	0;&#xD;
CurrentStatusMax := if Badval('Current value') then &#xD;
	4 //purple&#xD;
else If AllLimits =1 then // both H and HH&#xD;
(&#xD;
if 'Current value' &lt;'Limit H' then &#xD;
	3 //green&#xD;
else if 'Current value' &lt;'Limit HH' then &#xD;
	2 //amber&#xD;
else &#xD;
	1//red&#xD;
)&#xD;
else if NoLimitH = 1 then &#xD;
(&#xD;
if ('Current value'&lt;'Limit HH') then &#xD;
	3//green &#xD;
else &#xD;
	1//red&#xD;
)&#xD;
else if NoLimitHH = 1 then&#xD;
(&#xD;
if ('Current value'&lt;'Limit H') then&#xD;
	3//green &#xD;
else &#xD;
	1//red&#xD;
)&#xD;
else &#xD;
	5;// no limits</ConfigString>
        <VariableMapping>CurrentStatusMax||IOW Status Max;</VariableMapping>
      </AFAnalysisRule>
      <AFTimeRule>
        <AFPlugIn>Natural</AFPlugIn>
        <ConfigString>"Current value"</ConfigString>
      </AFTimeRule>
      <SecurityAccessControl>Administrators:A(r,w,rd,wd,d,x,a,s,so,an)|Asset Analytics:A(r,w,rd,wd,x,an)|RTQP Engine:A(r,rd)|Asset Analytics Recalculation:A(x)|Notifications:A(r,w,rd,wd,an)|PIAF_ReadBasic_EUACCPICOLLAF:A(r,rd,s,an)|PIAF_Read_AST_SUKEP:A(r,rd,s,an)|PIAF_ReadWrite_AST_SUKEP:A(r,w,rd,wd,d,x,s,so,an)</SecurityAccessControl>
    </AFAnalysisTemplate>
    <AFAnalysisTemplate>
      <Name>Status - Current Min</Name>
      <Description>1=Red; 2=Amber; 3=Green; 4=Purple(Bad Data); 5=No Limits ; 6= Limit not configured in LS</Description>
      <OutputTime />
      <GroupID>0</GroupID>
      <CaseTemplate />
      <Target>PE:Subsea Controls Threat Analog</Target>
      <CreateEnabled>true</CreateEnabled>
      <AFAnalysisCategoryRef>PE:Subsea</AFAnalysisCategoryRef>
      <AFAnalysisRule>
        <AFPlugIn>PerformanceEquation</AFPlugIn>
        <ConfigString>LowLowLimitStatus := if BadVal('Limit LL') Or 'Limit LL'="No Data" or 'Limit LL' = -9999999 then &#xD;
	true &#xD;
else &#xD;
	false;&#xD;
LowLimitStatus := if BadVal('Limit L') Or 'Limit L'="No Data" or 'Limit L' = -9999999 then &#xD;
	true &#xD;
else &#xD;
	false;&#xD;
AllLimits := If LowLowLimitStatus=false and LowLimitStatus = false then &#xD;
	1 &#xD;
else &#xD;
	0;&#xD;
NoLimitL := If (LowLowLimitStatus=false and LowLimitStatus = True) then &#xD;
	1 &#xD;
else &#xD;
	0;&#xD;
NolimitLL := If (LowLowLimitStatus=True and LowLimitStatus = False) then &#xD;
	1 &#xD;
else &#xD;
	0;&#xD;
CurrentStatusMin := if Badval('Current value') then &#xD;
	4 //purple&#xD;
else If AllLimits =1 then // both L and LL&#xD;
(&#xD;
if 'Current value' &gt;'Limit L' then &#xD;
	3 //green&#xD;
else if 'Current value' &gt;'Limit LL' then &#xD;
	2 //amber&#xD;
else &#xD;
	1//red&#xD;
)&#xD;
else if NoLimitL = 1 then &#xD;
(&#xD;
if ('Current value'&gt;'Limit LL') then &#xD;
	3//green &#xD;
else &#xD;
	1//red&#xD;
)&#xD;
else if NoLimitLL = 1 then&#xD;
(&#xD;
if ('Current value'&gt;'Limit L') then&#xD;
	3//green &#xD;
else &#xD;
	1//red&#xD;
)&#xD;
else &#xD;
	5;// no limits</ConfigString>
        <VariableMapping>CurrentStatusMin||IOW Status Min;</VariableMapping>
      </AFAnalysisRule>
      <AFTimeRule>
        <AFPlugIn>Natural</AFPlugIn>
        <ConfigString>"Current value"</ConfigString>
      </AFTimeRule>
      <SecurityAccessControl>Administrators:A(r,w,rd,wd,d,x,a,s,so,an)|Asset Analytics:A(r,w,rd,wd,x,an)|RTQP Engine:A(r,rd)|Asset Analytics Recalculation:A(x)|Notifications:A(r,w,rd,wd,an)|PIAF_ReadBasic_EUACCPICOLLAF:A(r,rd,s,an)|PIAF_Read_AST_SUKEP:A(r,rd,s,an)|PIAF_ReadWrite_AST_SUKEP:A(r,w,rd,wd,d,x,s,so,an)</SecurityAccessControl>
    </AFAnalysisTemplate>
    <SecurityAccessControl>Administrators:A(r,w,rd,wd,d,x,a,s,so,an)|Asset Analytics:A(r,w,rd,wd,x,an)|RTQP Engine:A(r,rd)|Asset Analytics Recalculation:A(x)|Notifications:A(r,w,rd,wd,an)|PIAF_ReadBasic_EUACCPICOLLAF:A(r,rd,s,an)|PIAF_Read_AST_SUKEP:A(r,rd,s,an)|PIAF_ReadWrite_AST_SUKEP:A(r,w,rd,wd,d,x,s,so,an)</SecurityAccessControl>
  </AFElementTemplate>
</AF>