﻿<?xml version="1.0" encoding="utf-8"?>
<AF xmlns:xsi="http://www.w3.org/2001/XMLSchema-instance" xsi:noNamespaceSchemaLocation="OSIsoft.AF.xsd" SchemaVersion="2.0" SoftwareVersion="2.10.9.593" ExportMode="AllReferences, NoUniqueID, DefaultValues, Security, SimplifiedConfigStrings" PISystem="ACCPICOLL_AF" Database="Functional Calculations AST SUKEP" Description="ONLY for AST Project, Contact: Ishan Khare, Animesh Parikshya Or Rishabh Sharma || End Date: Dec 2022" Created="2022-11-21T06:56:11.1337011Z" id="0c7fb33d-f93a-47d3-86d5-b571eb1651d3" ParentKey="cd75538e-e5d2-445c-aee0-494ed8233e64" ExportedObject="SW: VEGA_Total_Export" ExportedType="AFElementTemplate" Identity="ElementTemplate" PIPersist="227 {9895150E-085D-4fcb-A16D-5EF5D2527196} 2\{16f50517-ae34-45bb-943a-c4a466a280a1}\ElementTemplates[{0c7fb33d-f93a-47d3-86d5-b571eb1651d3}]*ACCPICOLL_AF\Functional Calculations AST SUKEP\ElementTemplates[SW: VEGA_Total_Export]">
  <AFSecurityIdentity>
    <Name>Administrators</Name>
    <Description>Administrator security access</Description>
    <IsEnabled>true</IsEnabled>
  </AFSecurityIdentity>
  <AFSecurityIdentity>
    <Name>Asset Analytics</Name>
    <Description>PI Analysis Service security access</Description>
    <IsEnabled>true</IsEnabled>
  </AFSecurityIdentity>
  <AFSecurityIdentity>
    <Name>RTQP Engine</Name>
    <Description>RTQP Engine security access</Description>
    <IsEnabled>true</IsEnabled>
  </AFSecurityIdentity>
  <AFSecurityIdentity>
    <Name>Asset Analytics Recalculation</Name>
    <Description>PI Analysis Service recalculation/backfilling security access</Description>
    <IsEnabled>true</IsEnabled>
  </AFSecurityIdentity>
  <AFSecurityIdentity>
    <Name>Notifications</Name>
    <Description>PI Notifications Service security access</Description>
    <IsEnabled>true</IsEnabled>
  </AFSecurityIdentity>
  <AFSecurityIdentity>
    <Name>PIAF_ReadBasic_EUACCPICOLLAF</Name>
    <Description>This identity will provide global read access to EUACCPICOLLAF</Description>
    <IsEnabled>true</IsEnabled>
  </AFSecurityIdentity>
  <AFSecurityIdentity>
    <Name>PIAF_Read_AST_SUKEP</Name>
    <Description>This identity will provide read</Description>
    <IsEnabled>true</IsEnabled>
  </AFSecurityIdentity>
  <AFSecurityIdentity>
    <Name>PIAF_ReadWrite_AST_SUKEP</Name>
    <Description>This identity will provide read and write access</Description>
    <IsEnabled>true</IsEnabled>
  </AFSecurityIdentity>
  <AFElementCategory>
    <Name>Local Calculation</Name>
    <Description />
    <SecurityAccessControl>Administrators:A(r,w,rd,wd,d,x,a,s,so,an)|Asset Analytics:A(r,w,rd,wd,x,an)|RTQP Engine:A(r,rd)|Asset Analytics Recalculation:A(x)|Notifications:A(r,w,rd,wd,an)|PIAF_ReadBasic_EUACCPICOLLAF:A(r,rd,s,an)|PIAF_Read_AST_SUKEP:A(r,rd,s,an)|PIAF_ReadWrite_AST_SUKEP:A(r,w,rd,wd,d,x,s,so,an)</SecurityAccessControl>
  </AFElementCategory>
  <AFAnalysisCategory>
    <Name>VEGA:GA_Wells</Name>
    <Description />
    <SecurityAccessControl>Administrators:A(r,w,rd,wd,d,x,a,s,so,an)|Asset Analytics:A(r,w,rd,wd,x,an)|RTQP Engine:A(r,rd)|Asset Analytics Recalculation:A(x)|Notifications:A(r,w,rd,wd,an)|PIAF_ReadBasic_EUACCPICOLLAF:A(r,rd,s,an)|PIAF_Read_AST_SUKEP:A(r,rd,s,an)|PIAF_ReadWrite_AST_SUKEP:A(r,w,rd,wd,d,x,s,so,an)</SecurityAccessControl>
  </AFAnalysisCategory>
  <AFAnalysisCategory>
    <Name>VEGA:SW</Name>
    <Description>All calculation related to VEGA Shearwater</Description>
    <SecurityAccessControl>Administrators:A(r,w,rd,wd,d,x,a,s,so,an)|Asset Analytics:A(r,w,rd,wd,x,an)|RTQP Engine:A(r,rd)|Asset Analytics Recalculation:A(x)|Notifications:A(r,w,rd,wd,an)|PIAF_ReadBasic_EUACCPICOLLAF:A(r,rd,s,an)|PIAF_Read_AST_SUKEP:A(r,rd,s,an)|PIAF_ReadWrite_AST_SUKEP:A(r,w,rd,wd,d,x,s,so,an)</SecurityAccessControl>
  </AFAnalysisCategory>
  <AFElementTemplate>
    <Name>Local Calculation Templates</Name>
    <Description>This is the base template from which all Local calculations should derive, if they do not derive from this template, they will be deleted by the sync.</Description>
    <BaseTemplateOnly>false</BaseTemplateOnly>
    <BaseTemplate />
    <Type>None</Type>
    <InstanceType>Element</InstanceType>
    <AllowElementToExtend>false</AllowElementToExtend>
    <DefaultAttribute />
    <NamingPattern />
    <DefaultInputPort />
    <DefaultOutputPort />
    <DefaultUndirectedPort />
    <AFElementCategoryRef>Local Calculation</AFElementCategoryRef>
    <AFAttributeTemplate>
      <Name>Calculation Owner</Name>
      <Description>See [https://eu001-sp.shell.com/sites/AAAAB2614/TDM/Lists/DVO%20Contact%20List/AllItems.aspx] this should be specified before calculation is promoted to production.</Description>
      <IsHidden>false</IsHidden>
      <IsManualDataEntry>false</IsManualDataEntry>
      <IsConfigurationItem>false</IsConfigurationItem>
      <IsExcluded>false</IsExcluded>
      <IsIndexed>false</IsIndexed>
      <Trait />
      <DefaultUOM />
      <DisplayDigits>-5</DisplayDigits>
      <Type>String</Type>
      <TypeQualifier />
      <Value type="String">Carl Gerrard</Value>
      <DataReference />
      <AFAttributeCategoryRef>Shell Required Parameters</AFAttributeCategoryRef>
    </AFAttributeTemplate>
    <AFAttributeTemplate>
      <Name>Data Value Owner</Name>
      <Description>Defines the calculation result owner</Description>
      <IsHidden>false</IsHidden>
      <IsManualDataEntry>false</IsManualDataEntry>
      <IsConfigurationItem>false</IsConfigurationItem>
      <IsExcluded>false</IsExcluded>
      <IsIndexed>false</IsIndexed>
      <Trait />
      <DefaultUOM />
      <DisplayDigits>-5</DisplayDigits>
      <Type>String</Type>
      <TypeQualifier />
      <Value type="String">Carl Gerrard</Value>
      <DataReference />
      <AFAttributeCategoryRef>General</AFAttributeCategoryRef>
    </AFAttributeTemplate>
    <AFAttributeTemplate>
      <Name>Parent GUID</Name>
      <Description>EDAM GUID of Parent of this calculation, used when sending events to Event Collector.</Description>
      <IsHidden>false</IsHidden>
      <IsManualDataEntry>false</IsManualDataEntry>
      <IsConfigurationItem>false</IsConfigurationItem>
      <IsExcluded>false</IsExcluded>
      <IsIndexed>false</IsIndexed>
      <Trait />
      <DefaultUOM />
      <DisplayDigits>-5</DisplayDigits>
      <Type>String</Type>
      <TypeQualifier />
      <Value type="String"></Value>
      <DataReference>String Builder</DataReference>
      <ConfigString>'..\|GlobalUniqueID';</ConfigString>
      <AFAttributeCategoryRef>Shell Required Parameters</AFAttributeCategoryRef>
    </AFAttributeTemplate>
    <AFAttributeTemplate>
      <Name>Parent Name</Name>
      <Description>Name of parent element to this caculation.</Description>
      <IsHidden>false</IsHidden>
      <IsManualDataEntry>false</IsManualDataEntry>
      <IsConfigurationItem>false</IsConfigurationItem>
      <IsExcluded>false</IsExcluded>
      <IsIndexed>false</IsIndexed>
      <Trait />
      <DefaultUOM />
      <DisplayDigits>-5</DisplayDigits>
      <Type>String</Type>
      <TypeQualifier />
      <Value type="String"></Value>
      <DataReference>String Builder</DataReference>
      <ConfigString>"%..\Element%";</ConfigString>
      <AFAttributeCategoryRef>Shell Required Parameters</AFAttributeCategoryRef>
    </AFAttributeTemplate>
    <AFAttributeTemplate>
      <Name>Template Status</Name>
      <Description>Defines the status of the template</Description>
      <IsHidden>false</IsHidden>
      <IsManualDataEntry>false</IsManualDataEntry>
      <IsConfigurationItem>false</IsConfigurationItem>
      <IsExcluded>false</IsExcluded>
      <IsIndexed>false</IsIndexed>
      <Trait />
      <DefaultUOM />
      <DisplayDigits>-5</DisplayDigits>
      <Type>String</Type>
      <TypeQualifier />
      <Value type="String">In Acceptance</Value>
      <DataReference />
      <AFAttributeCategoryRef>General</AFAttributeCategoryRef>
    </AFAttributeTemplate>
    <SecurityAccessControl>Administrators:A(r,w,rd,wd,d,x,a,s,so,an)|Asset Analytics:A(r,w,rd,wd,x,an)|RTQP Engine:A(r,rd)|Asset Analytics Recalculation:A(x)|Notifications:A(r,w,rd,wd,an)|PIAF_ReadBasic_EUACCPICOLLAF:A(r,rd,s,an)|PIAF_Read_AST_SUKEP:A(r,rd,s,an)|PIAF_ReadWrite_AST_SUKEP:A(r,w,rd,wd,d,x,s,so,an)</SecurityAccessControl>
  </AFElementTemplate>
  <AFElementTemplate>
    <Name>SUKEP</Name>
    <Description>Parant Tempate of SUKEP's Template</Description>
    <BaseTemplateOnly>false</BaseTemplateOnly>
    <BaseTemplate>Local Calculation Templates</BaseTemplate>
    <Type>None</Type>
    <InstanceType>Element</InstanceType>
    <AllowElementToExtend>false</AllowElementToExtend>
    <DefaultAttribute />
    <NamingPattern />
    <DefaultInputPort />
    <DefaultOutputPort />
    <DefaultUndirectedPort />
    <SecurityAccessControl>Administrators:A(r,w,rd,wd,d,x,a,s,so,an)|Asset Analytics:A(r,w,rd,wd,x,an)|RTQP Engine:A(r,rd)|Asset Analytics Recalculation:A(x)|Notifications:A(r,w,rd,wd,an)|PIAF_ReadBasic_EUACCPICOLLAF:A(r,rd,s,an)|PIAF_Read_AST_SUKEP:A(r,rd,s,an)|PIAF_ReadWrite_AST_SUKEP:A(r,w,rd,wd,d,x,s,so,an)</SecurityAccessControl>
  </AFElementTemplate>
  <AFElementTemplate>
    <Name>VEGA</Name>
    <Description />
    <BaseTemplateOnly>false</BaseTemplateOnly>
    <BaseTemplate>SUKEP</BaseTemplate>
    <Type>None</Type>
    <InstanceType>Element</InstanceType>
    <AllowElementToExtend>false</AllowElementToExtend>
    <DefaultAttribute />
    <NamingPattern />
    <DefaultInputPort />
    <DefaultOutputPort />
    <DefaultUndirectedPort />
    <AFAttributeTemplate>
      <Name>IsPIDQUsed</Name>
      <Description />
      <IsHidden>false</IsHidden>
      <IsManualDataEntry>false</IsManualDataEntry>
      <IsConfigurationItem>false</IsConfigurationItem>
      <IsExcluded>false</IsExcluded>
      <IsIndexed>false</IsIndexed>
      <Trait />
      <DefaultUOM />
      <DisplayDigits>-5</DisplayDigits>
      <Type>Boolean</Type>
      <TypeQualifier />
      <Value type="Boolean">True</Value>
      <DataReference />
      <AFAttributeCategoryRef>Required attributes</AFAttributeCategoryRef>
    </AFAttributeTemplate>
    <AFAttributeTemplate>
      <Name>PI DQ Tag</Name>
      <Description />
      <IsHidden>false</IsHidden>
      <IsManualDataEntry>false</IsManualDataEntry>
      <IsConfigurationItem>false</IsConfigurationItem>
      <IsExcluded>false</IsExcluded>
      <IsIndexed>false</IsIndexed>
      <Trait />
      <DefaultUOM />
      <DisplayDigits>-5</DisplayDigits>
      <Type>Double</Type>
      <TypeQualifier />
      <Value type="Double">1</Value>
      <DataReference />
      <AFAttributeCategoryRef>Input Tags</AFAttributeCategoryRef>
    </AFAttributeTemplate>
    <SecurityAccessControl>Administrators:A(r,w,rd,wd,d,x,a,s,so,an)|Asset Analytics:A(r,w,rd,wd,x,an)|RTQP Engine:A(r,rd)|Asset Analytics Recalculation:A(x)|Notifications:A(r,w,rd,wd,an)|PIAF_ReadBasic_EUACCPICOLLAF:A(r,rd,s,an)|PIAF_Read_AST_SUKEP:A(r,rd,s,an)|PIAF_ReadWrite_AST_SUKEP:A(r,w,rd,wd,d,x,s,so,an)</SecurityAccessControl>
  </AFElementTemplate>
  <AFElementTemplate>
    <Name>SW: VEGA</Name>
    <Description />
    <BaseTemplateOnly>false</BaseTemplateOnly>
    <BaseTemplate>VEGA</BaseTemplate>
    <Type>None</Type>
    <InstanceType>Element</InstanceType>
    <AllowElementToExtend>false</AllowElementToExtend>
    <DefaultAttribute />
    <NamingPattern />
    <DefaultInputPort />
    <DefaultOutputPort />
    <DefaultUndirectedPort />
    <AFElementCategoryRef>Local Calculation</AFElementCategoryRef>
    <SecurityAccessControl>Administrators:A(r,w,rd,wd,d,x,a,s,so,an)|Asset Analytics:A(r,w,rd,wd,x,an)|RTQP Engine:A(r,rd)|Asset Analytics Recalculation:A(x)|Notifications:A(r,w,rd,wd,an)|PIAF_ReadBasic_EUACCPICOLLAF:A(r,rd,s,an)|PIAF_Read_AST_SUKEP:A(r,rd,s,an)|PIAF_ReadWrite_AST_SUKEP:A(r,w,rd,wd,d,x,s,so,an)</SecurityAccessControl>
  </AFElementTemplate>
  <AFElementTemplate>
    <Name>SW: VEGA_Platform_Level</Name>
    <Description>All platform level templates</Description>
    <BaseTemplateOnly>false</BaseTemplateOnly>
    <BaseTemplate>SW: VEGA</BaseTemplate>
    <Type>None</Type>
    <InstanceType>Element</InstanceType>
    <AllowElementToExtend>false</AllowElementToExtend>
    <DefaultAttribute />
    <NamingPattern />
    <DefaultInputPort />
    <DefaultOutputPort />
    <DefaultUndirectedPort />
    <AFElementCategoryRef>Local Calculation</AFElementCategoryRef>
    <SecurityAccessControl>Administrators:A(r,w,rd,wd,d,x,a,s,so,an)|Asset Analytics:A(r,w,rd,wd,x,an)|RTQP Engine:A(r,rd)|Asset Analytics Recalculation:A(x)|Notifications:A(r,w,rd,wd,an)|PIAF_ReadBasic_EUACCPICOLLAF:A(r,rd,s,an)|PIAF_Read_AST_SUKEP:A(r,rd,s,an)|PIAF_ReadWrite_AST_SUKEP:A(r,w,rd,wd,d,x,s,so,an)</SecurityAccessControl>
  </AFElementTemplate>
  <AFElementTemplate>
    <Name>SW: VEGA_Total_Export</Name>
    <Description>Template to calculate running totaliozer, Yesterday Totalizer, total KBOE for Condensate(OIL), Gas and Water production</Description>
    <BaseTemplateOnly>false</BaseTemplateOnly>
    <BaseTemplate>SW: VEGA_Platform_Level</BaseTemplate>
    <Type>None</Type>
    <InstanceType>Element</InstanceType>
    <AllowElementToExtend>false</AllowElementToExtend>
    <DefaultAttribute />
    <NamingPattern />
    <DefaultInputPort />
    <DefaultOutputPort />
    <DefaultUndirectedPort />
    <AFElementCategoryRef>Local Calculation</AFElementCategoryRef>
    <AFAttributeTemplate>
      <Name>Field Name</Name>
      <Description>Field Name </Description>
      <IsHidden>false</IsHidden>
      <IsManualDataEntry>false</IsManualDataEntry>
      <IsConfigurationItem>false</IsConfigurationItem>
      <IsExcluded>false</IsExcluded>
      <IsIndexed>false</IsIndexed>
      <Trait />
      <DefaultUOM />
      <DisplayDigits>-5</DisplayDigits>
      <Type>String</Type>
      <TypeQualifier />
      <Value type="String">0</Value>
      <DataReference />
      <AFAttributeCategoryRef>Required attributes</AFAttributeCategoryRef>
    </AFAttributeTemplate>
    <AFAttributeTemplate>
      <Name>Gas Export - Raw Tag</Name>
      <Description>Gas Export - Raw Tag</Description>
      <IsHidden>false</IsHidden>
      <IsManualDataEntry>false</IsManualDataEntry>
      <IsConfigurationItem>false</IsConfigurationItem>
      <IsExcluded>false</IsExcluded>
      <IsIndexed>false</IsIndexed>
      <Trait />
      <DefaultUOM />
      <DisplayDigits>-5</DisplayDigits>
      <Type>Double</Type>
      <TypeQualifier />
      <Value type="Double">0</Value>
      <DataReference>PI Point</DataReference>
      <ConfigString>\\%Server%\%Element%.%Attribute%</ConfigString>
      <AFAttributeCategoryRef>Input Tags</AFAttributeCategoryRef>
    </AFAttributeTemplate>
    <AFAttributeTemplate>
      <Name>Gas Final Value Conversion Factor</Name>
      <Description>Final Value Conversion Factor</Description>
      <IsHidden>false</IsHidden>
      <IsManualDataEntry>false</IsManualDataEntry>
      <IsConfigurationItem>false</IsConfigurationItem>
      <IsExcluded>false</IsExcluded>
      <IsIndexed>false</IsIndexed>
      <Trait />
      <DefaultUOM />
      <DisplayDigits>-5</DisplayDigits>
      <Type>Double</Type>
      <TypeQualifier />
      <Value type="Double">1000</Value>
      <DataReference />
      <AFAttributeCategoryRef>Required attributes</AFAttributeCategoryRef>
    </AFAttributeTemplate>
    <AFAttributeTemplate>
      <Name>Gas Process Factor</Name>
      <Description>Gas Process Factor</Description>
      <IsHidden>false</IsHidden>
      <IsManualDataEntry>false</IsManualDataEntry>
      <IsConfigurationItem>false</IsConfigurationItem>
      <IsExcluded>false</IsExcluded>
      <IsIndexed>false</IsIndexed>
      <Trait />
      <DefaultUOM />
      <DisplayDigits>-5</DisplayDigits>
      <Type>Double</Type>
      <TypeQualifier />
      <Value type="Double">1</Value>
      <DataReference />
      <AFAttributeCategoryRef>Required attributes</AFAttributeCategoryRef>
    </AFAttributeTemplate>
    <AFAttributeTemplate>
      <Name>Gas Unit Conversion Factor</Name>
      <Description>Gas Unit Conversion Factor</Description>
      <IsHidden>false</IsHidden>
      <IsManualDataEntry>false</IsManualDataEntry>
      <IsConfigurationItem>false</IsConfigurationItem>
      <IsExcluded>false</IsExcluded>
      <IsIndexed>false</IsIndexed>
      <Trait />
      <DefaultUOM />
      <DisplayDigits>-5</DisplayDigits>
      <Type>Double</Type>
      <TypeQualifier />
      <Value type="Double">1</Value>
      <DataReference />
      <AFAttributeCategoryRef>Required attributes</AFAttributeCategoryRef>
    </AFAttributeTemplate>
    <AFAttributeTemplate>
      <Name>Hour of the Day</Name>
      <Description>Hour of the Day</Description>
      <IsHidden>false</IsHidden>
      <IsManualDataEntry>false</IsManualDataEntry>
      <IsConfigurationItem>false</IsConfigurationItem>
      <IsExcluded>false</IsExcluded>
      <IsIndexed>false</IsIndexed>
      <Trait />
      <DefaultUOM />
      <DisplayDigits>-5</DisplayDigits>
      <Type>Double</Type>
      <TypeQualifier />
      <Value type="Double">0</Value>
      <DataReference>PI Point</DataReference>
      <ConfigString>\\UPPICOLL\UK:GA:Hour_of_the_Day.AFCalc</ConfigString>
      <AFAttributeCategoryRef>Input Tags</AFAttributeCategoryRef>
    </AFAttributeTemplate>
    <AFAttributeTemplate>
      <Name>KBOE Gas Constant</Name>
      <Description>Gas Constant to calculate total KBOE</Description>
      <IsHidden>false</IsHidden>
      <IsManualDataEntry>false</IsManualDataEntry>
      <IsConfigurationItem>false</IsConfigurationItem>
      <IsExcluded>false</IsExcluded>
      <IsIndexed>false</IsIndexed>
      <Trait />
      <DefaultUOM />
      <DisplayDigits>-5</DisplayDigits>
      <Type>Double</Type>
      <TypeQualifier />
      <Value type="Double">0.0060924</Value>
      <DataReference />
      <AFAttributeCategoryRef>Required attributes</AFAttributeCategoryRef>
    </AFAttributeTemplate>
    <AFAttributeTemplate>
      <Name>KBOE Oil Constant</Name>
      <Description>Oil Constant to calculate total KBOE</Description>
      <IsHidden>false</IsHidden>
      <IsManualDataEntry>false</IsManualDataEntry>
      <IsConfigurationItem>false</IsConfigurationItem>
      <IsExcluded>false</IsExcluded>
      <IsIndexed>false</IsIndexed>
      <Trait />
      <DefaultUOM />
      <DisplayDigits>-5</DisplayDigits>
      <Type>Double</Type>
      <TypeQualifier />
      <Value type="Double">0.006293</Value>
      <DataReference />
      <AFAttributeCategoryRef>Required attributes</AFAttributeCategoryRef>
    </AFAttributeTemplate>
    <AFAttributeTemplate>
      <Name>Oil Export - Raw Tag</Name>
      <Description>Oil Export - Raw Tag</Description>
      <IsHidden>false</IsHidden>
      <IsManualDataEntry>false</IsManualDataEntry>
      <IsConfigurationItem>false</IsConfigurationItem>
      <IsExcluded>false</IsExcluded>
      <IsIndexed>false</IsIndexed>
      <Trait />
      <DefaultUOM />
      <DisplayDigits>-5</DisplayDigits>
      <Type>Double</Type>
      <TypeQualifier />
      <Value type="Double">0</Value>
      <DataReference>PI Point</DataReference>
      <ConfigString>\\%Server%\%Element%.%Attribute</ConfigString>
      <AFAttributeCategoryRef>Input Tags</AFAttributeCategoryRef>
    </AFAttributeTemplate>
    <AFAttributeTemplate>
      <Name>Oil Final Value Conversion Factor</Name>
      <Description>Final Value Conversion Factor</Description>
      <IsHidden>false</IsHidden>
      <IsManualDataEntry>false</IsManualDataEntry>
      <IsConfigurationItem>false</IsConfigurationItem>
      <IsExcluded>false</IsExcluded>
      <IsIndexed>false</IsIndexed>
      <Trait />
      <DefaultUOM />
      <DisplayDigits>-5</DisplayDigits>
      <Type>Double</Type>
      <TypeQualifier />
      <Value type="Double">1000</Value>
      <DataReference />
      <AFAttributeCategoryRef>Required attributes</AFAttributeCategoryRef>
    </AFAttributeTemplate>
    <AFAttributeTemplate>
      <Name>Oil Process Factor</Name>
      <Description>Oil Process Factor</Description>
      <IsHidden>false</IsHidden>
      <IsManualDataEntry>false</IsManualDataEntry>
      <IsConfigurationItem>false</IsConfigurationItem>
      <IsExcluded>false</IsExcluded>
      <IsIndexed>false</IsIndexed>
      <Trait />
      <DefaultUOM />
      <DisplayDigits>-5</DisplayDigits>
      <Type>Double</Type>
      <TypeQualifier />
      <Value type="Double">1</Value>
      <DataReference />
      <AFAttributeCategoryRef>Required attributes</AFAttributeCategoryRef>
    </AFAttributeTemplate>
    <AFAttributeTemplate>
      <Name>Oil Unit Conversion Factor</Name>
      <Description>Oil Unit Conversion Factor</Description>
      <IsHidden>false</IsHidden>
      <IsManualDataEntry>false</IsManualDataEntry>
      <IsConfigurationItem>false</IsConfigurationItem>
      <IsExcluded>false</IsExcluded>
      <IsIndexed>false</IsIndexed>
      <Trait />
      <DefaultUOM />
      <DisplayDigits>-5</DisplayDigits>
      <Type>Double</Type>
      <TypeQualifier />
      <Value type="Double">1</Value>
      <DataReference />
      <AFAttributeCategoryRef>Required attributes</AFAttributeCategoryRef>
    </AFAttributeTemplate>
    <AFAttributeTemplate>
      <Name>Rolling Avg -Export</Name>
      <Description>Seconds to calculate average of gas and oil Average</Description>
      <IsHidden>false</IsHidden>
      <IsManualDataEntry>false</IsManualDataEntry>
      <IsConfigurationItem>false</IsConfigurationItem>
      <IsExcluded>false</IsExcluded>
      <IsIndexed>false</IsIndexed>
      <Trait />
      <DefaultUOM />
      <DisplayDigits>-5</DisplayDigits>
      <Type>Double</Type>
      <TypeQualifier />
      <Value type="Double">3600</Value>
      <DataReference />
      <AFAttributeCategoryRef>Required attributes</AFAttributeCategoryRef>
    </AFAttributeTemplate>
    <AFAttributeTemplate>
      <Name>Rolling Avg -Total KBOE Rate</Name>
      <Description>Seconds to calculate average of gas and oil for total KBOE Calculation</Description>
      <IsHidden>false</IsHidden>
      <IsManualDataEntry>false</IsManualDataEntry>
      <IsConfigurationItem>false</IsConfigurationItem>
      <IsExcluded>false</IsExcluded>
      <IsIndexed>false</IsIndexed>
      <Trait />
      <DefaultUOM />
      <DisplayDigits>-5</DisplayDigits>
      <Type>Double</Type>
      <TypeQualifier />
      <Value type="Double">1800</Value>
      <DataReference />
      <AFAttributeCategoryRef>Required attributes</AFAttributeCategoryRef>
    </AFAttributeTemplate>
    <AFAttributeTemplate>
      <Name>Total Export - Average</Name>
      <Description>Total Average for last seconds provided in attribute "Rolling Avg -Export" from now</Description>
      <IsHidden>false</IsHidden>
      <IsManualDataEntry>false</IsManualDataEntry>
      <IsConfigurationItem>false</IsConfigurationItem>
      <IsExcluded>false</IsExcluded>
      <IsIndexed>false</IsIndexed>
      <Trait />
      <DefaultUOM />
      <DisplayDigits>-5</DisplayDigits>
      <Type>Double</Type>
      <TypeQualifier />
      <Value type="Double">0</Value>
      <DataReference>PI Point</DataReference>
      <ConfigString>\\%Server%\%Element%.%Attribute</ConfigString>
      <AFAttributeCategoryRef>Output Tags</AFAttributeCategoryRef>
    </AFAttributeTemplate>
    <AFAttributeTemplate>
      <Name>Total Export KBOE - DT (Yesterday)</Name>
      <Description>Total Totalizer (Yesterday 00:00 to 23:59)</Description>
      <IsHidden>false</IsHidden>
      <IsManualDataEntry>false</IsManualDataEntry>
      <IsConfigurationItem>false</IsConfigurationItem>
      <IsExcluded>false</IsExcluded>
      <IsIndexed>false</IsIndexed>
      <Trait />
      <DefaultUOM />
      <DisplayDigits>-5</DisplayDigits>
      <Type>Double</Type>
      <TypeQualifier />
      <Value type="Double">0</Value>
      <DataReference>PI Point</DataReference>
      <ConfigString>\\%Server%\%Element%.%Attribute%</ConfigString>
      <AFAttributeCategoryRef>Output Tags</AFAttributeCategoryRef>
    </AFAttributeTemplate>
    <AFAttributeTemplate>
      <Name>Total Export KBOE - DT (Yesterday) %</Name>
      <Description>% Total Totalizer W.R.T IPSC (Yesterday 00:00 to 23:59)</Description>
      <IsHidden>false</IsHidden>
      <IsManualDataEntry>false</IsManualDataEntry>
      <IsConfigurationItem>false</IsConfigurationItem>
      <IsExcluded>false</IsExcluded>
      <IsIndexed>false</IsIndexed>
      <Trait />
      <DefaultUOM />
      <DisplayDigits>-5</DisplayDigits>
      <Type>Double</Type>
      <TypeQualifier />
      <Value type="Double">0</Value>
      <DataReference>PI Point</DataReference>
      <ConfigString>\\%Server%\%Element%.%Attribute%</ConfigString>
      <AFAttributeCategoryRef>Output Tags</AFAttributeCategoryRef>
    </AFAttributeTemplate>
    <AFAttributeTemplate>
      <Name>Total Export KBOE - RT</Name>
      <Description>Total Totalizer (Running Total from 00:00 till current time)</Description>
      <IsHidden>false</IsHidden>
      <IsManualDataEntry>false</IsManualDataEntry>
      <IsConfigurationItem>false</IsConfigurationItem>
      <IsExcluded>false</IsExcluded>
      <IsIndexed>false</IsIndexed>
      <Trait />
      <DefaultUOM />
      <DisplayDigits>-5</DisplayDigits>
      <Type>Double</Type>
      <TypeQualifier />
      <Value type="Double">0</Value>
      <DataReference>PI Point</DataReference>
      <ConfigString>\\%Server%\%Element%.%Attribute</ConfigString>
      <AFAttributeCategoryRef>Output Tags</AFAttributeCategoryRef>
    </AFAttributeTemplate>
    <AFAttributeTemplate>
      <Name>Total Export KBOE - RT %</Name>
      <Description>% Total Totalizer W.R.T IPSC (Running total from 00:00 till current time)</Description>
      <IsHidden>false</IsHidden>
      <IsManualDataEntry>false</IsManualDataEntry>
      <IsConfigurationItem>false</IsConfigurationItem>
      <IsExcluded>false</IsExcluded>
      <IsIndexed>false</IsIndexed>
      <Trait />
      <DefaultUOM />
      <DisplayDigits>-5</DisplayDigits>
      <Type>Double</Type>
      <TypeQualifier />
      <Value type="Double">0</Value>
      <DataReference>PI Point</DataReference>
      <ConfigString>\\%Server%\%Element%.%Attribute%</ConfigString>
      <AFAttributeCategoryRef>Output Tags</AFAttributeCategoryRef>
    </AFAttributeTemplate>
    <AFAttributeTemplate>
      <Name>Total Export KBOE - RT Status</Name>
      <Description>Total Export Running Total Status</Description>
      <IsHidden>false</IsHidden>
      <IsManualDataEntry>false</IsManualDataEntry>
      <IsConfigurationItem>false</IsConfigurationItem>
      <IsExcluded>false</IsExcluded>
      <IsIndexed>false</IsIndexed>
      <Trait />
      <DefaultUOM />
      <DisplayDigits>-5</DisplayDigits>
      <Type>Double</Type>
      <TypeQualifier />
      <Value type="Double">0</Value>
      <DataReference>PI Point</DataReference>
      <ConfigString>\\%Server%\%Element%.%Attribute%</ConfigString>
      <AFAttributeCategoryRef>Output Tags</AFAttributeCategoryRef>
    </AFAttributeTemplate>
    <AFAttributeTemplate>
      <Name>Total Export KBOE- Projected EOD Vol</Name>
      <Description>Total Export Projected End of Day Volume</Description>
      <IsHidden>false</IsHidden>
      <IsManualDataEntry>false</IsManualDataEntry>
      <IsConfigurationItem>false</IsConfigurationItem>
      <IsExcluded>false</IsExcluded>
      <IsIndexed>false</IsIndexed>
      <Trait />
      <DefaultUOM />
      <DisplayDigits>-5</DisplayDigits>
      <Type>Double</Type>
      <TypeQualifier />
      <Value type="Double">0</Value>
      <DataReference>PI Point</DataReference>
      <ConfigString>\\%Server%\%Element%.%Attribute%</ConfigString>
      <AFAttributeCategoryRef>Output Tags</AFAttributeCategoryRef>
    </AFAttributeTemplate>
    <AFAttributeTemplate>
      <Name>Total Export KBOE Rate</Name>
      <Description>Rate of Total Export KBOE</Description>
      <IsHidden>false</IsHidden>
      <IsManualDataEntry>false</IsManualDataEntry>
      <IsConfigurationItem>false</IsConfigurationItem>
      <IsExcluded>false</IsExcluded>
      <IsIndexed>false</IsIndexed>
      <Trait />
      <DefaultUOM />
      <DisplayDigits>-5</DisplayDigits>
      <Type>Double</Type>
      <TypeQualifier />
      <Value type="Double">0</Value>
      <DataReference>PI Point</DataReference>
      <ConfigString>\\%Server%\%Element%.%Attribute%</ConfigString>
      <AFAttributeCategoryRef>Output Tags</AFAttributeCategoryRef>
    </AFAttributeTemplate>
    <AFAttributeTemplate>
      <Name>Total IPSC</Name>
      <Description>Total IPSC</Description>
      <IsHidden>false</IsHidden>
      <IsManualDataEntry>false</IsManualDataEntry>
      <IsConfigurationItem>false</IsConfigurationItem>
      <IsExcluded>false</IsExcluded>
      <IsIndexed>false</IsIndexed>
      <Trait />
      <DefaultUOM />
      <DisplayDigits>-5</DisplayDigits>
      <Type>Double</Type>
      <TypeQualifier />
      <Value type="Double">0</Value>
      <DataReference>PI Point</DataReference>
      <ConfigString>\\%Server%\%Element%.%Attribute%</ConfigString>
      <AFAttributeCategoryRef>Limits</AFAttributeCategoryRef>
    </AFAttributeTemplate>
    <AFAnalysisTemplate>
      <Name>Projected EOD Vol Total</Name>
      <Description />
      <OutputTime />
      <GroupID>0</GroupID>
      <CaseTemplate />
      <Target>SW: VEGA_Total_Export</Target>
      <CreateEnabled>true</CreateEnabled>
      <AFAnalysisCategoryRef>VEGA:GA_Wells</AFAnalysisCategoryRef>
      <AFAnalysisRule>
        <AFPlugIn>PerformanceEquation</AFPlugIn>
        <ConfigString>RemDay := if Hour('*') = 0 then &#xD;
	(1/24) &#xD;
else &#xD;
	(24- Hour('*') + 1)/24;&#xD;
Average := if BadVal('Total Export KBOE Rate') then &#xD;
	NoOutput() &#xD;
else &#xD;
	TagAvg('Total Export KBOE Rate' , '*'- 'Rolling Avg -Export' , '*');&#xD;
ProjectedVol := if BadVal('Total Export KBOE - RT') or BadVal(Average) or BadVal(RemDay) then &#xD;
	NoOutput() &#xD;
else &#xD;
	Round( 'Total Export KBOE - RT' + (Average * RemDay));</ConfigString>
        <VariableMapping>ProjectedVol||Total Export KBOE- Projected EOD Vol;Average||Total Export - Average;</VariableMapping>
      </AFAnalysisRule>
      <AFTimeRule>
        <AFPlugIn>Periodic</AFPlugIn>
        <ConfigString>Frequency=3600;Offset=131</ConfigString>
      </AFTimeRule>
      <SecurityAccessControl>Administrators:A(r,w,rd,wd,d,x,a,s,so,an)|Asset Analytics:A(r,w,rd,wd,x,an)|RTQP Engine:A(r,rd)|Asset Analytics Recalculation:A(x)|Notifications:A(r,w,rd,wd,an)|PIAF_ReadBasic_EUACCPICOLLAF:A(r,rd,s,an)|PIAF_Read_AST_SUKEP:A(r,rd,s,an)|PIAF_ReadWrite_AST_SUKEP:A(r,w,rd,wd,d,x,s,so,an)</SecurityAccessControl>
    </AFAnalysisTemplate>
    <AFAnalysisTemplate>
      <Name>Total Export - DT (Yesterday)</Name>
      <Description>Total Export Daily total for Yesterday</Description>
      <OutputTime />
      <GroupID>0</GroupID>
      <CaseTemplate />
      <Target>SW: VEGA_Total_Export</Target>
      <CreateEnabled>true</CreateEnabled>
      <AFAnalysisCategoryRef>VEGA:SW</AFAnalysisCategoryRef>
      <AFAnalysisRule>
        <AFPlugIn>PerformanceEquation</AFPlugIn>
        <ConfigString>TotalExportKBOEDTYest := if BadVal('Total Export KBOE - RT') then &#xD;
	Exit()&#xD;
else &#xD;
	TagMax('Total Export KBOE - RT', 't-1h', 't+1h');&#xD;
TotalExportKBOEDTYestPer := if BadVal(TotalExportKBOEDTYest) or BadVal('Total IPSC') then &#xD;
	Exit()&#xD;
else &#xD;
	(TotalExportKBOEDTYest/'Total IPSC') * 100;</ConfigString>
        <VariableMapping>TotalExportKBOEDTYestPer||Total Export KBOE - DT (Yesterday) %;TotalExportKBOEDTYest||Total Export KBOE - DT (Yesterday);</VariableMapping>
      </AFAnalysisRule>
      <AFTimeRule>
        <AFPlugIn>Periodic</AFPlugIn>
        <ConfigString>Offset=4020;Day=Sun, Mon, Tue, Wed, Thu, Fri, Sat</ConfigString>
      </AFTimeRule>
      <SecurityAccessControl>Administrators:A(r,w,rd,wd,d,x,a,s,so,an)|Asset Analytics:A(r,w,rd,wd,x,an)|RTQP Engine:A(r,rd)|Asset Analytics Recalculation:A(x)|Notifications:A(r,w,rd,wd,an)|PIAF_ReadBasic_EUACCPICOLLAF:A(r,rd,s,an)|PIAF_Read_AST_SUKEP:A(r,rd,s,an)|PIAF_ReadWrite_AST_SUKEP:A(r,w,rd,wd,d,x,s,so,an)</SecurityAccessControl>
    </AFAnalysisTemplate>
    <AFAnalysisTemplate>
      <Name>Total Export KBOE</Name>
      <Description />
      <OutputTime />
      <GroupID>0</GroupID>
      <CaseTemplate />
      <Target>SW: VEGA_Total_Export</Target>
      <CreateEnabled>true</CreateEnabled>
      <AFAnalysisCategoryRef>VEGA:SW</AFAnalysisCategoryRef>
      <AFAnalysisRule>
        <AFPlugIn>PerformanceEquation</AFPlugIn>
        <ConfigString>CurrentHourPer := //Current day's completed hour percentage&#xD;
('Hour of the Day'/24) * 100;&#xD;
TotalExportKBOERT := if BadVal('Total Export KBOE Rate') then &#xD;
	NoOutput() &#xD;
else if Hour('*') = 0 then &#xD;
	TagTot('Total Export KBOE Rate' , 'y+1h', '*')&#xD;
else &#xD;
	TagTot('Total Export KBOE Rate' , 't+1h', '*');&#xD;
TotalExportKBOERTPer := if BadVal(TotalExportKBOERT) or BadVal('Total IPSC') then &#xD;
	NoOutput() &#xD;
else &#xD;
	(TotalExportKBOERT/'Total IPSC') * 100;&#xD;
Calc := if BadVal(TotalExportKBOERTPer) or BadVal(CurrentHourPer) then &#xD;
	NoOutput() &#xD;
else if TotalExportKBOERTPer &gt; CurrentHourPer then &#xD;
	3 &#xD;
else &#xD;
	1;&#xD;
CheckBadDQ := If BadVal('PI DQ Tag') then True else False;&#xD;
Status := If 'IsPIDQUsed'then &#xD;
	If (CheckBadDQ or Not 'PI DQ Tag') then&#xD;
		   4&#xD;
	else Calc&#xD;
else Calc;</ConfigString>
        <VariableMapping>TotalExportKBOERT||Total Export KBOE - RT;TotalExportKBOERTPer||Total Export KBOE - RT %;Status||Total Export KBOE - RT Status;</VariableMapping>
      </AFAnalysisRule>
      <AFTimeRule>
        <AFPlugIn>Periodic</AFPlugIn>
        <ConfigString>Frequency=600;Offset=443</ConfigString>
      </AFTimeRule>
      <SecurityAccessControl>Administrators:A(r,w,rd,wd,d,x,a,s,so,an)|Asset Analytics:A(r,w,rd,wd,x,an)|RTQP Engine:A(r,rd)|Asset Analytics Recalculation:A(x)|Notifications:A(r,w,rd,wd,an)|PIAF_ReadBasic_EUACCPICOLLAF:A(r,rd,s,an)|PIAF_Read_AST_SUKEP:A(r,rd,s,an)|PIAF_ReadWrite_AST_SUKEP:A(r,w,rd,wd,d,x,s,so,an)</SecurityAccessControl>
    </AFAnalysisTemplate>
    <AFAnalysisTemplate>
      <Name>Total Export KBOE Rate</Name>
      <Description>Daily Total KBOE rate</Description>
      <OutputTime />
      <GroupID>0</GroupID>
      <CaseTemplate />
      <Target>SW: VEGA_Total_Export</Target>
      <CreateEnabled>true</CreateEnabled>
      <AFAnalysisCategoryRef>VEGA:SW</AFAnalysisCategoryRef>
      <AFAnalysisRule>
        <AFPlugIn>PerformanceEquation</AFPlugIn>
        <ConfigString>TotalExport_KBOE := //To calculate the total KBOE Rate&#xD;
if BadVal('Gas Export - Raw Tag') or BadVal('Oil Export - Raw Tag') &#xD;
   or BadVal('KBOE Gas Constant') or BadVal('KBOE Oil Constant') then &#xD;
	NoOutput()&#xD;
else &#xD;
	(((TagAvg('Gas Export - Raw Tag','*'- 'Rolling Avg -Total KBOE Rate','*') * 'Gas Unit Conversion Factor' * 'Gas Process Factor' )/ 'Gas Final Value Conversion Factor')* 'KBOE Gas Constant') &#xD;
	+ &#xD;
	(((TagAvg('Oil Export - Raw Tag','*'- 'Rolling Avg -Total KBOE Rate','*') * 'Oil Unit Conversion Factor' * 'Oil Process Factor' )/ 'Oil Final Value Conversion Factor') * 'KBOE Oil Constant');</ConfigString>
        <VariableMapping>TotalExport_KBOE||Total Export KBOE Rate;</VariableMapping>
      </AFAnalysisRule>
      <AFTimeRule>
        <AFPlugIn>Periodic</AFPlugIn>
        <ConfigString>Frequency=600;Offset=373</ConfigString>
      </AFTimeRule>
      <SecurityAccessControl>Administrators:A(r,w,rd,wd,d,x,a,s,so,an)|Asset Analytics:A(r,w,rd,wd,x,an)|RTQP Engine:A(r,rd)|Asset Analytics Recalculation:A(x)|Notifications:A(r,w,rd,wd,an)|PIAF_ReadBasic_EUACCPICOLLAF:A(r,rd,s,an)|PIAF_Read_AST_SUKEP:A(r,rd,s,an)|PIAF_ReadWrite_AST_SUKEP:A(r,w,rd,wd,d,x,s,so,an)</SecurityAccessControl>
    </AFAnalysisTemplate>
    <SecurityAccessControl>Administrators:A(r,w,rd,wd,d,x,a,s,so,an)|Asset Analytics:A(r,w,rd,wd,x,an)|RTQP Engine:A(r,rd)|Asset Analytics Recalculation:A(x)|Notifications:A(r,w,rd,wd,an)|PIAF_ReadBasic_EUACCPICOLLAF:A(r,rd,s,an)|PIAF_Read_AST_SUKEP:A(r,rd,s,an)|PIAF_ReadWrite_AST_SUKEP:A(r,w,rd,wd,d,x,s,so,an)</SecurityAccessControl>
  </AFElementTemplate>
</AF>