﻿<?xml version="1.0" encoding="utf-8"?>
<AF xmlns:xsi="http://www.w3.org/2001/XMLSchema-instance" xsi:noNamespaceSchemaLocation="OSIsoft.AF.xsd" SchemaVersion="2.0" SoftwareVersion="2.10.9.593" ExportMode="AllReferences, NoUniqueID, DefaultValues, Security, SimplifiedConfigStrings" PISystem="ACCPICOLL_AF" Database="Functional Calculations AST SUKEP" Description="ONLY for AST Project, Contact: Ishan Khare, Animesh Parikshya Or Rishabh Sharma || End Date: Dec 2022" Created="2022-11-21T06:52:48.0513639Z" id="b66687f8-a33d-4cf7-a6b9-41d2d9605ea9" ParentKey="cd75538e-e5d2-445c-aee0-494ed8233e64" ExportedObject="SW: VEGA_Chemicals_Methanol_Ullage_Calc" ExportedType="AFElementTemplate" Identity="ElementTemplate" PIPersist="245 {9895150E-085D-4fcb-A16D-5EF5D2527196} 2\{16f50517-ae34-45bb-943a-c4a466a280a1}\ElementTemplates[{b66687f8-a33d-4cf7-a6b9-41d2d9605ea9}]*ACCPICOLL_AF\Functional Calculations AST SUKEP\ElementTemplates[SW: VEGA_Chemicals_Methanol_Ullage_Calc]">
  <AFSecurityIdentity>
    <Name>Administrators</Name>
    <Description>Administrator security access</Description>
    <IsEnabled>true</IsEnabled>
  </AFSecurityIdentity>
  <AFSecurityIdentity>
    <Name>Asset Analytics</Name>
    <Description>PI Analysis Service security access</Description>
    <IsEnabled>true</IsEnabled>
  </AFSecurityIdentity>
  <AFSecurityIdentity>
    <Name>RTQP Engine</Name>
    <Description>RTQP Engine security access</Description>
    <IsEnabled>true</IsEnabled>
  </AFSecurityIdentity>
  <AFSecurityIdentity>
    <Name>Asset Analytics Recalculation</Name>
    <Description>PI Analysis Service recalculation/backfilling security access</Description>
    <IsEnabled>true</IsEnabled>
  </AFSecurityIdentity>
  <AFSecurityIdentity>
    <Name>Notifications</Name>
    <Description>PI Notifications Service security access</Description>
    <IsEnabled>true</IsEnabled>
  </AFSecurityIdentity>
  <AFSecurityIdentity>
    <Name>PIAF_ReadBasic_EUACCPICOLLAF</Name>
    <Description>This identity will provide global read access to EUACCPICOLLAF</Description>
    <IsEnabled>true</IsEnabled>
  </AFSecurityIdentity>
  <AFSecurityIdentity>
    <Name>PIAF_Read_AST_SUKEP</Name>
    <Description>This identity will provide read</Description>
    <IsEnabled>true</IsEnabled>
  </AFSecurityIdentity>
  <AFSecurityIdentity>
    <Name>PIAF_ReadWrite_AST_SUKEP</Name>
    <Description>This identity will provide read and write access</Description>
    <IsEnabled>true</IsEnabled>
  </AFSecurityIdentity>
  <AFElementCategory>
    <Name>Local Calculation</Name>
    <Description />
    <SecurityAccessControl>Administrators:A(r,w,rd,wd,d,x,a,s,so,an)|Asset Analytics:A(r,w,rd,wd,x,an)|RTQP Engine:A(r,rd)|Asset Analytics Recalculation:A(x)|Notifications:A(r,w,rd,wd,an)|PIAF_ReadBasic_EUACCPICOLLAF:A(r,rd,s,an)|PIAF_Read_AST_SUKEP:A(r,rd,s,an)|PIAF_ReadWrite_AST_SUKEP:A(r,w,rd,wd,d,x,s,so,an)</SecurityAccessControl>
  </AFElementCategory>
  <AFAnalysisCategory>
    <Name>VEGA:GA</Name>
    <Description />
    <SecurityAccessControl>Administrators:A(r,w,rd,wd,d,x,a,s,so,an)|Asset Analytics:A(r,w,rd,wd,x,an)|RTQP Engine:A(r,rd)|Asset Analytics Recalculation:A(x)|Notifications:A(r,w,rd,wd,an)|PIAF_ReadBasic_EUACCPICOLLAF:A(r,rd,s,an)|PIAF_Read_AST_SUKEP:A(r,rd,s,an)|PIAF_ReadWrite_AST_SUKEP:A(r,w,rd,wd,d,x,s,so,an)</SecurityAccessControl>
  </AFAnalysisCategory>
  <AFAnalysisCategory>
    <Name>GA: VEGA_Events</Name>
    <Description />
    <SecurityAccessControl>Administrators:A(r,w,rd,wd,d,x,a,s,so,an)|Asset Analytics:A(r,w,rd,wd,x,an)|RTQP Engine:A(r,rd)|Asset Analytics Recalculation:A(x)|Notifications:A(r,w,rd,wd,an)|PIAF_ReadBasic_EUACCPICOLLAF:A(r,rd,s,an)|PIAF_Read_AST_SUKEP:A(r,rd,s,an)|PIAF_ReadWrite_AST_SUKEP:A(r,w,rd,wd,d,x,s,so,an)</SecurityAccessControl>
  </AFAnalysisCategory>
  <AFElementTemplate>
    <Name>Local Calculation Templates</Name>
    <Description>This is the base template from which all Local calculations should derive, if they do not derive from this template, they will be deleted by the sync.</Description>
    <BaseTemplateOnly>false</BaseTemplateOnly>
    <BaseTemplate />
    <Type>None</Type>
    <InstanceType>Element</InstanceType>
    <AllowElementToExtend>false</AllowElementToExtend>
    <DefaultAttribute />
    <NamingPattern />
    <DefaultInputPort />
    <DefaultOutputPort />
    <DefaultUndirectedPort />
    <AFElementCategoryRef>Local Calculation</AFElementCategoryRef>
    <AFAttributeTemplate>
      <Name>Calculation Owner</Name>
      <Description>See [https://eu001-sp.shell.com/sites/AAAAB2614/TDM/Lists/DVO%20Contact%20List/AllItems.aspx] this should be specified before calculation is promoted to production.</Description>
      <IsHidden>false</IsHidden>
      <IsManualDataEntry>false</IsManualDataEntry>
      <IsConfigurationItem>false</IsConfigurationItem>
      <IsExcluded>false</IsExcluded>
      <IsIndexed>false</IsIndexed>
      <Trait />
      <DefaultUOM />
      <DisplayDigits>-5</DisplayDigits>
      <Type>String</Type>
      <TypeQualifier />
      <Value type="String">Carl Gerrard</Value>
      <DataReference />
      <AFAttributeCategoryRef>Shell Required Parameters</AFAttributeCategoryRef>
    </AFAttributeTemplate>
    <AFAttributeTemplate>
      <Name>Data Value Owner</Name>
      <Description>Defines the calculation result owner</Description>
      <IsHidden>false</IsHidden>
      <IsManualDataEntry>false</IsManualDataEntry>
      <IsConfigurationItem>false</IsConfigurationItem>
      <IsExcluded>false</IsExcluded>
      <IsIndexed>false</IsIndexed>
      <Trait />
      <DefaultUOM />
      <DisplayDigits>-5</DisplayDigits>
      <Type>String</Type>
      <TypeQualifier />
      <Value type="String">Carl Gerrard</Value>
      <DataReference />
      <AFAttributeCategoryRef>General</AFAttributeCategoryRef>
    </AFAttributeTemplate>
    <AFAttributeTemplate>
      <Name>Parent GUID</Name>
      <Description>EDAM GUID of Parent of this calculation, used when sending events to Event Collector.</Description>
      <IsHidden>false</IsHidden>
      <IsManualDataEntry>false</IsManualDataEntry>
      <IsConfigurationItem>false</IsConfigurationItem>
      <IsExcluded>false</IsExcluded>
      <IsIndexed>false</IsIndexed>
      <Trait />
      <DefaultUOM />
      <DisplayDigits>-5</DisplayDigits>
      <Type>String</Type>
      <TypeQualifier />
      <Value type="String"></Value>
      <DataReference>String Builder</DataReference>
      <ConfigString>'..\|GlobalUniqueID';</ConfigString>
      <AFAttributeCategoryRef>Shell Required Parameters</AFAttributeCategoryRef>
    </AFAttributeTemplate>
    <AFAttributeTemplate>
      <Name>Parent Name</Name>
      <Description>Name of parent element to this caculation.</Description>
      <IsHidden>false</IsHidden>
      <IsManualDataEntry>false</IsManualDataEntry>
      <IsConfigurationItem>false</IsConfigurationItem>
      <IsExcluded>false</IsExcluded>
      <IsIndexed>false</IsIndexed>
      <Trait />
      <DefaultUOM />
      <DisplayDigits>-5</DisplayDigits>
      <Type>String</Type>
      <TypeQualifier />
      <Value type="String"></Value>
      <DataReference>String Builder</DataReference>
      <ConfigString>"%..\Element%";</ConfigString>
      <AFAttributeCategoryRef>Shell Required Parameters</AFAttributeCategoryRef>
    </AFAttributeTemplate>
    <AFAttributeTemplate>
      <Name>Template Status</Name>
      <Description>Defines the status of the template</Description>
      <IsHidden>false</IsHidden>
      <IsManualDataEntry>false</IsManualDataEntry>
      <IsConfigurationItem>false</IsConfigurationItem>
      <IsExcluded>false</IsExcluded>
      <IsIndexed>false</IsIndexed>
      <Trait />
      <DefaultUOM />
      <DisplayDigits>-5</DisplayDigits>
      <Type>String</Type>
      <TypeQualifier />
      <Value type="String">In Acceptance</Value>
      <DataReference />
      <AFAttributeCategoryRef>General</AFAttributeCategoryRef>
    </AFAttributeTemplate>
    <SecurityAccessControl>Administrators:A(r,w,rd,wd,d,x,a,s,so,an)|Asset Analytics:A(r,w,rd,wd,x,an)|RTQP Engine:A(r,rd)|Asset Analytics Recalculation:A(x)|Notifications:A(r,w,rd,wd,an)|PIAF_ReadBasic_EUACCPICOLLAF:A(r,rd,s,an)|PIAF_Read_AST_SUKEP:A(r,rd,s,an)|PIAF_ReadWrite_AST_SUKEP:A(r,w,rd,wd,d,x,s,so,an)</SecurityAccessControl>
  </AFElementTemplate>
  <AFElementTemplate>
    <Name>SUKEP</Name>
    <Description>Parant Tempate of SUKEP's Template</Description>
    <BaseTemplateOnly>false</BaseTemplateOnly>
    <BaseTemplate>Local Calculation Templates</BaseTemplate>
    <Type>None</Type>
    <InstanceType>Element</InstanceType>
    <AllowElementToExtend>false</AllowElementToExtend>
    <DefaultAttribute />
    <NamingPattern />
    <DefaultInputPort />
    <DefaultOutputPort />
    <DefaultUndirectedPort />
    <SecurityAccessControl>Administrators:A(r,w,rd,wd,d,x,a,s,so,an)|Asset Analytics:A(r,w,rd,wd,x,an)|RTQP Engine:A(r,rd)|Asset Analytics Recalculation:A(x)|Notifications:A(r,w,rd,wd,an)|PIAF_ReadBasic_EUACCPICOLLAF:A(r,rd,s,an)|PIAF_Read_AST_SUKEP:A(r,rd,s,an)|PIAF_ReadWrite_AST_SUKEP:A(r,w,rd,wd,d,x,s,so,an)</SecurityAccessControl>
  </AFElementTemplate>
  <AFElementTemplate>
    <Name>VEGA</Name>
    <Description />
    <BaseTemplateOnly>false</BaseTemplateOnly>
    <BaseTemplate>SUKEP</BaseTemplate>
    <Type>None</Type>
    <InstanceType>Element</InstanceType>
    <AllowElementToExtend>false</AllowElementToExtend>
    <DefaultAttribute />
    <NamingPattern />
    <DefaultInputPort />
    <DefaultOutputPort />
    <DefaultUndirectedPort />
    <AFAttributeTemplate>
      <Name>IsPIDQUsed</Name>
      <Description />
      <IsHidden>false</IsHidden>
      <IsManualDataEntry>false</IsManualDataEntry>
      <IsConfigurationItem>false</IsConfigurationItem>
      <IsExcluded>false</IsExcluded>
      <IsIndexed>false</IsIndexed>
      <Trait />
      <DefaultUOM />
      <DisplayDigits>-5</DisplayDigits>
      <Type>Boolean</Type>
      <TypeQualifier />
      <Value type="Boolean">True</Value>
      <DataReference />
      <AFAttributeCategoryRef>Required attributes</AFAttributeCategoryRef>
    </AFAttributeTemplate>
    <AFAttributeTemplate>
      <Name>PI DQ Tag</Name>
      <Description />
      <IsHidden>false</IsHidden>
      <IsManualDataEntry>false</IsManualDataEntry>
      <IsConfigurationItem>false</IsConfigurationItem>
      <IsExcluded>false</IsExcluded>
      <IsIndexed>false</IsIndexed>
      <Trait />
      <DefaultUOM />
      <DisplayDigits>-5</DisplayDigits>
      <Type>Double</Type>
      <TypeQualifier />
      <Value type="Double">1</Value>
      <DataReference />
      <AFAttributeCategoryRef>Input Tags</AFAttributeCategoryRef>
    </AFAttributeTemplate>
    <SecurityAccessControl>Administrators:A(r,w,rd,wd,d,x,a,s,so,an)|Asset Analytics:A(r,w,rd,wd,x,an)|RTQP Engine:A(r,rd)|Asset Analytics Recalculation:A(x)|Notifications:A(r,w,rd,wd,an)|PIAF_ReadBasic_EUACCPICOLLAF:A(r,rd,s,an)|PIAF_Read_AST_SUKEP:A(r,rd,s,an)|PIAF_ReadWrite_AST_SUKEP:A(r,w,rd,wd,d,x,s,so,an)</SecurityAccessControl>
  </AFElementTemplate>
  <AFElementTemplate>
    <Name>SW: VEGA</Name>
    <Description />
    <BaseTemplateOnly>false</BaseTemplateOnly>
    <BaseTemplate>VEGA</BaseTemplate>
    <Type>None</Type>
    <InstanceType>Element</InstanceType>
    <AllowElementToExtend>false</AllowElementToExtend>
    <DefaultAttribute />
    <NamingPattern />
    <DefaultInputPort />
    <DefaultOutputPort />
    <DefaultUndirectedPort />
    <AFElementCategoryRef>Local Calculation</AFElementCategoryRef>
    <SecurityAccessControl>Administrators:A(r,w,rd,wd,d,x,a,s,so,an)|Asset Analytics:A(r,w,rd,wd,x,an)|RTQP Engine:A(r,rd)|Asset Analytics Recalculation:A(x)|Notifications:A(r,w,rd,wd,an)|PIAF_ReadBasic_EUACCPICOLLAF:A(r,rd,s,an)|PIAF_Read_AST_SUKEP:A(r,rd,s,an)|PIAF_ReadWrite_AST_SUKEP:A(r,w,rd,wd,d,x,s,so,an)</SecurityAccessControl>
  </AFElementTemplate>
  <AFElementTemplate>
    <Name>SW: VEGA_Chemicals</Name>
    <Description />
    <BaseTemplateOnly>false</BaseTemplateOnly>
    <BaseTemplate>SW: VEGA</BaseTemplate>
    <Type>None</Type>
    <InstanceType>Element</InstanceType>
    <AllowElementToExtend>false</AllowElementToExtend>
    <DefaultAttribute />
    <NamingPattern />
    <DefaultInputPort />
    <DefaultOutputPort />
    <DefaultUndirectedPort />
    <AFElementCategoryRef>Local Calculation</AFElementCategoryRef>
    <SecurityAccessControl>Administrators:A(r,w,rd,wd,d,x,a,s,so,an)|Asset Analytics:A(r,w,rd,wd,x,an)|RTQP Engine:A(r,rd)|Asset Analytics Recalculation:A(x)|Notifications:A(r,w,rd,wd,an)|PIAF_ReadBasic_EUACCPICOLLAF:A(r,rd,s,an)|PIAF_Read_AST_SUKEP:A(r,rd,s,an)|PIAF_ReadWrite_AST_SUKEP:A(r,w,rd,wd,d,x,s,so,an)</SecurityAccessControl>
  </AFElementTemplate>
  <AFElementTemplate>
    <Name>SW: VEGA_Chemicals_Methanol_Ullage_Calc</Name>
    <Description />
    <BaseTemplateOnly>false</BaseTemplateOnly>
    <BaseTemplate>SW: VEGA_Chemicals</BaseTemplate>
    <Type>None</Type>
    <InstanceType>Element</InstanceType>
    <AllowElementToExtend>false</AllowElementToExtend>
    <DefaultAttribute />
    <NamingPattern />
    <DefaultInputPort />
    <DefaultOutputPort />
    <DefaultUndirectedPort />
    <AFAttributeTemplate>
      <Name>Current Flow Rate T-7401</Name>
      <Description />
      <IsHidden>false</IsHidden>
      <IsManualDataEntry>false</IsManualDataEntry>
      <IsConfigurationItem>false</IsConfigurationItem>
      <IsExcluded>false</IsExcluded>
      <IsIndexed>false</IsIndexed>
      <Trait />
      <DefaultUOM />
      <DisplayDigits>-5</DisplayDigits>
      <Type>Double</Type>
      <TypeQualifier />
      <Value type="Double">0</Value>
      <DataReference>PI Point</DataReference>
      <ConfigString>\\accpicoll\%Element%.%Attribute%.%ID%</ConfigString>
      <AFAttributeCategoryRef>Output Tags</AFAttributeCategoryRef>
    </AFAttributeTemplate>
    <AFAttributeTemplate>
      <Name>Current Flow Rate T-7402</Name>
      <Description />
      <IsHidden>false</IsHidden>
      <IsManualDataEntry>false</IsManualDataEntry>
      <IsConfigurationItem>false</IsConfigurationItem>
      <IsExcluded>false</IsExcluded>
      <IsIndexed>false</IsIndexed>
      <Trait />
      <DefaultUOM />
      <DisplayDigits>-5</DisplayDigits>
      <Type>Double</Type>
      <TypeQualifier />
      <Value type="Double">0</Value>
      <DataReference>PI Point</DataReference>
      <ConfigString>\\accpicoll\%Element%.%Attribute%.%ID%</ConfigString>
      <AFAttributeCategoryRef>Output Tags</AFAttributeCategoryRef>
    </AFAttributeTemplate>
    <AFAttributeTemplate>
      <Name>Current Storage Percentage T-7401</Name>
      <Description />
      <IsHidden>false</IsHidden>
      <IsManualDataEntry>false</IsManualDataEntry>
      <IsConfigurationItem>false</IsConfigurationItem>
      <IsExcluded>false</IsExcluded>
      <IsIndexed>false</IsIndexed>
      <Trait />
      <DefaultUOM />
      <DisplayDigits>-5</DisplayDigits>
      <Type>Single</Type>
      <TypeQualifier />
      <Value type="Single">0</Value>
      <DataReference>PI Point</DataReference>
      <ConfigString>\\UPPICOLL\%Element%.%Attribute%.%ID%</ConfigString>
      <AFAttributeCategoryRef>Input Tags</AFAttributeCategoryRef>
    </AFAttributeTemplate>
    <AFAttributeTemplate>
      <Name>Current Storage Percentage T-7402</Name>
      <Description />
      <IsHidden>false</IsHidden>
      <IsManualDataEntry>false</IsManualDataEntry>
      <IsConfigurationItem>false</IsConfigurationItem>
      <IsExcluded>false</IsExcluded>
      <IsIndexed>false</IsIndexed>
      <Trait />
      <DefaultUOM />
      <DisplayDigits>-5</DisplayDigits>
      <Type>Single</Type>
      <TypeQualifier />
      <Value type="Single">0</Value>
      <DataReference>PI Point</DataReference>
      <ConfigString>\\UPPICOLL\%Element%.%Attribute%.%ID%</ConfigString>
      <AFAttributeCategoryRef>Input Tags</AFAttributeCategoryRef>
    </AFAttributeTemplate>
    <AFAttributeTemplate>
      <Name>Hour of the Day</Name>
      <Description>Hour of the Day</Description>
      <IsHidden>false</IsHidden>
      <IsManualDataEntry>false</IsManualDataEntry>
      <IsConfigurationItem>false</IsConfigurationItem>
      <IsExcluded>false</IsExcluded>
      <IsIndexed>false</IsIndexed>
      <Trait />
      <DefaultUOM />
      <DisplayDigits>-5</DisplayDigits>
      <Type>Single</Type>
      <TypeQualifier />
      <Value type="Single">0</Value>
      <DataReference>PI Point</DataReference>
      <ConfigString>\\accpicoll\%Element%.%Attribute%.%ID%</ConfigString>
      <AFAttributeCategoryRef>Input Tags</AFAttributeCategoryRef>
    </AFAttributeTemplate>
    <AFAttributeTemplate>
      <Name>Remaining Volume T-7401</Name>
      <Description />
      <IsHidden>false</IsHidden>
      <IsManualDataEntry>false</IsManualDataEntry>
      <IsConfigurationItem>false</IsConfigurationItem>
      <IsExcluded>false</IsExcluded>
      <IsIndexed>false</IsIndexed>
      <Trait />
      <DefaultUOM />
      <DisplayDigits>-5</DisplayDigits>
      <Type>Double</Type>
      <TypeQualifier />
      <Value type="Double">0</Value>
      <DataReference>PI Point</DataReference>
      <ConfigString>\\accpicoll\%Element%.%Attribute%.%ID%</ConfigString>
      <AFAttributeCategoryRef>Output Tags</AFAttributeCategoryRef>
    </AFAttributeTemplate>
    <AFAttributeTemplate>
      <Name>Remaining Volume T-7401 Filtered</Name>
      <Description />
      <IsHidden>false</IsHidden>
      <IsManualDataEntry>false</IsManualDataEntry>
      <IsConfigurationItem>false</IsConfigurationItem>
      <IsExcluded>false</IsExcluded>
      <IsIndexed>false</IsIndexed>
      <Trait />
      <DefaultUOM />
      <DisplayDigits>-5</DisplayDigits>
      <Type>Double</Type>
      <TypeQualifier />
      <Value type="Double">0</Value>
      <DataReference>PI Point</DataReference>
      <ConfigString>\\accpicoll\%Element%.%Attribute%.%ID%</ConfigString>
      <AFAttributeCategoryRef>Output Tags</AFAttributeCategoryRef>
    </AFAttributeTemplate>
    <AFAttributeTemplate>
      <Name>Remaining Volume T-7402</Name>
      <Description />
      <IsHidden>false</IsHidden>
      <IsManualDataEntry>false</IsManualDataEntry>
      <IsConfigurationItem>false</IsConfigurationItem>
      <IsExcluded>false</IsExcluded>
      <IsIndexed>false</IsIndexed>
      <Trait />
      <DefaultUOM />
      <DisplayDigits>-5</DisplayDigits>
      <Type>Double</Type>
      <TypeQualifier />
      <Value type="Double">0</Value>
      <DataReference>PI Point</DataReference>
      <ConfigString>\\accpicoll\%Element%.%Attribute%.%ID%</ConfigString>
      <AFAttributeCategoryRef>Output Tags</AFAttributeCategoryRef>
    </AFAttributeTemplate>
    <AFAttributeTemplate>
      <Name>Remaining Volume T-7402 Filtered</Name>
      <Description />
      <IsHidden>false</IsHidden>
      <IsManualDataEntry>false</IsManualDataEntry>
      <IsConfigurationItem>false</IsConfigurationItem>
      <IsExcluded>false</IsExcluded>
      <IsIndexed>false</IsIndexed>
      <Trait />
      <DefaultUOM />
      <DisplayDigits>-5</DisplayDigits>
      <Type>Double</Type>
      <TypeQualifier />
      <Value type="Double">0</Value>
      <DataReference>PI Point</DataReference>
      <ConfigString>\\accpicoll\%Element%.%Attribute%.%ID%</ConfigString>
      <AFAttributeCategoryRef>Output Tags</AFAttributeCategoryRef>
    </AFAttributeTemplate>
    <AFAttributeTemplate>
      <Name>Rolling Average Period</Name>
      <Description>(In Mins)</Description>
      <IsHidden>false</IsHidden>
      <IsManualDataEntry>false</IsManualDataEntry>
      <IsConfigurationItem>false</IsConfigurationItem>
      <IsExcluded>false</IsExcluded>
      <IsIndexed>false</IsIndexed>
      <Trait />
      <DefaultUOM />
      <DisplayDigits>-5</DisplayDigits>
      <Type>Double</Type>
      <TypeQualifier />
      <Value type="Double">10</Value>
      <DataReference />
      <AFAttributeCategoryRef>Required attributes</AFAttributeCategoryRef>
    </AFAttributeTemplate>
    <AFAttributeTemplate>
      <Name>Storage Capacity Volume T-7401</Name>
      <Description />
      <IsHidden>false</IsHidden>
      <IsManualDataEntry>false</IsManualDataEntry>
      <IsConfigurationItem>false</IsConfigurationItem>
      <IsExcluded>false</IsExcluded>
      <IsIndexed>false</IsIndexed>
      <Trait />
      <DefaultUOM />
      <DisplayDigits>-5</DisplayDigits>
      <Type>Double</Type>
      <TypeQualifier />
      <Value type="Double">22.5</Value>
      <DataReference />
      <AFAttributeCategoryRef>Required attributes</AFAttributeCategoryRef>
    </AFAttributeTemplate>
    <AFAttributeTemplate>
      <Name>Storage Capacity Volume T-7402</Name>
      <Description />
      <IsHidden>false</IsHidden>
      <IsManualDataEntry>false</IsManualDataEntry>
      <IsConfigurationItem>false</IsConfigurationItem>
      <IsExcluded>false</IsExcluded>
      <IsIndexed>false</IsIndexed>
      <Trait />
      <DefaultUOM />
      <DisplayDigits>-5</DisplayDigits>
      <Type>Double</Type>
      <TypeQualifier />
      <Value type="Double">22.5</Value>
      <DataReference />
      <AFAttributeCategoryRef>Required attributes</AFAttributeCategoryRef>
    </AFAttributeTemplate>
    <AFAttributeTemplate>
      <Name>Time To Empty T-7401</Name>
      <Description />
      <IsHidden>false</IsHidden>
      <IsManualDataEntry>false</IsManualDataEntry>
      <IsConfigurationItem>false</IsConfigurationItem>
      <IsExcluded>false</IsExcluded>
      <IsIndexed>false</IsIndexed>
      <Trait />
      <DefaultUOM />
      <DisplayDigits>-5</DisplayDigits>
      <Type>Double</Type>
      <TypeQualifier />
      <Value type="Double">0</Value>
      <DataReference>PI Point</DataReference>
      <ConfigString>\\accpicoll\%Element%.%Attribute%.%ID%</ConfigString>
      <AFAttributeCategoryRef>Output Tags</AFAttributeCategoryRef>
    </AFAttributeTemplate>
    <AFAttributeTemplate>
      <Name>Time To Empty T-7401 Text</Name>
      <Description />
      <IsHidden>false</IsHidden>
      <IsManualDataEntry>false</IsManualDataEntry>
      <IsConfigurationItem>false</IsConfigurationItem>
      <IsExcluded>false</IsExcluded>
      <IsIndexed>false</IsIndexed>
      <Trait />
      <DefaultUOM />
      <DisplayDigits>-5</DisplayDigits>
      <Type>Double</Type>
      <TypeQualifier />
      <Value type="Double">0</Value>
      <DataReference>PI Point</DataReference>
      <ConfigString>\\accpicoll\%Element%.%Attribute%.%ID%</ConfigString>
      <AFAttributeCategoryRef>Output Tags</AFAttributeCategoryRef>
    </AFAttributeTemplate>
    <AFAttributeTemplate>
      <Name>Time To Empty T-7402</Name>
      <Description />
      <IsHidden>false</IsHidden>
      <IsManualDataEntry>false</IsManualDataEntry>
      <IsConfigurationItem>false</IsConfigurationItem>
      <IsExcluded>false</IsExcluded>
      <IsIndexed>false</IsIndexed>
      <Trait />
      <DefaultUOM />
      <DisplayDigits>-5</DisplayDigits>
      <Type>Double</Type>
      <TypeQualifier />
      <Value type="Double">0</Value>
      <DataReference>PI Point</DataReference>
      <ConfigString>\\accpicoll\%Element%.%Attribute%.%ID%</ConfigString>
      <AFAttributeCategoryRef>Output Tags</AFAttributeCategoryRef>
    </AFAttributeTemplate>
    <AFAttributeTemplate>
      <Name>Time To Empty T-7402 Text</Name>
      <Description />
      <IsHidden>false</IsHidden>
      <IsManualDataEntry>false</IsManualDataEntry>
      <IsConfigurationItem>false</IsConfigurationItem>
      <IsExcluded>false</IsExcluded>
      <IsIndexed>false</IsIndexed>
      <Trait />
      <DefaultUOM />
      <DisplayDigits>-5</DisplayDigits>
      <Type>Double</Type>
      <TypeQualifier />
      <Value type="Double">0</Value>
      <DataReference>PI Point</DataReference>
      <ConfigString>\\accpicoll\%Element%.%Attribute%.%ID%</ConfigString>
      <AFAttributeCategoryRef>Output Tags</AFAttributeCategoryRef>
    </AFAttributeTemplate>
    <AFAttributeTemplate>
      <Name>Total Flow Rate</Name>
      <Description />
      <IsHidden>false</IsHidden>
      <IsManualDataEntry>false</IsManualDataEntry>
      <IsConfigurationItem>false</IsConfigurationItem>
      <IsExcluded>false</IsExcluded>
      <IsIndexed>false</IsIndexed>
      <Trait />
      <DefaultUOM />
      <DisplayDigits>-5</DisplayDigits>
      <Type>Double</Type>
      <TypeQualifier />
      <Value type="Double">0</Value>
      <DataReference>PI Point</DataReference>
      <ConfigString>\\accpicoll\%Element%.%Attribute%.%ID%</ConfigString>
      <AFAttributeCategoryRef>Output Tags</AFAttributeCategoryRef>
    </AFAttributeTemplate>
    <AFAttributeTemplate>
      <Name>Total Remaining Volume FIltered</Name>
      <Description />
      <IsHidden>false</IsHidden>
      <IsManualDataEntry>false</IsManualDataEntry>
      <IsConfigurationItem>false</IsConfigurationItem>
      <IsExcluded>false</IsExcluded>
      <IsIndexed>false</IsIndexed>
      <Trait />
      <DefaultUOM />
      <DisplayDigits>-5</DisplayDigits>
      <Type>Double</Type>
      <TypeQualifier />
      <Value type="Double">0</Value>
      <DataReference>PI Point</DataReference>
      <ConfigString>\\accpicoll\%Element%.%Attribute%.%ID%</ConfigString>
      <AFAttributeCategoryRef>Output Tags</AFAttributeCategoryRef>
    </AFAttributeTemplate>
    <AFAttributeTemplate>
      <Name>Total Storage Capacity Volume</Name>
      <Description />
      <IsHidden>false</IsHidden>
      <IsManualDataEntry>false</IsManualDataEntry>
      <IsConfigurationItem>false</IsConfigurationItem>
      <IsExcluded>false</IsExcluded>
      <IsIndexed>false</IsIndexed>
      <Trait />
      <DefaultUOM />
      <DisplayDigits>-5</DisplayDigits>
      <Type>Double</Type>
      <TypeQualifier />
      <Value type="Double">45</Value>
      <DataReference />
      <AFAttributeCategoryRef>Required attributes</AFAttributeCategoryRef>
    </AFAttributeTemplate>
    <AFAttributeTemplate>
      <Name>Total Ullage</Name>
      <Description />
      <IsHidden>false</IsHidden>
      <IsManualDataEntry>false</IsManualDataEntry>
      <IsConfigurationItem>false</IsConfigurationItem>
      <IsExcluded>false</IsExcluded>
      <IsIndexed>false</IsIndexed>
      <Trait />
      <DefaultUOM />
      <DisplayDigits>-5</DisplayDigits>
      <Type>Double</Type>
      <TypeQualifier />
      <Value type="Double">0</Value>
      <DataReference>PI Point</DataReference>
      <ConfigString>\\accpicoll\%Element%.%Attribute%.%ID%</ConfigString>
      <AFAttributeCategoryRef>Output Tags</AFAttributeCategoryRef>
    </AFAttributeTemplate>
    <AFAttributeTemplate>
      <Name>Volume Used Today T-7401</Name>
      <Description>Volume Used Today till now T-7401</Description>
      <IsHidden>false</IsHidden>
      <IsManualDataEntry>false</IsManualDataEntry>
      <IsConfigurationItem>false</IsConfigurationItem>
      <IsExcluded>false</IsExcluded>
      <IsIndexed>false</IsIndexed>
      <Trait />
      <DefaultUOM />
      <DisplayDigits>-5</DisplayDigits>
      <Type>Double</Type>
      <TypeQualifier />
      <Value type="Double">0</Value>
      <DataReference>PI Point</DataReference>
      <ConfigString>\\accpicoll\%Element%.%Attribute%.%ID%</ConfigString>
      <AFAttributeCategoryRef>Output Tags</AFAttributeCategoryRef>
    </AFAttributeTemplate>
    <AFAttributeTemplate>
      <Name>Volume Used Today T-7402</Name>
      <Description>Volume Used Today till now T-7401</Description>
      <IsHidden>false</IsHidden>
      <IsManualDataEntry>false</IsManualDataEntry>
      <IsConfigurationItem>false</IsConfigurationItem>
      <IsExcluded>false</IsExcluded>
      <IsIndexed>false</IsIndexed>
      <Trait />
      <DefaultUOM />
      <DisplayDigits>-5</DisplayDigits>
      <Type>Double</Type>
      <TypeQualifier />
      <Value type="Double">0</Value>
      <DataReference>PI Point</DataReference>
      <ConfigString>\\accpicoll\%Element%.%Attribute%.%ID%</ConfigString>
      <AFAttributeCategoryRef>Output Tags</AFAttributeCategoryRef>
    </AFAttributeTemplate>
    <AFAttributeTemplate>
      <Name>Volume Used Yesterday T-7401</Name>
      <Description>Volume Used Yesterday T-7401</Description>
      <IsHidden>false</IsHidden>
      <IsManualDataEntry>false</IsManualDataEntry>
      <IsConfigurationItem>false</IsConfigurationItem>
      <IsExcluded>false</IsExcluded>
      <IsIndexed>false</IsIndexed>
      <Trait />
      <DefaultUOM />
      <DisplayDigits>-5</DisplayDigits>
      <Type>Double</Type>
      <TypeQualifier />
      <Value type="Double">0</Value>
      <DataReference>PI Point</DataReference>
      <ConfigString>\\accpicoll\%Element%.%Attribute%.%ID%</ConfigString>
      <AFAttributeCategoryRef>Output Tags</AFAttributeCategoryRef>
    </AFAttributeTemplate>
    <AFAttributeTemplate>
      <Name>Volume Used Yesterday T-7402</Name>
      <Description>Volume Used Yesterday T-7401</Description>
      <IsHidden>false</IsHidden>
      <IsManualDataEntry>false</IsManualDataEntry>
      <IsConfigurationItem>false</IsConfigurationItem>
      <IsExcluded>false</IsExcluded>
      <IsIndexed>false</IsIndexed>
      <Trait />
      <DefaultUOM />
      <DisplayDigits>-5</DisplayDigits>
      <Type>Double</Type>
      <TypeQualifier />
      <Value type="Double">0</Value>
      <DataReference>PI Point</DataReference>
      <ConfigString>\\accpicoll\%Element%.%Attribute%.%ID%</ConfigString>
      <AFAttributeCategoryRef>Output Tags</AFAttributeCategoryRef>
    </AFAttributeTemplate>
    <AFAnalysisTemplate>
      <Name>Individual Tank Time to Empty (TTE)</Name>
      <Description />
      <OutputTime />
      <GroupID>0</GroupID>
      <CaseTemplate />
      <Target>SW: VEGA_Chemicals_Methanol_Ullage_Calc</Target>
      <CreateEnabled>true</CreateEnabled>
      <AFAnalysisCategoryRef>VEGA:GA</AFAnalysisCategoryRef>
      <AFAnalysisRule>
        <AFPlugIn>PerformanceEquation</AFPlugIn>
        <ConfigString>Variable1 := if BadVal('Current Flow Rate T-7401') or BadVal('Remaining Volume T-7401 Filtered') then Exit() else if 'Current Flow Rate T-7401' &gt; 0 then 'Remaining Volume T-7401 Filtered'/'Current Flow Rate T-7401' else NoOutput();&#xD;
Variable2 := if BadVal('Current Flow Rate T-7402') or BadVal('Remaining Volume T-7402 Filtered') then Exit() else if 'Current Flow Rate T-7402' &gt; 0 then 'Remaining Volume T-7402 Filtered'/'Current Flow Rate T-7402' else NoOutput();</ConfigString>
        <VariableMapping>Variable1||Time To Empty T-7401;Variable2||Time To Empty T-7402;</VariableMapping>
      </AFAnalysisRule>
      <AFTimeRule>
        <AFPlugIn>Natural</AFPlugIn>
        <ConfigString />
      </AFTimeRule>
      <SecurityAccessControl>Administrators:A(r,w,rd,wd,d,x,a,s,so,an)|Asset Analytics:A(r,w,rd,wd,x,an)|RTQP Engine:A(r,rd)|Asset Analytics Recalculation:A(x)|Notifications:A(r,w,rd,wd,an)|PIAF_ReadBasic_EUACCPICOLLAF:A(r,rd,s,an)|PIAF_Read_AST_SUKEP:A(r,rd,s,an)|PIAF_ReadWrite_AST_SUKEP:A(r,w,rd,wd,d,x,s,so,an)</SecurityAccessControl>
    </AFAnalysisTemplate>
    <AFAnalysisTemplate>
      <Name>Individual Tank Time to Empty (TTE)- Text</Name>
      <Description />
      <OutputTime />
      <GroupID>0</GroupID>
      <CaseTemplate />
      <Target>SW: VEGA_Chemicals_Methanol_Ullage_Calc</Target>
      <CreateEnabled>true</CreateEnabled>
      <AFAnalysisCategoryRef>VEGA:GA</AFAnalysisCategoryRef>
      <AFAnalysisRule>
        <AFPlugIn>PerformanceEquation</AFPlugIn>
        <ConfigString>Variable1 := if BadVal('Current Flow Rate T-7401') or BadVal('Time To Empty T-7401') then Exit() else if 'Current Flow Rate T-7401' = 0 then "Tank T-7401 Not Flowing" else String('Time To Empty T-7401');&#xD;
Variable2 := if BadVal('Current Flow Rate T-7402') or BadVal('Time To Empty T-7402') then Exit() else if 'Current Flow Rate T-7402' = 0 then "Tank T-7402 Not Flowing" else String('Time To Empty T-7402');</ConfigString>
        <VariableMapping>Variable1||Time To Empty T-7401 Text;Variable2||Time To Empty T-7402 Text;</VariableMapping>
      </AFAnalysisRule>
      <AFTimeRule>
        <AFPlugIn>Natural</AFPlugIn>
        <ConfigString />
      </AFTimeRule>
      <SecurityAccessControl>Administrators:A(r,w,rd,wd,d,x,a,s,so,an)|Asset Analytics:A(r,w,rd,wd,x,an)|RTQP Engine:A(r,rd)|Asset Analytics Recalculation:A(x)|Notifications:A(r,w,rd,wd,an)|PIAF_ReadBasic_EUACCPICOLLAF:A(r,rd,s,an)|PIAF_Read_AST_SUKEP:A(r,rd,s,an)|PIAF_ReadWrite_AST_SUKEP:A(r,w,rd,wd,d,x,s,so,an)</SecurityAccessControl>
    </AFAnalysisTemplate>
    <AFAnalysisTemplate>
      <Name>Methanol Flow Rate</Name>
      <Description />
      <OutputTime />
      <GroupID>0</GroupID>
      <CaseTemplate />
      <Target>SW: VEGA_Chemicals_Methanol_Ullage_Calc</Target>
      <CreateEnabled>true</CreateEnabled>
      <AFAnalysisCategoryRef>VEGA:GA</AFAnalysisCategoryRef>
      <AFAnalysisRule>
        <AFPlugIn>PerformanceEquation</AFPlugIn>
        <ConfigString>RateT7401 := if BadVal('Remaining Volume T-7401 Filtered') then Exit() else TagVal('Remaining Volume T-7401 Filtered','*-1h') - TagVal('Remaining Volume T-7401 Filtered','*');&#xD;
RateT7402 := if BadVal('Remaining Volume T-7401 Filtered') then Exit() else TagVal('Remaining Volume T-7402 Filtered','*-1h') - TagVal('Remaining Volume T-7402 Filtered','*');&#xD;
TotalRate := if BadVal(RateT7401) or BadVal(RateT7402) then Exit() else RateT7401 + RateT7402;</ConfigString>
        <VariableMapping>RateT7401||Current Flow Rate T-7401;RateT7402||Current Flow Rate T-7402;TotalRate||Total Flow Rate;</VariableMapping>
      </AFAnalysisRule>
      <AFTimeRule>
        <AFPlugIn>Natural</AFPlugIn>
        <ConfigString />
      </AFTimeRule>
      <SecurityAccessControl>Administrators:A(r,w,rd,wd,d,x,a,s,so,an)|Asset Analytics:A(r,w,rd,wd,x,an)|RTQP Engine:A(r,rd)|Asset Analytics Recalculation:A(x)|Notifications:A(r,w,rd,wd,an)|PIAF_ReadBasic_EUACCPICOLLAF:A(r,rd,s,an)|PIAF_Read_AST_SUKEP:A(r,rd,s,an)|PIAF_ReadWrite_AST_SUKEP:A(r,w,rd,wd,d,x,s,so,an)</SecurityAccessControl>
    </AFAnalysisTemplate>
    <AFAnalysisTemplate>
      <Name>Remaining Volume</Name>
      <Description />
      <OutputTime />
      <GroupID>0</GroupID>
      <CaseTemplate />
      <Target>SW: VEGA_Chemicals_Methanol_Ullage_Calc</Target>
      <CreateEnabled>true</CreateEnabled>
      <AFAnalysisCategoryRef>VEGA:GA</AFAnalysisCategoryRef>
      <AFAnalysisRule>
        <AFPlugIn>PerformanceEquation</AFPlugIn>
        <ConfigString>Variable1 := if BadVal('Current Storage Percentage T-7401') then exit() else 'Current Storage Percentage T-7401' * 'Storage Capacity Volume T-7401');&#xD;
Variable2 := if BadVal('Current Storage Percentage T-7402') then Exit() else 'Current Storage Percentage T-7402' * 'Storage Capacity Volume T-7402';</ConfigString>
        <VariableMapping>Variable1||Remaining Volume T-7401;Variable2||Remaining Volume T-7402;</VariableMapping>
      </AFAnalysisRule>
      <AFTimeRule>
        <AFPlugIn>Periodic</AFPlugIn>
        <ConfigString>Frequency=600;Offset=147</ConfigString>
      </AFTimeRule>
      <SecurityAccessControl>Administrators:A(r,w,rd,wd,d,x,a,s,so,an)|Asset Analytics:A(r,w,rd,wd,x,an)|RTQP Engine:A(r,rd)|Asset Analytics Recalculation:A(x)|Notifications:A(r,w,rd,wd,an)|PIAF_ReadBasic_EUACCPICOLLAF:A(r,rd,s,an)|PIAF_Read_AST_SUKEP:A(r,rd,s,an)|PIAF_ReadWrite_AST_SUKEP:A(r,w,rd,wd,d,x,s,so,an)</SecurityAccessControl>
    </AFAnalysisTemplate>
    <AFAnalysisTemplate>
      <Name>Rolling Average</Name>
      <Description />
      <OutputTime />
      <GroupID>0</GroupID>
      <CaseTemplate />
      <Target>SW: VEGA_Chemicals_Methanol_Ullage_Calc</Target>
      <CreateEnabled>true</CreateEnabled>
      <AFAnalysisCategoryRef>VEGA:GA</AFAnalysisCategoryRef>
      <AFAnalysisRule>
        <AFPlugIn>PerformanceEquation</AFPlugIn>
        <ConfigString>Variable1 := if BadVal('Remaining Volume T-7401') then Exit() else TagAvg('Remaining Volume T-7401', '*' - ('Rolling Average Period'*60) ,'*');&#xD;
Variable2 := if BadVal('Remaining Volume T-7402') then Exit() else TagAvg('Remaining Volume T-7402', '*' - ('Rolling Average Period'*60) ,'*');</ConfigString>
        <VariableMapping>Variable1||Remaining Volume T-7401 Filtered;Variable2||Remaining Volume T-7402 Filtered;</VariableMapping>
      </AFAnalysisRule>
      <AFTimeRule>
        <AFPlugIn>Periodic</AFPlugIn>
        <ConfigString>Frequency=600;Offset=183</ConfigString>
      </AFTimeRule>
      <SecurityAccessControl>Administrators:A(r,w,rd,wd,d,x,a,s,so,an)|Asset Analytics:A(r,w,rd,wd,x,an)|RTQP Engine:A(r,rd)|Asset Analytics Recalculation:A(x)|Notifications:A(r,w,rd,wd,an)|PIAF_ReadBasic_EUACCPICOLLAF:A(r,rd,s,an)|PIAF_Read_AST_SUKEP:A(r,rd,s,an)|PIAF_ReadWrite_AST_SUKEP:A(r,w,rd,wd,d,x,s,so,an)</SecurityAccessControl>
    </AFAnalysisTemplate>
    <AFAnalysisTemplate>
      <Name>Volume Used Today</Name>
      <Description />
      <OutputTime />
      <GroupID>0</GroupID>
      <CaseTemplate />
      <Target>SW: VEGA_Chemicals_Methanol_Ullage_Calc</Target>
      <CreateEnabled>true</CreateEnabled>
      <AFAnalysisCategoryRef>GA: VEGA_Events</AFAnalysisCategoryRef>
      <AFAnalysisRule>
        <AFPlugIn>PerformanceEquation</AFPlugIn>
        <ConfigString>Variable1 := if BadVal('Remaining Volume T-7401 Filtered') then &#xD;
	NoOutput() &#xD;
else if Hour('*') = 0 then &#xD;
	Tagval('Remaining Volume T-7401 Filtered', 'y+1h') - Tagval('Remaining Volume T-7401 Filtered','*')&#xD;
else &#xD;
	TagVal('Remaining Volume T-7401 Filtered', 't+1h') - TagVal('Remaining Volume T-7401 Filtered', '*');&#xD;
Variable2 := if BadVal('Remaining Volume T-7402 Filtered') then &#xD;
	NoOutput() &#xD;
else if Hour('*') = 0 then &#xD;
	Tagval('Remaining Volume T-7402 Filtered', 'y+1h') - Tagval('Remaining Volume T-7402 Filtered','*')&#xD;
else &#xD;
	TagVal('Remaining Volume T-7402 Filtered', 't+1h') - TagVal('Remaining Volume T-7402 Filtered', '*');</ConfigString>
        <VariableMapping>Variable1||Volume Used Today T-7401;Variable2||Volume Used Today T-7402;</VariableMapping>
      </AFAnalysisRule>
      <AFTimeRule>
        <AFPlugIn>Periodic</AFPlugIn>
        <ConfigString>Frequency=600;Offset=363</ConfigString>
      </AFTimeRule>
      <SecurityAccessControl>Administrators:A(r,w,rd,wd,d,x,a,s,so,an)|Asset Analytics:A(r,w,rd,wd,x,an)|RTQP Engine:A(r,rd)|Asset Analytics Recalculation:A(x)|Notifications:A(r,w,rd,wd,an)|PIAF_ReadBasic_EUACCPICOLLAF:A(r,rd,s,an)|PIAF_Read_AST_SUKEP:A(r,rd,s,an)|PIAF_ReadWrite_AST_SUKEP:A(r,w,rd,wd,d,x,s,so,an)</SecurityAccessControl>
    </AFAnalysisTemplate>
    <AFAnalysisTemplate>
      <Name>Volume Used Yesterday</Name>
      <Description />
      <OutputTime />
      <GroupID>0</GroupID>
      <CaseTemplate />
      <Target>SW: VEGA_Chemicals_Methanol_Ullage_Calc</Target>
      <CreateEnabled>true</CreateEnabled>
      <AFAnalysisCategoryRef>VEGA:GA</AFAnalysisCategoryRef>
      <AFAnalysisRule>
        <AFPlugIn>PerformanceEquation</AFPlugIn>
        <ConfigString>Variable1 := if BadVal('Remaining Volume T-7401 Filtered') then &#xD;
	NoOutput() &#xD;
else &#xD;
	Tagval('Remaining Volume T-7401 Filtered', 'y+1h') - Tagval('Remaining Volume T-7401 Filtered','t+1h');&#xD;
Variable2 := if BadVal('Remaining Volume T-7402 Filtered') then &#xD;
	NoOutput() &#xD;
else &#xD;
	Tagval('Remaining Volume T-7402 Filtered', 'y+1h') - Tagval('Remaining Volume T-7402 Filtered','t+1h');</ConfigString>
        <VariableMapping>Variable1||Volume Used Yesterday T-7401;Variable2||Volume Used Yesterday T-7402;</VariableMapping>
      </AFAnalysisRule>
      <AFTimeRule>
        <AFPlugIn>Periodic</AFPlugIn>
        <ConfigString>Frequency=600;Offset=377</ConfigString>
      </AFTimeRule>
      <SecurityAccessControl>Administrators:A(r,w,rd,wd,d,x,a,s,so,an)|Asset Analytics:A(r,w,rd,wd,x,an)|RTQP Engine:A(r,rd)|Asset Analytics Recalculation:A(x)|Notifications:A(r,w,rd,wd,an)|PIAF_ReadBasic_EUACCPICOLLAF:A(r,rd,s,an)|PIAF_Read_AST_SUKEP:A(r,rd,s,an)|PIAF_ReadWrite_AST_SUKEP:A(r,w,rd,wd,d,x,s,so,an)</SecurityAccessControl>
    </AFAnalysisTemplate>
    <SecurityAccessControl>Administrators:A(r,w,rd,wd,d,x,a,s,so,an)|Asset Analytics:A(r,w,rd,wd,x,an)|RTQP Engine:A(r,rd)|Asset Analytics Recalculation:A(x)|Notifications:A(r,w,rd,wd,an)|PIAF_ReadBasic_EUACCPICOLLAF:A(r,rd,s,an)|PIAF_Read_AST_SUKEP:A(r,rd,s,an)|PIAF_ReadWrite_AST_SUKEP:A(r,w,rd,wd,d,x,s,so,an)</SecurityAccessControl>
  </AFElementTemplate>
</AF>