﻿<?xml version="1.0" encoding="utf-8"?>
<AF xmlns:xsi="http://www.w3.org/2001/XMLSchema-instance" xsi:noNamespaceSchemaLocation="OSIsoft.AF.xsd" SchemaVersion="2.0" SoftwareVersion="2.10.9.593" ExportMode="AllReferences, NoUniqueID, DefaultValues, Security, SimplifiedConfigStrings" PISystem="ACCPICOLL_AF" Database="Functional Calculations AST SUKEP" Description="ONLY for AST Project, Contact: Ishan Khare, Animesh Parikshya Or Rishabh Sharma || End Date: Dec 2022" Created="2022-11-21T06:53:35.8920058Z" id="e731e5f3-b509-4d7b-b6ec-5a067ce55352" ParentKey="cd75538e-e5d2-445c-aee0-494ed8233e64" ExportedObject="SW: VEGA_Field_Oil Export" ExportedType="AFElementTemplate" Identity="ElementTemplate" PIPersist="231 {9895150E-085D-4fcb-A16D-5EF5D2527196} 2\{16f50517-ae34-45bb-943a-c4a466a280a1}\ElementTemplates[{e731e5f3-b509-4d7b-b6ec-5a067ce55352}]*ACCPICOLL_AF\Functional Calculations AST SUKEP\ElementTemplates[SW: VEGA_Field_Oil Export]">
  <AFSecurityIdentity>
    <Name>Administrators</Name>
    <Description>Administrator security access</Description>
    <IsEnabled>true</IsEnabled>
  </AFSecurityIdentity>
  <AFSecurityIdentity>
    <Name>Asset Analytics</Name>
    <Description>PI Analysis Service security access</Description>
    <IsEnabled>true</IsEnabled>
  </AFSecurityIdentity>
  <AFSecurityIdentity>
    <Name>RTQP Engine</Name>
    <Description>RTQP Engine security access</Description>
    <IsEnabled>true</IsEnabled>
  </AFSecurityIdentity>
  <AFSecurityIdentity>
    <Name>Asset Analytics Recalculation</Name>
    <Description>PI Analysis Service recalculation/backfilling security access</Description>
    <IsEnabled>true</IsEnabled>
  </AFSecurityIdentity>
  <AFSecurityIdentity>
    <Name>Notifications</Name>
    <Description>PI Notifications Service security access</Description>
    <IsEnabled>true</IsEnabled>
  </AFSecurityIdentity>
  <AFSecurityIdentity>
    <Name>PIAF_ReadBasic_EUACCPICOLLAF</Name>
    <Description>This identity will provide global read access to EUACCPICOLLAF</Description>
    <IsEnabled>true</IsEnabled>
  </AFSecurityIdentity>
  <AFSecurityIdentity>
    <Name>PIAF_Read_AST_SUKEP</Name>
    <Description>This identity will provide read</Description>
    <IsEnabled>true</IsEnabled>
  </AFSecurityIdentity>
  <AFSecurityIdentity>
    <Name>PIAF_ReadWrite_AST_SUKEP</Name>
    <Description>This identity will provide read and write access</Description>
    <IsEnabled>true</IsEnabled>
  </AFSecurityIdentity>
  <AFElementCategory>
    <Name>Local Calculation</Name>
    <Description />
    <SecurityAccessControl>Administrators:A(r,w,rd,wd,d,x,a,s,so,an)|Asset Analytics:A(r,w,rd,wd,x,an)|RTQP Engine:A(r,rd)|Asset Analytics Recalculation:A(x)|Notifications:A(r,w,rd,wd,an)|PIAF_ReadBasic_EUACCPICOLLAF:A(r,rd,s,an)|PIAF_Read_AST_SUKEP:A(r,rd,s,an)|PIAF_ReadWrite_AST_SUKEP:A(r,w,rd,wd,d,x,s,so,an)</SecurityAccessControl>
  </AFElementCategory>
  <AFAnalysisCategory>
    <Name>VEGA:SW</Name>
    <Description>All calculation related to VEGA Shearwater</Description>
    <SecurityAccessControl>Administrators:A(r,w,rd,wd,d,x,a,s,so,an)|Asset Analytics:A(r,w,rd,wd,x,an)|RTQP Engine:A(r,rd)|Asset Analytics Recalculation:A(x)|Notifications:A(r,w,rd,wd,an)|PIAF_ReadBasic_EUACCPICOLLAF:A(r,rd,s,an)|PIAF_Read_AST_SUKEP:A(r,rd,s,an)|PIAF_ReadWrite_AST_SUKEP:A(r,w,rd,wd,d,x,s,so,an)</SecurityAccessControl>
  </AFAnalysisCategory>
  <AFElementTemplate>
    <Name>Local Calculation Templates</Name>
    <Description>This is the base template from which all Local calculations should derive, if they do not derive from this template, they will be deleted by the sync.</Description>
    <BaseTemplateOnly>false</BaseTemplateOnly>
    <BaseTemplate />
    <Type>None</Type>
    <InstanceType>Element</InstanceType>
    <AllowElementToExtend>false</AllowElementToExtend>
    <DefaultAttribute />
    <NamingPattern />
    <DefaultInputPort />
    <DefaultOutputPort />
    <DefaultUndirectedPort />
    <AFElementCategoryRef>Local Calculation</AFElementCategoryRef>
    <AFAttributeTemplate>
      <Name>Calculation Owner</Name>
      <Description>See [https://eu001-sp.shell.com/sites/AAAAB2614/TDM/Lists/DVO%20Contact%20List/AllItems.aspx] this should be specified before calculation is promoted to production.</Description>
      <IsHidden>false</IsHidden>
      <IsManualDataEntry>false</IsManualDataEntry>
      <IsConfigurationItem>false</IsConfigurationItem>
      <IsExcluded>false</IsExcluded>
      <IsIndexed>false</IsIndexed>
      <Trait />
      <DefaultUOM />
      <DisplayDigits>-5</DisplayDigits>
      <Type>String</Type>
      <TypeQualifier />
      <Value type="String">Carl Gerrard</Value>
      <DataReference />
      <AFAttributeCategoryRef>Shell Required Parameters</AFAttributeCategoryRef>
    </AFAttributeTemplate>
    <AFAttributeTemplate>
      <Name>Data Value Owner</Name>
      <Description>Defines the calculation result owner</Description>
      <IsHidden>false</IsHidden>
      <IsManualDataEntry>false</IsManualDataEntry>
      <IsConfigurationItem>false</IsConfigurationItem>
      <IsExcluded>false</IsExcluded>
      <IsIndexed>false</IsIndexed>
      <Trait />
      <DefaultUOM />
      <DisplayDigits>-5</DisplayDigits>
      <Type>String</Type>
      <TypeQualifier />
      <Value type="String">Carl Gerrard</Value>
      <DataReference />
      <AFAttributeCategoryRef>General</AFAttributeCategoryRef>
    </AFAttributeTemplate>
    <AFAttributeTemplate>
      <Name>Parent GUID</Name>
      <Description>EDAM GUID of Parent of this calculation, used when sending events to Event Collector.</Description>
      <IsHidden>false</IsHidden>
      <IsManualDataEntry>false</IsManualDataEntry>
      <IsConfigurationItem>false</IsConfigurationItem>
      <IsExcluded>false</IsExcluded>
      <IsIndexed>false</IsIndexed>
      <Trait />
      <DefaultUOM />
      <DisplayDigits>-5</DisplayDigits>
      <Type>String</Type>
      <TypeQualifier />
      <Value type="String"></Value>
      <DataReference>String Builder</DataReference>
      <ConfigString>'..\|GlobalUniqueID';</ConfigString>
      <AFAttributeCategoryRef>Shell Required Parameters</AFAttributeCategoryRef>
    </AFAttributeTemplate>
    <AFAttributeTemplate>
      <Name>Parent Name</Name>
      <Description>Name of parent element to this caculation.</Description>
      <IsHidden>false</IsHidden>
      <IsManualDataEntry>false</IsManualDataEntry>
      <IsConfigurationItem>false</IsConfigurationItem>
      <IsExcluded>false</IsExcluded>
      <IsIndexed>false</IsIndexed>
      <Trait />
      <DefaultUOM />
      <DisplayDigits>-5</DisplayDigits>
      <Type>String</Type>
      <TypeQualifier />
      <Value type="String"></Value>
      <DataReference>String Builder</DataReference>
      <ConfigString>"%..\Element%";</ConfigString>
      <AFAttributeCategoryRef>Shell Required Parameters</AFAttributeCategoryRef>
    </AFAttributeTemplate>
    <AFAttributeTemplate>
      <Name>Template Status</Name>
      <Description>Defines the status of the template</Description>
      <IsHidden>false</IsHidden>
      <IsManualDataEntry>false</IsManualDataEntry>
      <IsConfigurationItem>false</IsConfigurationItem>
      <IsExcluded>false</IsExcluded>
      <IsIndexed>false</IsIndexed>
      <Trait />
      <DefaultUOM />
      <DisplayDigits>-5</DisplayDigits>
      <Type>String</Type>
      <TypeQualifier />
      <Value type="String">In Acceptance</Value>
      <DataReference />
      <AFAttributeCategoryRef>General</AFAttributeCategoryRef>
    </AFAttributeTemplate>
    <SecurityAccessControl>Administrators:A(r,w,rd,wd,d,x,a,s,so,an)|Asset Analytics:A(r,w,rd,wd,x,an)|RTQP Engine:A(r,rd)|Asset Analytics Recalculation:A(x)|Notifications:A(r,w,rd,wd,an)|PIAF_ReadBasic_EUACCPICOLLAF:A(r,rd,s,an)|PIAF_Read_AST_SUKEP:A(r,rd,s,an)|PIAF_ReadWrite_AST_SUKEP:A(r,w,rd,wd,d,x,s,so,an)</SecurityAccessControl>
  </AFElementTemplate>
  <AFElementTemplate>
    <Name>SUKEP</Name>
    <Description>Parant Tempate of SUKEP's Template</Description>
    <BaseTemplateOnly>false</BaseTemplateOnly>
    <BaseTemplate>Local Calculation Templates</BaseTemplate>
    <Type>None</Type>
    <InstanceType>Element</InstanceType>
    <AllowElementToExtend>false</AllowElementToExtend>
    <DefaultAttribute />
    <NamingPattern />
    <DefaultInputPort />
    <DefaultOutputPort />
    <DefaultUndirectedPort />
    <SecurityAccessControl>Administrators:A(r,w,rd,wd,d,x,a,s,so,an)|Asset Analytics:A(r,w,rd,wd,x,an)|RTQP Engine:A(r,rd)|Asset Analytics Recalculation:A(x)|Notifications:A(r,w,rd,wd,an)|PIAF_ReadBasic_EUACCPICOLLAF:A(r,rd,s,an)|PIAF_Read_AST_SUKEP:A(r,rd,s,an)|PIAF_ReadWrite_AST_SUKEP:A(r,w,rd,wd,d,x,s,so,an)</SecurityAccessControl>
  </AFElementTemplate>
  <AFElementTemplate>
    <Name>VEGA</Name>
    <Description />
    <BaseTemplateOnly>false</BaseTemplateOnly>
    <BaseTemplate>SUKEP</BaseTemplate>
    <Type>None</Type>
    <InstanceType>Element</InstanceType>
    <AllowElementToExtend>false</AllowElementToExtend>
    <DefaultAttribute />
    <NamingPattern />
    <DefaultInputPort />
    <DefaultOutputPort />
    <DefaultUndirectedPort />
    <AFAttributeTemplate>
      <Name>IsPIDQUsed</Name>
      <Description />
      <IsHidden>false</IsHidden>
      <IsManualDataEntry>false</IsManualDataEntry>
      <IsConfigurationItem>false</IsConfigurationItem>
      <IsExcluded>false</IsExcluded>
      <IsIndexed>false</IsIndexed>
      <Trait />
      <DefaultUOM />
      <DisplayDigits>-5</DisplayDigits>
      <Type>Boolean</Type>
      <TypeQualifier />
      <Value type="Boolean">True</Value>
      <DataReference />
      <AFAttributeCategoryRef>Required attributes</AFAttributeCategoryRef>
    </AFAttributeTemplate>
    <AFAttributeTemplate>
      <Name>PI DQ Tag</Name>
      <Description />
      <IsHidden>false</IsHidden>
      <IsManualDataEntry>false</IsManualDataEntry>
      <IsConfigurationItem>false</IsConfigurationItem>
      <IsExcluded>false</IsExcluded>
      <IsIndexed>false</IsIndexed>
      <Trait />
      <DefaultUOM />
      <DisplayDigits>-5</DisplayDigits>
      <Type>Double</Type>
      <TypeQualifier />
      <Value type="Double">1</Value>
      <DataReference />
      <AFAttributeCategoryRef>Input Tags</AFAttributeCategoryRef>
    </AFAttributeTemplate>
    <SecurityAccessControl>Administrators:A(r,w,rd,wd,d,x,a,s,so,an)|Asset Analytics:A(r,w,rd,wd,x,an)|RTQP Engine:A(r,rd)|Asset Analytics Recalculation:A(x)|Notifications:A(r,w,rd,wd,an)|PIAF_ReadBasic_EUACCPICOLLAF:A(r,rd,s,an)|PIAF_Read_AST_SUKEP:A(r,rd,s,an)|PIAF_ReadWrite_AST_SUKEP:A(r,w,rd,wd,d,x,s,so,an)</SecurityAccessControl>
  </AFElementTemplate>
  <AFElementTemplate>
    <Name>SW: VEGA</Name>
    <Description />
    <BaseTemplateOnly>false</BaseTemplateOnly>
    <BaseTemplate>VEGA</BaseTemplate>
    <Type>None</Type>
    <InstanceType>Element</InstanceType>
    <AllowElementToExtend>false</AllowElementToExtend>
    <DefaultAttribute />
    <NamingPattern />
    <DefaultInputPort />
    <DefaultOutputPort />
    <DefaultUndirectedPort />
    <AFElementCategoryRef>Local Calculation</AFElementCategoryRef>
    <SecurityAccessControl>Administrators:A(r,w,rd,wd,d,x,a,s,so,an)|Asset Analytics:A(r,w,rd,wd,x,an)|RTQP Engine:A(r,rd)|Asset Analytics Recalculation:A(x)|Notifications:A(r,w,rd,wd,an)|PIAF_ReadBasic_EUACCPICOLLAF:A(r,rd,s,an)|PIAF_Read_AST_SUKEP:A(r,rd,s,an)|PIAF_ReadWrite_AST_SUKEP:A(r,w,rd,wd,d,x,s,so,an)</SecurityAccessControl>
  </AFElementTemplate>
  <AFElementTemplate>
    <Name>SW: VEGA_Fields</Name>
    <Description />
    <BaseTemplateOnly>false</BaseTemplateOnly>
    <BaseTemplate>SW: VEGA</BaseTemplate>
    <Type>None</Type>
    <InstanceType>Element</InstanceType>
    <AllowElementToExtend>false</AllowElementToExtend>
    <DefaultAttribute />
    <NamingPattern />
    <DefaultInputPort />
    <DefaultOutputPort />
    <DefaultUndirectedPort />
    <AFElementCategoryRef>Local Calculation</AFElementCategoryRef>
    <SecurityAccessControl>Administrators:A(r,w,rd,wd,d,x,a,s,so,an)|Asset Analytics:A(r,w,rd,wd,x,an)|RTQP Engine:A(r,rd)|Asset Analytics Recalculation:A(x)|Notifications:A(r,w,rd,wd,an)|PIAF_ReadBasic_EUACCPICOLLAF:A(r,rd,s,an)|PIAF_Read_AST_SUKEP:A(r,rd,s,an)|PIAF_ReadWrite_AST_SUKEP:A(r,w,rd,wd,d,x,s,so,an)</SecurityAccessControl>
  </AFElementTemplate>
  <AFElementTemplate>
    <Name>SW: VEGA_Field_Oil Export</Name>
    <Description>Template to calculate running totaliozer, Yesterday Totalizer, total KBOE for Condensate(OIL), Gas and Water production</Description>
    <BaseTemplateOnly>false</BaseTemplateOnly>
    <BaseTemplate>SW: VEGA_Fields</BaseTemplate>
    <Type>None</Type>
    <InstanceType>Element</InstanceType>
    <AllowElementToExtend>false</AllowElementToExtend>
    <DefaultAttribute />
    <NamingPattern />
    <DefaultInputPort />
    <DefaultOutputPort />
    <DefaultUndirectedPort />
    <AFExtendedProperty>
      <Name>Override</Name>
      <Value />
    </AFExtendedProperty>
    <AFElementCategoryRef>Local Calculation</AFElementCategoryRef>
    <AFAttributeTemplate>
      <Name>Field Name</Name>
      <Description>Field Name </Description>
      <IsHidden>false</IsHidden>
      <IsManualDataEntry>false</IsManualDataEntry>
      <IsConfigurationItem>false</IsConfigurationItem>
      <IsExcluded>false</IsExcluded>
      <IsIndexed>false</IsIndexed>
      <Trait />
      <DefaultUOM />
      <DisplayDigits>-5</DisplayDigits>
      <Type>String</Type>
      <TypeQualifier />
      <Value type="String">0</Value>
      <DataReference />
      <AFAttributeCategoryRef>Required attributes</AFAttributeCategoryRef>
    </AFAttributeTemplate>
    <AFAttributeTemplate>
      <Name>Final Value Conversion Factor</Name>
      <Description>Final Value Conversion Factor</Description>
      <IsHidden>false</IsHidden>
      <IsManualDataEntry>false</IsManualDataEntry>
      <IsConfigurationItem>false</IsConfigurationItem>
      <IsExcluded>false</IsExcluded>
      <IsIndexed>false</IsIndexed>
      <Trait />
      <DefaultUOM />
      <DisplayDigits>-5</DisplayDigits>
      <Type>Double</Type>
      <TypeQualifier />
      <Value type="Double">1000</Value>
      <DataReference />
      <AFAttributeCategoryRef>Required attributes</AFAttributeCategoryRef>
    </AFAttributeTemplate>
    <AFAttributeTemplate>
      <Name>Hour of the Day</Name>
      <Description>Hour of the Day</Description>
      <IsHidden>false</IsHidden>
      <IsManualDataEntry>false</IsManualDataEntry>
      <IsConfigurationItem>false</IsConfigurationItem>
      <IsExcluded>false</IsExcluded>
      <IsIndexed>false</IsIndexed>
      <Trait />
      <DefaultUOM />
      <DisplayDigits>-5</DisplayDigits>
      <Type>Double</Type>
      <TypeQualifier />
      <Value type="Double">0</Value>
      <DataReference>PI Point</DataReference>
      <ConfigString>\\UPPICOLL\UK:GA:Hour_of_the_Day.AFCalc</ConfigString>
      <AFAttributeCategoryRef>Input Tags</AFAttributeCategoryRef>
    </AFAttributeTemplate>
    <AFAttributeTemplate>
      <Name>Oil Export - Average</Name>
      <Description>Oil Average for last seconds provided in attribute "Rolling Avg -Export" from now</Description>
      <IsHidden>false</IsHidden>
      <IsManualDataEntry>false</IsManualDataEntry>
      <IsConfigurationItem>false</IsConfigurationItem>
      <IsExcluded>false</IsExcluded>
      <IsIndexed>false</IsIndexed>
      <Trait />
      <DefaultUOM />
      <DisplayDigits>-5</DisplayDigits>
      <Type>Double</Type>
      <TypeQualifier />
      <Value type="Double">0</Value>
      <DataReference>PI Point</DataReference>
      <ConfigString>\\%Server%\%Element%.%Attribute</ConfigString>
      <AFAttributeCategoryRef>Output Tags</AFAttributeCategoryRef>
    </AFAttributeTemplate>
    <AFAttributeTemplate>
      <Name>Oil Export - DT (Yesterday)</Name>
      <Description>Oil Totalizer (Yesterday 00:00 to 23:59)</Description>
      <IsHidden>false</IsHidden>
      <IsManualDataEntry>false</IsManualDataEntry>
      <IsConfigurationItem>false</IsConfigurationItem>
      <IsExcluded>false</IsExcluded>
      <IsIndexed>false</IsIndexed>
      <Trait />
      <DefaultUOM />
      <DisplayDigits>-5</DisplayDigits>
      <Type>Double</Type>
      <TypeQualifier />
      <Value type="Double">0</Value>
      <DataReference>PI Point</DataReference>
      <ConfigString>\\%Server%\%Element%.%Attribute%</ConfigString>
      <AFAttributeCategoryRef>Output Tags</AFAttributeCategoryRef>
    </AFAttributeTemplate>
    <AFAttributeTemplate>
      <Name>Oil Export - DT (Yesterday) %</Name>
      <Description>% Oil Totalizer W.R.T IPSC (Yesterday 00:00 to 23:59)</Description>
      <IsHidden>false</IsHidden>
      <IsManualDataEntry>false</IsManualDataEntry>
      <IsConfigurationItem>false</IsConfigurationItem>
      <IsExcluded>false</IsExcluded>
      <IsIndexed>false</IsIndexed>
      <Trait />
      <DefaultUOM />
      <DisplayDigits>-5</DisplayDigits>
      <Type>Double</Type>
      <TypeQualifier />
      <Value type="Double">0</Value>
      <DataReference>PI Point</DataReference>
      <ConfigString>\\%Server%\%Element%.%Attribute%</ConfigString>
      <AFAttributeCategoryRef>Output Tags</AFAttributeCategoryRef>
    </AFAttributeTemplate>
    <AFAttributeTemplate>
      <Name>Oil Export - Raw Tag</Name>
      <Description>Oil Export - Raw Tag</Description>
      <IsHidden>false</IsHidden>
      <IsManualDataEntry>false</IsManualDataEntry>
      <IsConfigurationItem>false</IsConfigurationItem>
      <IsExcluded>false</IsExcluded>
      <IsIndexed>false</IsIndexed>
      <Trait />
      <DefaultUOM />
      <DisplayDigits>-5</DisplayDigits>
      <Type>Double</Type>
      <TypeQualifier />
      <Value type="Double">0</Value>
      <DataReference>PI Point</DataReference>
      <ConfigString>\\%Server%\%Element%.%Attribute</ConfigString>
      <AFAttributeCategoryRef>Input Tags</AFAttributeCategoryRef>
    </AFAttributeTemplate>
    <AFAttributeTemplate>
      <Name>Oil Export - RT</Name>
      <Description>Oil Totalizer (Running Total from 00:00 till current time)</Description>
      <IsHidden>false</IsHidden>
      <IsManualDataEntry>false</IsManualDataEntry>
      <IsConfigurationItem>false</IsConfigurationItem>
      <IsExcluded>false</IsExcluded>
      <IsIndexed>false</IsIndexed>
      <Trait />
      <DefaultUOM />
      <DisplayDigits>-5</DisplayDigits>
      <Type>Double</Type>
      <TypeQualifier />
      <Value type="Double">0</Value>
      <DataReference>PI Point</DataReference>
      <ConfigString>\\%Server%\%Element%.%Attribute</ConfigString>
      <AFAttributeCategoryRef>Output Tags</AFAttributeCategoryRef>
    </AFAttributeTemplate>
    <AFAttributeTemplate>
      <Name>Oil Export - RT %</Name>
      <Description>% Oil Totalizer W.R.T IPSC (Running total from 00:00 till current time)</Description>
      <IsHidden>false</IsHidden>
      <IsManualDataEntry>false</IsManualDataEntry>
      <IsConfigurationItem>false</IsConfigurationItem>
      <IsExcluded>false</IsExcluded>
      <IsIndexed>false</IsIndexed>
      <Trait />
      <DefaultUOM />
      <DisplayDigits>-5</DisplayDigits>
      <Type>Double</Type>
      <TypeQualifier />
      <Value type="Double">0</Value>
      <DataReference>PI Point</DataReference>
      <ConfigString>\\%Server%\%Element%.%Attribute%</ConfigString>
      <AFAttributeCategoryRef>Output Tags</AFAttributeCategoryRef>
    </AFAttributeTemplate>
    <AFAttributeTemplate>
      <Name>Oil Export - RT Status</Name>
      <Description>Oil Export Running Total Status</Description>
      <IsHidden>false</IsHidden>
      <IsManualDataEntry>false</IsManualDataEntry>
      <IsConfigurationItem>false</IsConfigurationItem>
      <IsExcluded>false</IsExcluded>
      <IsIndexed>false</IsIndexed>
      <Trait />
      <DefaultUOM />
      <DisplayDigits>-5</DisplayDigits>
      <Type>Double</Type>
      <TypeQualifier />
      <Value type="Double">0</Value>
      <DataReference>PI Point</DataReference>
      <ConfigString>\\%Server%\%Element%.%Attribute%</ConfigString>
      <AFAttributeCategoryRef>Output Tags</AFAttributeCategoryRef>
    </AFAttributeTemplate>
    <AFAttributeTemplate>
      <Name>Oil Export- Projected EOD Vol</Name>
      <Description>Oil Export Projected End of Day Volume</Description>
      <IsHidden>false</IsHidden>
      <IsManualDataEntry>false</IsManualDataEntry>
      <IsConfigurationItem>false</IsConfigurationItem>
      <IsExcluded>false</IsExcluded>
      <IsIndexed>false</IsIndexed>
      <Trait />
      <DefaultUOM />
      <DisplayDigits>-5</DisplayDigits>
      <Type>Double</Type>
      <TypeQualifier />
      <Value type="Double">0</Value>
      <DataReference>PI Point</DataReference>
      <ConfigString>\\%Server%\%Element%.%Attribute%</ConfigString>
      <AFAttributeCategoryRef>Output Tags</AFAttributeCategoryRef>
    </AFAttributeTemplate>
    <AFAttributeTemplate>
      <Name>Oil IPSC</Name>
      <Description>Oil IPSC</Description>
      <IsHidden>false</IsHidden>
      <IsManualDataEntry>false</IsManualDataEntry>
      <IsConfigurationItem>false</IsConfigurationItem>
      <IsExcluded>false</IsExcluded>
      <IsIndexed>false</IsIndexed>
      <Trait />
      <DefaultUOM />
      <DisplayDigits>-5</DisplayDigits>
      <Type>Double</Type>
      <TypeQualifier />
      <Value type="Double">0</Value>
      <DataReference>PI Point</DataReference>
      <ConfigString>\\%Server%\%Element%.%Attribute%</ConfigString>
      <AFAttributeCategoryRef>Limits</AFAttributeCategoryRef>
    </AFAttributeTemplate>
    <AFAttributeTemplate>
      <Name>Oil Process Factor</Name>
      <Description>Oil Process Factor</Description>
      <IsHidden>false</IsHidden>
      <IsManualDataEntry>false</IsManualDataEntry>
      <IsConfigurationItem>false</IsConfigurationItem>
      <IsExcluded>false</IsExcluded>
      <IsIndexed>false</IsIndexed>
      <Trait />
      <DefaultUOM />
      <DisplayDigits>-5</DisplayDigits>
      <Type>Double</Type>
      <TypeQualifier />
      <Value type="Double">1</Value>
      <DataReference />
      <AFAttributeCategoryRef>Required attributes</AFAttributeCategoryRef>
    </AFAttributeTemplate>
    <AFAttributeTemplate>
      <Name>Rolling Avg -Export</Name>
      <Description>Seconds to calculate average of gas and oil Average</Description>
      <IsHidden>false</IsHidden>
      <IsManualDataEntry>false</IsManualDataEntry>
      <IsConfigurationItem>false</IsConfigurationItem>
      <IsExcluded>false</IsExcluded>
      <IsIndexed>false</IsIndexed>
      <Trait />
      <DefaultUOM />
      <DisplayDigits>-5</DisplayDigits>
      <Type>Double</Type>
      <TypeQualifier />
      <Value type="Double">3600</Value>
      <DataReference />
      <AFAttributeCategoryRef>Required attributes</AFAttributeCategoryRef>
    </AFAttributeTemplate>
    <AFAttributeTemplate>
      <Name>Unit Conversion Factor</Name>
      <Description>Unit Conversion Factor</Description>
      <IsHidden>false</IsHidden>
      <IsManualDataEntry>false</IsManualDataEntry>
      <IsConfigurationItem>false</IsConfigurationItem>
      <IsExcluded>false</IsExcluded>
      <IsIndexed>false</IsIndexed>
      <Trait />
      <DefaultUOM />
      <DisplayDigits>-5</DisplayDigits>
      <Type>Double</Type>
      <TypeQualifier />
      <Value type="Double">1</Value>
      <DataReference />
      <AFAttributeCategoryRef>Required attributes</AFAttributeCategoryRef>
    </AFAttributeTemplate>
    <AFAnalysisTemplate>
      <Name>Oil Export</Name>
      <Description />
      <OutputTime />
      <GroupID>0</GroupID>
      <CaseTemplate />
      <Target>SW: VEGA_Field_Oil Export</Target>
      <CreateEnabled>true</CreateEnabled>
      <AFAnalysisCategoryRef>VEGA:SW</AFAnalysisCategoryRef>
      <AFAnalysisRule>
        <AFPlugIn>PerformanceEquation</AFPlugIn>
        <ConfigString>CurrentHourPer := //Current day's completed hour percentage&#xD;
('Hour of the Day'/24) * 100;&#xD;
OilExportRT := if BadVal('Oil Export - Raw Tag') then &#xD;
	Exit()&#xD;
else if Hour('*') = 0 then &#xD;
	(TagTot('Oil Export - Raw Tag' , 'y+1h', '*') * 'Oil Process Factor' * 'Unit Conversion Factor') /'Final Value Conversion Factor'&#xD;
else &#xD;
	(TagTot('Oil Export - Raw Tag' , 't+1h', '*')  * 'Oil Process Factor' * 'Unit Conversion Factor') /'Final Value Conversion Factor';&#xD;
OilExportRTPer := if BadVal(OilExportRT) or BadVal('Oil IPSC') then &#xD;
	Exit()&#xD;
else &#xD;
	(OilExportRT/'Oil IPSC') * 100;&#xD;
Calc := if BadVal(OilExportRTPer) or BadVal(CurrentHourPer) then &#xD;
	Exit()&#xD;
else if OilExportRTPer &gt; CurrentHourPer then &#xD;
	3 &#xD;
else &#xD;
	1;&#xD;
CheckBadDQ := If BadVal('PI DQ Tag') then True else False;&#xD;
Status := If 'IsPIDQUsed'then &#xD;
	If (CheckBadDQ or Not 'PI DQ Tag') then&#xD;
		   4&#xD;
	else Calc&#xD;
else Calc;</ConfigString>
        <VariableMapping>OilExportRT||Oil Export - RT;OilExportRTPer||Oil Export - RT %;Status||Oil Export - RT Status;</VariableMapping>
      </AFAnalysisRule>
      <AFTimeRule>
        <AFPlugIn>Periodic</AFPlugIn>
        <ConfigString>Frequency=600;Offset=443</ConfigString>
      </AFTimeRule>
      <SecurityAccessControl>Administrators:A(r,w,rd,wd,d,x,a,s,so,an)|Asset Analytics:A(r,w,rd,wd,x,an)|RTQP Engine:A(r,rd)|Asset Analytics Recalculation:A(x)|Notifications:A(r,w,rd,wd,an)|PIAF_ReadBasic_EUACCPICOLLAF:A(r,rd,s,an)|PIAF_Read_AST_SUKEP:A(r,rd,s,an)|PIAF_ReadWrite_AST_SUKEP:A(r,w,rd,wd,d,x,s,so,an)</SecurityAccessControl>
    </AFAnalysisTemplate>
    <AFAnalysisTemplate>
      <Name>Oil Export - DT (Yesterday)</Name>
      <Description>Oil Export Daily total for Yesterday</Description>
      <OutputTime />
      <GroupID>0</GroupID>
      <CaseTemplate />
      <Target>SW: VEGA_Field_Oil Export</Target>
      <CreateEnabled>true</CreateEnabled>
      <AFAnalysisCategoryRef>VEGA:SW</AFAnalysisCategoryRef>
      <AFAnalysisRule>
        <AFPlugIn>PerformanceEquation</AFPlugIn>
        <ConfigString>OilExportDTYest := if BadVal('Oil Export - RT') then &#xD;
	Exit()&#xD;
else &#xD;
	TagMax('Oil Export - RT', 't-1h', 't+1h');&#xD;
OilExportDTYestPer := if BadVal(OilExportDTYest) or BadVal('Oil IPSC') then &#xD;
	Exit()&#xD;
else &#xD;
	(OilExportDTYest/'Oil IPSC') * 100;</ConfigString>
        <VariableMapping>OilExportDTYest||Oil Export - DT (Yesterday);OilExportDTYestPer||Oil Export - DT (Yesterday) %;</VariableMapping>
      </AFAnalysisRule>
      <AFTimeRule>
        <AFPlugIn>Periodic</AFPlugIn>
        <ConfigString>Offset=4020;Day=Sun, Mon, Tue, Wed, Thu, Fri, Sat</ConfigString>
      </AFTimeRule>
      <SecurityAccessControl>Administrators:A(r,w,rd,wd,d,x,a,s,so,an)|Asset Analytics:A(r,w,rd,wd,x,an)|RTQP Engine:A(r,rd)|Asset Analytics Recalculation:A(x)|Notifications:A(r,w,rd,wd,an)|PIAF_ReadBasic_EUACCPICOLLAF:A(r,rd,s,an)|PIAF_Read_AST_SUKEP:A(r,rd,s,an)|PIAF_ReadWrite_AST_SUKEP:A(r,w,rd,wd,d,x,s,so,an)</SecurityAccessControl>
    </AFAnalysisTemplate>
    <AFAnalysisTemplate>
      <Name>Projected EOD Vol Oil</Name>
      <Description />
      <OutputTime />
      <GroupID>0</GroupID>
      <CaseTemplate />
      <Target>SW: VEGA_Field_Oil Export</Target>
      <CreateEnabled>true</CreateEnabled>
      <AFAnalysisCategoryRef>VEGA:SW</AFAnalysisCategoryRef>
      <AFAnalysisRule>
        <AFPlugIn>PerformanceEquation</AFPlugIn>
        <ConfigString>RemDay := if Hour('*') = 0 then &#xD;
	(1/24) &#xD;
else &#xD;
	(24- Hour('*') + 1)/24;&#xD;
Average := if BadVal('Oil Export - Raw Tag') then &#xD;
	Exit()&#xD;
else &#xD;
	(TagAvg('Oil Export - Raw Tag' , '*'- 'Rolling Avg -Export' , '*')  * 'Oil Process Factor' * 'Unit Conversion Factor') /'Final Value Conversion Factor';&#xD;
ProjectedVol := if BadVal('Oil Export - RT') or BadVal(Average) or BadVal(RemDay) then &#xD;
	Exit()&#xD;
else &#xD;
	Round( 'Oil Export - RT'+ (Average * RemDay));</ConfigString>
        <VariableMapping>ProjectedVol||Oil Export- Projected EOD Vol;Average||Oil Export - Average;</VariableMapping>
      </AFAnalysisRule>
      <AFTimeRule>
        <AFPlugIn>Periodic</AFPlugIn>
        <ConfigString>Frequency=3600;Offset=77</ConfigString>
      </AFTimeRule>
      <SecurityAccessControl>Administrators:A(r,w,rd,wd,d,x,a,s,so,an)|Asset Analytics:A(r,w,rd,wd,x,an)|RTQP Engine:A(r,rd)|Asset Analytics Recalculation:A(x)|Notifications:A(r,w,rd,wd,an)|PIAF_ReadBasic_EUACCPICOLLAF:A(r,rd,s,an)|PIAF_Read_AST_SUKEP:A(r,rd,s,an)|PIAF_ReadWrite_AST_SUKEP:A(r,w,rd,wd,d,x,s,so,an)</SecurityAccessControl>
    </AFAnalysisTemplate>
    <SecurityAccessControl>Administrators:A(r,w,rd,wd,d,x,a,s,so,an)|Asset Analytics:A(r,w,rd,wd,x,an)|RTQP Engine:A(r,rd)|Asset Analytics Recalculation:A(x)|Notifications:A(r,w,rd,wd,an)|PIAF_ReadBasic_EUACCPICOLLAF:A(r,rd,s,an)|PIAF_Read_AST_SUKEP:A(r,rd,s,an)|PIAF_ReadWrite_AST_SUKEP:A(r,w,rd,wd,d,x,s,so,an)</SecurityAccessControl>
  </AFElementTemplate>
</AF>